,PLAYER_ID,PLAYER_NAME,TEAM_ID,TEAM_ABBREVIATION,GP,W,L,MIN,STL,BLK,DREB,DEF_RIM_FGM,DEF_RIM_FGA,DEF_RIM_FG_PCT
0,201166,Aaron Brooks,1610612741,CHI,69,36,33,1108.0,30,10,80,36,52,0.692
1,203932,Aaron Gordon,1610612753,ORL,77,32,45,1857.0,59,55,352,114,194,0.588
2,1626151,Aaron Harrison,1610612766,CHA,21,15,6,93.0,6,0,11,2,5,0.4
3,203940,Adreian Payne,1610612750,MIN,52,18,34,486.0,16,11,91,45,66,0.682
4,201143,Al Horford,1610612737,ATL,82,48,34,2631.0,68,121,448,242,438,0.553
5,2744,Al Jefferson,1610612766,CHA,47,33,14,1096.0,30,41,244,80,122,0.656
6,202329,Al-Farouq Aminu,1610612757,POR,82,44,38,2341.0,72,53,401,122,205,0.595
7,101187,Alan Anderson,1610612764,WAS,13,8,5,192.0,4,1,26,11,14,0.786
8,1626210,Alan Williams,1610612756,PHX,10,3,7,68.0,4,5,24,7,19,0.368
9,202692,Alec Burks,1610612762,UTA,31,13,18,797.0,18,4,93,39,56,0.696
10,203458,Alex Len,1610612756,PHX,78,23,55,1821.0,38,62,416,183,320,0.572
11,1627293,Alex Stepheson,1610612763,MEM,8,2,6,72.0,1,5,9,5,15,0.333
12,201582,Alexis Ajinca,1610612740,NOP,59,20,39,861.0,19,36,194,87,150,0.58
13,203459,Allen Crabbe,1610612757,POR,81,43,38,2105.0,63,16,189,60,101,0.594
14,202087,Alonzo Gee,1610612740,NOP,73,27,46,1632.0,63,13,185,75,113,0.664
15,2405,Amar'e Stoudemire,1610612748,MIA,52,30,22,762.0,18,41,157,72,133,0.541
16,101161,Amir Johnson,1610612738,BOS,78,44,34,1777.0,51,81,321,169,310,0.545
17,2760,Anderson Varejao,1610612744,GSW,53,41,12,496.0,16,10,104,61,92,0.663
18,203083,Andre Drummond,1610612765,DET,81,43,38,2666.0,119,112,803,283,482,0.587
19,2738,Andre Iguodala,1610612744,GSW,65,59,6,1732.0,73,19,211,75,107,0.701
20,1889,Andre Miller,1610612759,SAS,39,20,19,461.0,16,0,39,16,20,0.8
21,203460,Andre Roberson,1610612760,OKC,70,48,22,1553.0,53,42,172,89,136,0.654
22,200745,Andrea Bargnani,1610612751,BKN,46,11,35,634.0,4,9,69,63,85,0.741
23,101106,Andrew Bogut,1610612744,GSW,70,62,8,1451.0,33,114,371,152,299,0.508
24,202726,Andrew Goudelock,1610612745,HOU,8,5,3,50.0,6,2,1,3,3,1.0
25,203094,Andrew Nicholson,1610612753,ORL,55,22,33,820.0,10,22,167,74,118,0.627
26,203952,Andrew Wiggins,1610612750,MIN,81,29,52,2845.0,78,46,186,163,234,0.697
27,203461,Anthony Bennett,1610612761,TOR,19,12,7,84.0,5,0,17,6,6,1.0
28,1626148,Anthony Brown,1610612747,LAL,29,4,25,599.0,14,5,61,38,50,0.76
29,203076,Anthony Davis,1610612740,NOP,61,24,37,2164.0,78,125,497,167,279,0.599
30,201627,Anthony Morrow,1610612760,OKC,68,46,22,926.0,22,5,52,42,56,0.75
31,201229,Anthony Tolliver,1610612765,DET,72,36,36,1341.0,26,16,190,80,133,0.602
32,203462,Archie Goodwin,1610612756,PHX,57,14,43,1114.0,27,13,115,66,91,0.725
33,203382,Aron Baynes,1610612765,DET,81,43,38,1233.0,21,52,244,150,262,0.573
34,201167,Arron Afflalo,1610612752,NYK,71,27,44,2371.0,25,10,243,68,96,0.708
35,203085,Austin Rivers,1610612746,LAC,67,42,25,1464.0,48,9,108,40,76,0.526
36,202340,Avery Bradley,1610612738,BOS,75,44,31,2507.0,114,19,169,77,116,0.664
37,1626253,Axel Toupane,1610612743,DEN,21,9,12,305.0,7,6,23,16,21,0.762
38,203463,Ben McLemore,1610612758,SAC,67,28,39,1418.0,52,10,111,82,120,0.683
39,2757,Beno Udrih,1610612763,MEM,44,26,18,708.0,14,1,64,22,41,0.537
40,202687,Bismack Biyombo,1610612761,TOR,81,55,26,1787.0,19,132,469,179,367,0.488
41,201933,Blake Griffin,1610612746,LAC,35,22,13,1170.0,28,17,243,86,137,0.628
42,1626246,Boban Marjanovic,1610612759,SAS,54,47,7,508.0,12,23,121,49,97,0.505
43,1626171,Bobby Portis,1610612741,CHI,62,29,33,1102.0,25,22,214,88,143,0.615
44,202711,Bojan Bogdanovic,1610612751,BKN,79,21,58,2115.0,29,5,219,137,175,0.783
45,2564,Boris Diaw,1610612759,SAS,76,64,12,1386.0,26,21,175,99,168,0.589
46,203078,Bradley Beal,1610612764,WAS,55,28,27,1708.0,54,11,147,63,86,0.733
47,201148,Brandan Wright,1610612763,MEM,12,6,6,212.0,5,15,29,17,38,0.447
48,1626183,Branden Dawson,1610612746,LAC,6,5,1,29.0,0,1,2,5,6,0.833
49,101138,Brandon Bass,1610612747,LAL,66,16,50,1342.0,33,55,181,118,177,0.667
50,201943,Brandon Jennings,1610612753,ORL,48,20,28,868.0,29,7,80,33,47,0.702
51,202688,Brandon Knight,1610612756,PHX,52,16,36,1870.0,61,20,166,75,101,0.743
52,201575,Brandon Rush,1610612744,GSW,72,63,9,1055.0,20,23,160,66,100,0.66
53,203148,Brian Roberts,1610612757,POR,51,26,25,470.0,10,2,35,15,25,0.6
54,1627362,Briante Weber,1610612748,MIA,7,3,4,169.0,9,3,17,8,11,0.727
55,201572,Brook Lopez,1610612751,BKN,73,21,52,2457.0,58,124,369,261,502,0.52
56,203998,Bruno Caboclo,1610612761,TOR,6,6,0,43.0,2,1,1,5,6,0.833
57,203955,Bryce Cotton,1610612763,MEM,8,1,7,39.0,3,0,0,2,3,0.667
58,1626214,Bryce Dejean-Jones,1610612740,NOP,14,8,6,279.0,10,2,40,11,24,0.458
59,201228,C.J. Watson,1610612753,ORL,33,14,19,656.0,19,5,56,29,38,0.763
60,203468,CJ McCollum,1610612757,POR,80,44,36,2780.0,97,23,212,93,146,0.637
61,101139,CJ Miles,1610612754,IND,64,34,30,1464.0,53,29,150,68,123,0.553
62,203912,CJ Wilcox,1610612746,LAC,23,15,8,167.0,10,2,11,6,10,0.6
63,203946,Cameron Bairstow,1610612765,DET,18,4,14,103.0,2,3,24,3,9,0.333
64,1626166,Cameron Payne,1610612760,OKC,57,44,13,698.0,36,6,76,34,50,0.68
65,201171,Carl Landry,1610612755,PHI,36,5,31,569.0,12,9,97,53,85,0.624
66,2546,Carmelo Anthony,1610612752,NYK,72,32,40,2530.0,62,38,458,113,155,0.729
67,2406,Caron Butler,1610612758,SAC,16,2,14,168.0,8,1,17,9,14,0.643
68,202718,Chandler Parsons,1610612742,DAL,61,29,32,1799.0,46,21,256,65,101,0.644
69,101112,Channing Frye,1610612739,CLE,69,35,34,1177.0,29,24,193,108,170,0.635
70,101111,Charlie Villanueva,1610612742,DAL,62,29,33,665.0,18,15,128,47,73,0.644
71,201978,Chase Budinger,1610612756,PHX,66,29,37,930.0,32,10,107,36,50,0.72
72,2365,Chris Andersen,1610612763,MEM,27,11,16,403.0,15,13,62,45,71,0.634
73,2547,Chris Bosh,1610612748,MIA,53,29,24,1778.0,36,34,342,116,183,0.634
74,203142,Chris Copeland,1610612749,MIL,24,10,14,156.0,2,0,9,12,23,0.522
75,203187,Chris Johnson,1610612762,UTA,70,38,32,857.0,32,20,105,49,79,0.62
76,2549,Chris Kaman,1610612757,POR,16,11,5,112.0,1,1,17,6,11,0.545
77,1626191,Chris McCullough,1610612751,BKN,24,7,17,362.0,28,12,43,37,58,0.638
78,101108,Chris Paul,1610612746,LAC,74,50,24,2420.0,152,13,271,94,133,0.707
79,1626174,Christian Wood,1610612755,PHI,17,0,17,145.0,5,7,25,10,23,0.435
80,101236,Chuck Hayes,1610612746,LAC,2,1,1,24.0,0,0,8,5,10,0.5
81,203921,Cleanthony Early,1610612752,NYK,17,6,11,154.0,2,3,22,5,11,0.455
82,1626146,Cliff Alexander,1610612757,POR,8,3,5,36.0,1,2,4,2,3,0.667
83,203991,Clint Capela,1610612745,HOU,77,39,38,1471.0,59,92,300,185,331,0.559
84,203469,Cody Zeller,1610612766,CHA,73,42,31,1774.0,57,63,317,160,275,0.582
85,202332,Cole Aldrich,1610612746,LAC,60,41,19,800.0,47,68,202,118,201,0.587
86,201147,Corey Brewer,1610612745,HOU,82,41,41,1669.0,84,19,157,90,127,0.709
87,203928,Cory Jefferson,1610612756,PHX,8,2,6,50.0,0,1,10,7,13,0.538
88,202709,Cory Joseph,1610612761,TOR,79,53,26,2011.0,61,20,169,83,138,0.601
89,1626262,Coty Clarke,1610612738,BOS,3,0,3,6.0,0,0,1,0,0,0.0
90,201584,Courtney Lee,1610612766,CHA,79,49,30,2334.0,85,28,176,87,126,0.69
91,1626245,Cristiano Felicio,1610612741,CHI,31,14,17,321.0,6,13,72,20,49,0.408
92,1626156,D'Angelo Russell,1610612747,LAL,80,17,63,2259.0,93,13,227,157,203,0.773
93,201571,D.J. Augustin,1610612743,DEN,62,35,27,1178.0,38,4,87,52,62,0.839
94,2563,Dahntay Jones,1610612739,CLE,1,0,1,42.0,1,2,4,1,3,0.333
95,203081,Damian Lillard,1610612757,POR,75,40,35,2676.0,65,28,257,99,143,0.692
96,203996,Damien Inglis,1610612749,MIL,20,5,15,156.0,6,3,29,10,18,0.556
97,204014,Damjan Rudez,1610612750,MIN,33,9,24,277.0,3,1,15,15,23,0.652
98,201568,Danilo Gallinari,1610612743,DEN,53,22,31,1839.0,42,19,229,81,114,0.711
99,201980,Danny Green,1610612759,SAS,79,65,14,2062.0,79,64,255,110,194,0.567
100,201967,Dante Cunningham,1610612740,NOP,80,28,52,1971.0,42,33,179,113,165,0.685
101,201589,Darrell Arthur,1610612743,DEN,70,26,44,1516.0,53,48,207,116,201,0.577
102,201954,Darren Collison,1610612758,SAC,73,29,44,2192.0,77,3,140,60,77,0.779
103,1626199,Darrun Hilliard,1610612765,DET,38,17,21,383.0,9,1,40,8,12,0.667
104,101135,David Lee,1610612742,DAL,54,26,28,888.0,21,27,202,85,139,0.612
105,2561,David West,1610612759,SAS,78,63,15,1404.0,44,55,237,128,225,0.569
106,201599,DeAndre Jordan,1610612746,LAC,77,51,26,2598.0,51,177,792,228,424,0.538
107,201971,DeJuan Blair,1610612764,WAS,29,12,17,218.0,8,2,37,19,28,0.679
108,201942,DeMar DeRozan,1610612761,TOR,77,52,25,2764.0,80,20,276,86,123,0.699
109,202326,DeMarcus Cousins,1610612758,SAC,64,29,35,2221.0,101,91,586,223,397,0.562
110,201960,DeMarre Carroll,1610612761,TOR,26,16,10,786.0,44,6,91,36,49,0.735
111,1626153,Delon Wright,1610612761,TOR,27,19,8,229.0,8,3,29,9,14,0.643
112,203471,Dennis Schroder,1610612737,ATL,80,47,33,1621.0,70,9,179,52,88,0.591
113,101114,Deron Williams,1610612742,DAL,65,31,34,2106.0,61,14,171,87,114,0.763
114,202324,Derrick Favors,1610612762,UTA,62,30,32,1983.0,74,91,334,169,324,0.522
115,201565,Derrick Rose,1610612741,CHI,66,32,34,2097.0,44,14,179,97,133,0.729
116,202682,Derrick Williams,1610612752,NYK,80,32,48,1435.0,29,9,249,59,84,0.702
117,1626164,Devin Booker,1610612756,PHX,76,20,56,2108.0,44,20,160,109,163,0.669
118,2734,Devin Harris,1610612742,DAL,64,35,29,1280.0,60,13,120,53,69,0.768
119,203906,Devyn Marble,1610612753,ORL,28,12,16,249.0,13,1,32,11,14,0.786
120,203473,Dewayne Dedmon,1610612753,ORL,58,21,37,705.0,22,46,161,78,144,0.542
121,203079,Dion Waiters,1610612760,OKC,78,53,25,2152.0,81,15,166,86,132,0.652
122,1717,Dirk Nowitzki,1610612742,DAL,75,38,37,2364.0,52,52,437,188,331,0.568
123,202388,Donald Sloan,1610612751,BKN,61,13,48,1318.0,32,4,156,83,107,0.776
124,202700,Donatas Motiejunas,1610612745,HOU,37,19,18,547.0,17,5,72,53,81,0.654
125,203926,Doug McDermott,1610612741,CHI,81,41,40,1861.0,14,6,158,95,126,0.754
126,203110,Draymond Green,1610612744,GSW,81,73,8,2808.0,119,113,635,214,392,0.546
127,2400,Drew Gooden,1610612764,WAS,30,18,12,305.0,8,11,57,22,34,0.647
128,1626251,Duje Dukan,1610612758,SAC,1,0,1,24.0,1,0,2,3,3,1.0
129,2730,Dwight Howard,1610612745,HOU,71,34,37,2280.0,69,113,597,205,337,0.608
130,203939,Dwight Powell,1610612742,DAL,69,35,34,992.0,36,24,189,86,153,0.562
131,2548,Dwyane Wade,1610612748,MIA,74,43,31,2258.0,79,42,220,76,119,0.639
132,202734,E'Twaun Moore,1610612741,CHI,59,29,30,1263.0,37,18,114,60,103,0.583
133,202334,Ed Davis,1610612757,POR,81,43,38,1684.0,57,72,375,159,311,0.511
134,204002,Edy Tavares,1610612737,ATL,11,7,4,73.0,1,6,14,9,14,0.643
135,203901,Elfrid Payton,1610612753,ORL,72,32,40,2125.0,89,20,183,116,170,0.682
136,202407,Elijah Millsap,1610612762,UTA,20,9,11,173.0,7,3,29,8,13,0.615
137,202343,Elliot Williams,1610612766,CHA,5,4,1,45.0,0,0,3,1,1,1.0
138,1882,Elton Brand,1610612755,PHI,17,2,15,225.0,9,8,54,22,34,0.647
139,1626144,Emmanuel Mudiay,1610612743,DEN,68,29,39,2068.0,65,35,200,108,164,0.659
140,202683,Enes Kanter,1610612760,OKC,82,55,27,1721.0,26,33,415,174,295,0.59
141,202339,Eric Bledsoe,1610612756,PHX,31,12,19,1059.0,63,19,107,55,81,0.679
142,201569,Eric Gordon,1610612740,NOP,45,14,31,1481.0,43,14,89,46,68,0.676
143,203961,Eric Moreland,1610612758,SAC,7,1,6,43.0,0,4,6,6,11,0.545
144,203475,Erick Green,1610612743,DEN,9,6,3,42.0,1,0,3,1,2,0.5
145,101141,Ersan Ilyasova,1610612753,ORL,74,35,39,1880.0,52,33,259,155,237,0.654
146,203095,Evan Fournier,1610612753,ORL,78,33,45,2532.0,95,2,190,102,139,0.734
147,202323,Evan Turner,1610612738,BOS,80,46,34,2244.0,79,28,346,124,189,0.656
148,203105,Festus Ezeli,1610612744,GSW,46,42,4,770.0,18,50,166,99,181,0.547
149,1626163,Frank Kaminsky,1610612766,CHA,81,47,34,1708.0,38,43,266,133,220,0.605
150,202066,Garrett Temple,1610612764,WAS,80,40,40,1951.0,69,18,176,82,137,0.599
151,203914,Gary Harris,1610612743,DEN,76,31,45,2439.0,97,18,166,90,130,0.692
152,202390,Gary Neal,1610612764,WAS,40,18,22,807.0,20,1,72,34,45,0.756
153,201588,George Hill,1610612754,IND,74,41,33,2524.0,83,17,240,102,146,0.699
154,101123,Gerald Green,1610612748,MIA,69,40,29,1557.0,38,19,138,54,95,0.568
155,201945,Gerald Henderson,1610612757,POR,72,39,33,1431.0,39,19,181,36,75,0.48
156,203507,Giannis Antetokounmpo,1610612749,MIL,80,32,48,2823.0,94,113,499,194,350,0.554
157,203922,Glenn Robinson III,1610612754,IND,45,24,21,508.0,17,9,56,29,42,0.69
158,201609,Goran Dragic,1610612748,MIA,72,44,28,2363.0,71,17,223,95,137,0.693
159,202330,Gordon Hayward,1610612762,UTA,80,38,42,2893.0,95,27,336,82,134,0.612
160,203476,Gorgui Dieng,1610612750,MIN,82,29,53,2220.0,94,96,428,248,398,0.623
161,202328,Greg Monroe,1610612749,MIL,79,32,47,2314.0,72,67,478,261,426,0.613
162,202962,Greg Smith,1610612750,MIN,18,8,10,192.0,4,1,30,25,37,0.676
163,202349,Greivis Vasquez,1610612749,MIL,23,9,14,460.0,10,0,42,21,32,0.656
164,203084,Harrison Barnes,1610612744,GSW,66,59,7,2042.0,41,10,248,96,152,0.632
165,202355,Hassan Whiteside,1610612748,MIA,73,42,31,2125.0,44,269,627,253,467,0.542
166,203156,Henry Sims,1610612751,BKN,14,2,12,263.0,9,14,51,52,65,0.8
167,203138,Hollis Thompson,1610612755,PHI,77,10,67,2154.0,36,24,218,109,163,0.669
168,203546,Ian Clark,1610612744,GSW,66,59,7,578.0,17,13,55,34,47,0.723
169,101133,Ian Mahinmi,1610612754,IND,71,41,30,1816.0,65,75,369,181,315,0.575
170,202697,Iman Shumpert,1610612739,CLE,54,39,15,1316.0,54,19,171,52,76,0.684
171,203477,Isaiah Canaan,1610612755,PHI,77,10,67,1966.0,56,12,154,74,104,0.712
172,202738,Isaiah Thomas,1610612738,BOS,81,47,34,2610.0,87,9,191,81,112,0.723
173,202397,Ish Smith,1610612755,PHI,77,16,61,2239.0,88,24,262,137,186,0.737
174,200826,J.J. Barea,1610612742,DAL,74,38,36,1667.0,26,2,126,42,54,0.778
175,201581,JJ Hickson,1610612764,WAS,35,17,18,437.0,15,14,93,31,62,0.5
176,1626266,JJ O'Brien,1610612762,UTA,2,2,0,6.0,1,0,1,0,0,0.0
177,200755,JJ Redick,1610612746,LAC,75,50,25,2097.0,42,5,129,75,106,0.708
178,2747,JR Smith,1610612739,CLE,77,53,24,2362.0,81,21,174,59,98,0.602
179,203960,JaKarr Sampson,1610612743,DEN,73,18,55,1160.0,23,33,144,68,106,0.642
180,203210,JaMychal Green,1610612763,MEM,78,39,39,1446.0,46,33,234,76,139,0.547
181,201580,JaVale McGee,1610612742,DAL,34,15,19,370.0,5,26,80,47,74,0.635
182,203953,Jabari Parker,1610612749,MIL,76,32,44,2408.0,69,29,272,167,235,0.711
183,203109,Jae Crowder,1610612738,BOS,72,42,30,2278.0,124,35,300,113,162,0.698
184,1626143,Jahlil Okafor,1610612755,PHI,53,6,47,1591.0,22,61,251,166,289,0.574
185,2037,Jamal Crawford,1610612746,LAC,79,51,28,2126.0,52,12,125,62,94,0.66
186,2749,Jameer Nelson,1610612743,DEN,39,12,27,1036.0,25,5,96,35,41,0.854
187,202341,James Anderson,1610612758,SAC,50,19,31,717.0,21,14,72,37,60,0.617
188,203516,James Ennis III,1610612740,NOP,22,11,11,329.0,16,5,21,10,12,0.833
189,201935,James Harden,1610612745,HOU,82,41,41,3125.0,139,51,438,200,289,0.692
190,201949,James Johnson,1610612761,TOR,56,34,22,908.0,27,33,98,37,60,0.617
191,2592,James Jones,1610612739,CLE,48,33,15,463.0,11,10,42,28,38,0.737
192,203949,James Michael McAdoo,1610612744,GSW,41,37,4,262.0,10,8,28,30,38,0.789
193,203923,James Young,1610612738,BOS,28,11,17,196.0,6,1,22,10,16,0.625
194,203099,Jared Cunningham,1610612739,CLE,44,31,13,410.0,14,2,35,16,23,0.696
195,201162,Jared Dudley,1610612764,WAS,81,40,41,2098.0,75,18,232,155,238,0.651
196,203096,Jared Sullinger,1610612738,BOS,80,46,34,1900.0,74,46,476,175,292,0.599
197,204067,Jarell Eddie,1610612764,WAS,26,13,13,147.0,5,1,21,5,10,0.5
198,1626185,Jarell Martin,1610612763,MEM,27,10,17,380.0,8,7,47,24,43,0.558
199,203950,Jarnell Stokes,1610612763,MEM,7,1,6,19.0,1,0,3,2,5,0.4
200,101127,Jarrett Jack,1610612751,BKN,32,10,22,1027.0,34,7,127,42,66,0.636
201,201160,Jason Smith,1610612753,ORL,75,33,42,1144.0,33,64,162,112,199,0.563
202,1891,Jason Terry,1610612745,HOU,72,37,35,1258.0,47,9,65,64,80,0.8
203,201574,Jason Thompson,1610612761,TOR,47,38,9,471.0,12,20,102,47,79,0.595
204,201965,Jeff Ayres,1610612746,LAC,17,11,6,107.0,0,3,18,15,20,0.75
205,201145,Jeff Green,1610612746,LAC,80,48,32,2253.0,58,40,258,128,215,0.595
206,201952,Jeff Teague,1610612737,ATL,79,47,32,2255.0,97,24,181,63,91,0.692
207,203481,Jeff Withey,1610612762,UTA,51,25,26,658.0,21,53,117,78,156,0.5
208,203924,Jerami Grant,1610612755,PHI,77,9,68,2066.0,54,127,262,150,265,0.566
209,202379,Jeremy Evans,1610612742,DAL,30,16,14,251.0,6,9,43,21,32,0.656
210,203087,Jeremy Lamb,1610612766,CHA,66,40,26,1227.0,42,30,208,54,83,0.651
211,202391,Jeremy Lin,1610612766,CHA,78,47,31,2048.0,58,42,211,71,129,0.55
212,1626170,Jerian Grant,1610612752,NYK,76,29,47,1265.0,50,10,120,72,104,0.692
213,201573,Jerryd Bayless,1610612749,MIL,52,21,31,1505.0,47,11,120,53,83,0.639
214,202690,Jimmer Fredette,1610612759,SAS,6,1,5,18.0,1,0,0,1,1,1.0
215,202710,Jimmy Butler,1610612741,CHI,67,37,30,2474.0,110,43,279,122,204,0.598
216,201149,Joakim Noah,1610612741,CHI,29,15,14,635.0,18,29,168,54,85,0.635
217,201975,Jodie Meeks,1610612765,DET,3,3,0,43.0,0,0,4,1,2,0.5
218,203925,Joe Harris,1610612739,CLE,5,5,0,15.0,0,0,3,3,3,1.0
219,204060,Joe Ingles,1610612762,UTA,81,40,41,1241.0,55,4,132,52,69,0.754
220,2207,Joe Johnson,1610612748,MIA,81,31,50,2703.0,61,4,243,121,167,0.725
221,1626202,Joe Young,1610612754,IND,41,19,22,384.0,15,0,44,21,30,0.7
222,201202,Joel Anthony,1610612765,DET,19,12,7,96.0,2,12,13,14,18,0.778
223,203530,Joffrey Lauvergne,1610612743,DEN,59,24,35,1041.0,13,15,213,84,148,0.568
224,203089,John Henson,1610612749,MIL,57,22,35,960.0,18,109,134,107,221,0.484
225,203098,John Jenkins,1610612756,PHX,43,18,25,480.0,8,1,49,25,34,0.735
226,202322,John Wall,1610612764,WAS,77,37,40,2784.0,145,59,337,104,163,0.638
227,203948,Johnny O'Bryant III,1610612749,MIL,66,27,39,857.0,18,8,111,54,81,0.667
228,202720,Jon Leuer,1610612756,PHX,67,22,45,1255.0,38,30,297,127,217,0.585
229,201973,Jonas Jerebko,1610612738,BOS,77,46,31,1160.0,20,23,208,78,116,0.672
230,202685,Jonas Valanciunas,1610612761,TOR,59,39,20,1527.0,24,77,357,172,288,0.597
231,203613,Jonathon Simmons,1610612759,SAS,55,47,8,813.0,24,5,80,36,47,0.766
232,203919,Jordan Adams,1610612763,MEM,2,0,2,15.0,3,0,2,1,1,1.0
233,203903,Jordan Clarkson,1610612747,LAL,79,17,62,2552.0,88,7,220,138,185,0.746
234,200770,Jordan Farmar,1610612763,MEM,12,2,10,291.0,15,2,21,5,9,0.556
235,202706,Jordan Hamilton,1610612740,NOP,11,4,7,304.0,8,3,50,25,33,0.758
236,201941,Jordan Hill,1610612754,IND,73,40,33,1513.0,36,37,295,171,288,0.594
237,203895,Jordan McRae,1610612739,CLE,22,10,12,196.0,3,1,16,6,10,0.6
238,1626175,Jordan Mickey,1610612738,BOS,16,9,7,57.0,0,11,7,5,10,0.5
239,203268,Jorge Gutierrez,1610612766,CHA,12,9,3,63.0,3,0,7,3,6,0.5
240,101181,Jose Calderon,1610612752,NYK,72,29,43,2024.0,63,7,207,124,160,0.775
241,203962,Josh Huestis,1610612760,OKC,5,2,3,55.0,1,2,8,3,7,0.429
242,201177,Josh McRoberts,1610612748,MIA,42,27,15,595.0,18,7,83,37,63,0.587
243,1626196,Josh Richardson,1610612748,MIA,52,29,23,1107.0,36,25,86,58,95,0.611
244,2746,Josh Smith,1610612745,HOU,55,31,24,880.0,34,47,141,79,147,0.537
245,201950,Jrue Holiday,1610612740,NOP,65,27,38,1831.0,88,22,168,92,126,0.73
246,203944,Julius Randle,1610612747,LAL,81,17,64,2286.0,53,29,657,207,319,0.649
247,1626147,Justin Anderson,1610612742,DAL,55,28,27,647.0,19,25,114,24,48,0.5
248,202712,Justin Harper,1610612751,BKN,5,4,1,35.0,1,0,1,0,2,0.0
249,203200,Justin Holiday,1610612741,CHI,53,28,25,773.0,32,19,78,56,102,0.549
250,1626159,Justise Winslow,1610612748,MIA,78,46,32,2232.0,68,26,322,115,190,0.605
251,203994,Jusuf Nurkic,1610612743,DEN,32,14,18,547.0,24,44,110,65,100,0.65
252,203909,KJ McDaniels,1610612745,HOU,37,17,20,235.0,7,6,26,14,23,0.609
253,1626157,Karl-Anthony Towns,1610612750,MIN,82,29,53,2627.0,58,138,629,278,478,0.582
254,202695,Kawhi Leonard,1610612759,SAS,72,60,12,2380.0,128,71,398,93,165,0.564
255,203951,Keith Appling,1610612753,ORL,5,0,5,27.0,1,0,1,0,0,0.0
256,203482,Kelly Olynyk,1610612738,BOS,68,39,29,1370.0,51,33,206,128,200,0.64
257,1626162,Kelly Oubre Jr.,1610612764,WAS,63,31,32,671.0,22,7,108,51,74,0.689
258,202689,Kemba Walker,1610612766,CHA,81,47,34,2885.0,126,39,301,119,161,0.739
259,203088,Kendall Marshall,1610612755,PHI,30,3,27,400.0,16,2,26,15,21,0.714
260,2570,Kendrick Perkins,1610612740,NOP,37,13,24,542.0,11,11,103,55,82,0.671
261,202702,Kenneth Faried,1610612743,DEN,67,26,41,1694.0,32,60,346,153,239,0.64
262,203145,Kent Bazemore,1610612737,ATL,75,44,31,2083.0,98,38,351,72,119,0.605
263,203484,Kentavious Caldwell-Pope,1610612765,DET,76,41,35,2789.0,110,17,212,84,135,0.622
264,201142,Kevin Durant,1610612760,OKC,72,52,20,2578.0,69,85,544,133,218,0.61
265,708,Kevin Garnett,1610612750,MIN,38,14,24,556.0,28,10,135,53,84,0.631
266,201567,Kevin Love,1610612739,CLE,77,53,24,2424.0,58,41,613,222,339,0.655
267,2755,Kevin Martin,1610612759,SAS,55,24,31,1095.0,26,3,96,41,49,0.837
268,202338,Kevin Seraphin,1610612752,NYK,48,15,33,526.0,8,36,95,54,104,0.519
269,1626172,Kevon Looney,1610612744,GSW,5,4,1,21.0,0,0,6,2,3,0.667
270,203114,Khris Middleton,1610612749,MIL,79,33,46,2852.0,131,19,258,109,155,0.703
271,2550,Kirk Hinrich,1610612737,ATL,46,26,20,631.0,15,2,62,32,44,0.727
272,202691,Klay Thompson,1610612744,GSW,80,71,9,2666.0,60,49,271,137,205,0.668
273,977,Kobe Bryant,1610612747,LAL,66,13,53,1863.0,62,13,206,71,97,0.732
274,201585,Kosta Koufos,1610612758,SAC,77,32,45,1463.0,38,69,246,139,261,0.533
275,203123,Kostas Papanikolaou,1610612743,DEN,26,8,18,294.0,13,5,32,18,25,0.72
276,2743,Kris Humphries,1610612737,ATL,53,29,24,835.0,16,23,161,63,113,0.558
277,204001,Kristaps Porzingis,1610612752,NYK,72,28,44,2047.0,53,134,394,204,383,0.533
278,203937,Kyle Anderson,1610612759,SAS,78,64,14,1245.0,60,29,219,50,76,0.658
279,2594,Kyle Korver,1610612737,ATL,80,46,34,2401.0,60,35,246,145,225,0.644
280,200768,Kyle Lowry,1610612761,TOR,76,53,23,2804.0,157,33,303,134,188,0.713
281,203124,Kyle O'Quinn,1610612752,NYK,65,26,39,764.0,20,49,174,95,173,0.549
282,202713,Kyle Singler,1610612760,OKC,68,43,25,977.0,30,9,91,81,121,0.669
283,202681,Kyrie Irving,1610612739,CLE,53,37,16,1667.0,56,18,113,75,112,0.67
284,200746,LaMarcus Aldridge,1610612759,SAS,74,61,13,2261.0,38,81,456,166,270,0.615
285,203934,Lamar Patterson,1610612737,ATL,35,23,12,395.0,9,2,46,20,27,0.741
286,202362,Lance Stephenson,1610612763,MEM,69,36,33,1372.0,43,9,183,43,54,0.796
287,202498,Lance Thomas,1610612752,NYK,59,25,34,1313.0,22,7,97,43,70,0.614
288,204038,Langston Galloway,1610612752,NYK,82,32,50,2033.0,77,22,245,93,147,0.633
289,1626204,Larry Nance Jr.,1610612747,LAL,63,14,49,1266.0,54,23,211,94,138,0.681
290,202730,Lavoy Allen,1610612754,IND,79,43,36,1599.0,26,42,262,115,193,0.596
291,2544,LeBron James,1610612739,CLE,76,56,20,2709.0,104,49,454,82,152,0.539
292,2571,Leandro Barbosa,1610612744,GSW,68,60,8,1079.0,44,10,89,33,46,0.717
293,203485,Lorenzo Brown,1610612765,DET,8,1,7,61.0,3,1,7,4,6,0.667
294,200811,Lou Amundson,1610612752,NYK,29,11,18,204.0,6,7,26,18,36,0.5
295,101150,Lou Williams,1610612747,LAL,67,14,53,1907.0,62,19,138,80,110,0.727
296,201601,Luc Mbah a Moute,1610612746,LAC,75,49,26,1274.0,44,19,111,54,87,0.621
297,203512,Lucas Nogueira,1610612761,TOR,29,17,12,225.0,12,12,28,27,52,0.519
298,1626242,Luis Montero,1610612757,POR,12,6,6,42.0,0,0,4,2,2,1.0
299,2449,Luis Scola,1610612761,TOR,75,49,26,1617.0,43,25,275,91,155,0.587
300,202337,Luke Babbitt,1610612740,NOP,47,16,31,845.0,11,7,123,65,92,0.707
301,2736,Luol Deng,1610612748,MIA,74,45,29,2394.0,74,29,335,149,223,0.668
302,1938,Manu Ginobili,1610612759,SAS,58,47,11,1134.0,66,11,120,32,44,0.727
303,201188,Marc Gasol,1610612763,MEM,52,30,22,1791.0,50,70,304,153,283,0.541
304,1626273,Marcelo Huertas,1610612747,LAL,53,8,45,869.0,26,7,72,37,50,0.74
305,101162,Marcin Gortat,1610612764,WAS,75,35,40,2256.0,47,96,519,240,434,0.553
306,201158,Marco Belinelli,1610612758,SAC,67,27,40,1646.0,37,2,104,82,112,0.732
307,202694,Marcus Morris,1610612765,DET,80,42,38,2856.0,67,23,313,119,182,0.654
308,203935,Marcus Smart,1610612738,BOS,61,36,25,1667.0,91,18,179,43,78,0.551
309,201977,Marcus Thornton,1610612764,WAS,61,32,29,1108.0,47,4,112,47,70,0.671
310,201596,Mario Chalmers,1610612748,MIA,61,38,23,1373.0,88,13,133,45,66,0.682
311,1626209,Mario Hezonja,1610612753,ORL,78,33,45,1399.0,39,16,146,76,112,0.679
312,203900,Markel Brown,1610612751,BKN,62,12,50,982.0,38,15,99,63,95,0.663
313,202693,Markieff Morris,1610612764,WAS,64,22,42,1629.0,58,34,279,113,185,0.611
314,201578,Marreese Speights,1610612744,GSW,72,64,8,832.0,19,34,162,97,164,0.591
315,101107,Marvin Williams,1610612766,CHA,81,47,34,2338.0,58,77,394,171,293,0.584
316,203486,Mason Plumlee,1610612757,POR,82,44,38,2084.0,68,85,427,228,422,0.54
317,2440,Matt Barnes,1610612763,MEM,76,38,38,2190.0,78,57,336,120,175,0.686
318,2588,Matt Bonner,1610612759,SAS,30,25,5,206.0,6,1,24,15,27,0.556
319,203521,Matthew Dellavedova,1610612739,CLE,76,54,22,1867.0,44,9,129,73,113,0.646
320,203090,Maurice Harkless,1610612757,POR,78,40,38,1457.0,49,35,179,75,118,0.636
321,1897,Metta World Peace,1610612747,LAL,35,6,29,590.0,22,11,70,27,44,0.614
322,203086,Meyers Leonard,1610612757,POR,61,33,28,1333.0,8,18,263,106,175,0.606
323,201563,Michael Beasley,1610612745,HOU,20,10,10,363.0,11,9,69,31,58,0.534
324,203487,Michael Carter-Williams,1610612749,MIL,54,21,33,1649.0,80,41,228,88,138,0.638
325,203077,Michael Kidd-Gilchrist,1610612766,CHA,7,5,2,205.0,3,3,33,12,20,0.6
326,201144,Mike Conley,1610612763,MEM,56,33,23,1761.0,67,16,138,61,100,0.61
327,2399,Mike Dunleavy,1610612741,CHI,31,13,18,703.0,14,10,75,32,50,0.64
328,2034,Mike Miller,1610612743,DEN,47,21,26,373.0,13,4,47,26,38,0.684
329,203488,Mike Muscala,1610612737,ATL,60,34,26,565.0,13,27,79,65,120,0.542
330,203118,Mike Scott,1610612737,ATL,75,46,29,1146.0,25,17,153,59,101,0.584
331,203101,Miles Plumlee,1610612749,MIL,61,23,38,870.0,21,50,138,109,196,0.556
332,203141,Mirza Teletovic,1610612756,PHX,79,23,56,1686.0,32,21,247,147,223,0.659
333,203956,Mitch McGary,1610612760,OKC,20,17,3,72.0,1,2,14,8,11,0.727
334,2590,Mo Williams,1610612739,CLE,41,27,14,748.0,14,5,66,23,35,0.657
335,101145,Monta Ellis,1610612754,IND,81,44,37,2734.0,150,37,229,83,111,0.748
336,1626149,Montrezl Harrell,1610612745,HOU,39,17,22,379.0,11,11,40,26,39,0.667
337,1626167,Myles Turner,1610612754,IND,60,32,28,1367.0,25,86,264,166,308,0.539
338,101126,Nate Robinson,1610612740,NOP,2,0,2,23.0,1,0,0,0,1,0.0
339,1737,Nazr Mohammed,1610612760,OKC,5,5,0,19.0,0,0,3,3,4,0.75
340,202357,Nemanja Bjelica,1610612750,MIN,60,20,40,1075.0,26,21,161,111,169,0.657
341,2403,Nene,1610612764,WAS,57,28,29,1094.0,54,26,207,107,176,0.608
342,203457,Nerlens Noel,1610612755,PHI,67,10,57,1965.0,118,100,388,196,366,0.536
343,2555,Nick Collison,1610612760,OKC,59,39,20,699.0,15,16,103,48,92,0.522
344,201156,Nick Young,1610612747,LAL,54,13,41,1033.0,23,7,83,60,82,0.732
345,201587,Nicolas Batum,1610612766,CHA,70,41,29,2448.0,65,43,373,102,157,0.65
346,203917,Nik Stauskas,1610612755,PHI,73,8,65,1809.0,44,20,160,86,142,0.606
347,203999,Nikola Jokic,1610612743,DEN,80,31,49,1733.0,79,50,379,177,326,0.543
348,202703,Nikola Mirotic,1610612741,CHI,66,37,29,1646.0,58,46,304,136,206,0.66
349,201593,Nikola Pekovic,1610612750,MIN,12,2,10,156.0,1,0,14,19,29,0.655
350,202696,Nikola Vucevic,1610612753,ORL,64,28,36,1998.0,53,67,393,210,340,0.618
351,203943,Noah Vonleh,1610612757,POR,78,41,37,1174.0,27,26,214,87,144,0.604
352,1626181,Norman Powell,1610612761,TOR,48,31,17,722.0,29,10,94,27,44,0.614
353,202708,Norris Cole,1610612740,NOP,45,20,25,1198.0,37,5,141,48,62,0.774
354,201564,O.J. Mayo,1610612749,MIL,41,17,24,1090.0,48,8,92,44,60,0.733
355,201600,Omer Asik,1610612740,NOP,68,29,39,1178.0,21,23,294,138,227,0.608
356,201956,Omri Casspi,1610612758,SAC,69,27,42,1880.0,56,17,352,138,194,0.711
357,203111,Orlando Johnson,1610612740,NOP,7,1,6,102.0,3,3,11,4,7,0.571
358,203490,Otto Porter Jr.,1610612764,WAS,75,36,39,2276.0,105,32,294,99,142,0.697
359,203798,PJ Hairston,1610612763,MEM,66,31,35,1313.0,32,11,149,42,74,0.568
360,200782,PJ Tucker,1610612756,PHX,82,23,59,2540.0,106,20,347,95,152,0.625
361,203143,Pablo Prigioni,1610612746,LAC,59,37,22,823.0,53,1,76,45,53,0.849
362,1626192,Pat Connaughton,1610612757,POR,34,17,17,143.0,2,0,21,2,4,0.5
363,201976,Patrick Beverley,1610612745,HOU,71,35,36,2041.0,94,26,177,93,145,0.641
364,202335,Patrick Patterson,1610612761,TOR,78,53,25,1984.0,52,30,259,110,183,0.601
365,201988,Patty Mills,1610612759,SAS,81,66,15,1662.0,59,6,131,59,73,0.808
366,2200,Pau Gasol,1610612741,CHI,72,36,36,2291.0,42,146,638,247,470,0.526
367,202331,Paul George,1610612754,IND,81,44,37,2819.0,152,29,484,146,223,0.655
368,200794,Paul Millsap,1610612737,ATL,81,48,33,2647.0,147,139,534,234,418,0.56
369,1718,Paul Pierce,1610612746,LAC,68,44,24,1231.0,33,17,174,77,123,0.626
370,203515,Phil Pressey,1610612757,POR,23,3,20,283.0,18,4,28,12,14,0.857
371,203112,Quincy Acy,1610612758,SAC,58,21,37,869.0,28,24,123,65,116,0.56
372,1626154,RJ Hunter,1610612738,BOS,35,20,15,307.0,14,4,34,13,18,0.722
373,200765,Rajon Rondo,1610612758,SAC,71,29,42,2513.0,139,10,355,91,119,0.765
374,1626176,Rakeem Christmas,1610612754,IND,1,1,0,6.0,0,0,0,0,0,0.0
375,201196,Ramon Sessions,1610612764,WAS,82,41,41,1667.0,46,5,178,61,84,0.726
376,200751,Randy Foye,1610612760,OKC,81,37,44,1642.0,39,29,132,57,92,0.62
377,1626173,Rashad Vaughn,1610612749,MIL,70,30,40,1001.0,29,16,77,55,77,0.714
378,2446,Rasual Butler,1610612759,SAS,46,41,5,432.0,13,23,53,18,38,0.474
379,203526,Raul Neto,1610612762,UTA,81,40,41,1499.0,62,2,103,57,98,0.582
380,203492,Ray McCallum,1610612759,SAS,41,30,11,474.0,12,7,39,14,25,0.56
381,101109,Raymond Felton,1610612742,DAL,80,40,40,2192.0,68,15,222,87,122,0.713
382,203493,Reggie Bullock,1610612765,DET,37,22,15,429.0,10,2,54,19,27,0.704
383,202704,Reggie Jackson,1610612765,DET,79,43,36,2424.0,59,11,195,139,190,0.732
384,2210,Richard Jefferson,1610612739,CLE,74,51,23,1326.0,33,14,113,49,66,0.742
385,1626158,Richaun Holmes,1610612755,PHI,51,7,44,702.0,19,40,73,65,110,0.591
386,201937,Ricky Rubio,1610612750,MIN,76,28,48,2323.0,162,10,286,120,160,0.75
387,203496,Robert Covington,1610612755,PHI,67,10,57,1903.0,105,40,354,108,163,0.663
388,203135,Robert Sacre,1610612747,LAL,25,2,23,320.0,4,10,40,36,63,0.571
389,201577,Robin Lopez,1610612752,NYK,82,32,50,2219.0,16,129,334,233,457,0.51
390,203918,Rodney Hood,1610612762,UTA,79,39,40,2541.0,73,16,229,107,158,0.677
391,201155,Rodney Stuckey,1610612754,IND,58,33,25,1275.0,43,8,137,38,59,0.644
392,1626178,Rondae Hollis-Jefferson,1610612751,BKN,29,7,22,615.0,39,16,115,49,85,0.576
393,101179,Ronnie Price,1610612756,PHX,62,20,42,1211.0,74,13,74,34,47,0.723
394,201579,Roy Hibbert,1610612747,LAL,81,17,64,1878.0,32,110,266,221,367,0.602
395,200752,Rudy Gay,1610612758,SAC,69,29,40,2348.0,99,51,346,151,223,0.677
396,203497,Rudy Gobert,1610612762,UTA,61,33,28,1932.0,45,135,460,161,316,0.509
397,203893,Russ Smith,1610612763,MEM,15,6,9,66.0,5,1,8,3,3,1.0
398,201566,Russell Westbrook,1610612760,OKC,80,55,25,2750.0,163,20,481,102,155,0.658
399,201583,Ryan Anderson,1610612740,NOP,66,24,42,2008.0,38,25,265,142,228,0.623
400,200797,Ryan Hollins,1610612763,MEM,37,18,19,460.0,6,21,51,42,75,0.56
401,203527,Ryan Kelly,1610612747,LAL,36,3,33,470.0,13,10,100,41,56,0.732
402,1626257,Salah Mejri,1610612742,DAL,34,16,18,397.0,8,36,82,36,88,0.409
403,1626155,Sam Dekker,1610612745,HOU,3,1,2,6.0,1,0,1,0,0,0.0
404,201619,Sasha Kaun,1610612739,CLE,25,18,7,95.0,4,5,14,5,14,0.357
405,2756,Sasha Vujacic,1610612752,NYK,61,22,39,908.0,34,5,123,52,77,0.675
406,203930,Sean Kilpatrick,1610612751,BKN,31,7,24,616.0,12,2,44,34,44,0.773
407,201586,Serge Ibaka,1610612760,OKC,78,54,24,2500.0,38,148,392,273,487,0.561
408,203508,Sergey Karasev,1610612751,BKN,40,9,31,399.0,6,2,50,26,36,0.722
409,203552,Seth Curry,1610612758,SAC,43,17,26,669.0,21,3,49,28,39,0.718
410,203498,Shabazz Muhammad,1610612750,MIN,82,29,53,1682.0,24,7,167,71,113,0.628
411,203894,Shabazz Napier,1610612753,ORL,55,23,32,600.0,23,1,46,23,27,0.852
412,203499,Shane Larkin,1610612751,BKN,78,20,58,1751.0,95,12,152,84,128,0.656
413,2733,Shaun Livingston,1610612744,GSW,78,69,9,1520.0,57,27,127,82,120,0.683
414,203963,Shayne Whittington,1610612754,IND,7,4,3,41.0,1,1,7,2,4,0.5
415,202714,Shelvin Mack,1610612762,UTA,52,27,25,1058.0,34,3,115,46,63,0.73
416,203524,Solomon Hill,1610612754,IND,59,31,28,866.0,37,11,127,48,77,0.623
417,201603,Sonny Weems,1610612756,PHX,43,6,37,498.0,10,1,46,21,22,0.955
418,203915,Spencer Dinwiddie,1610612741,CHI,12,5,7,159.0,3,0,13,3,4,0.75
419,201150,Spencer Hawes,1610612766,CHA,57,30,27,1035.0,22,27,193,89,148,0.601
420,1626169,Stanley Johnson,1610612765,DET,73,37,36,1687.0,55,12,248,59,92,0.641
421,201939,Stephen Curry,1610612744,GSW,79,71,8,2700.0,169,15,362,83,127,0.654
422,2581,Steve Blake,1610612765,DET,58,34,24,986.0,24,5,80,34,52,0.654
423,200779,Steve Novak,1610612749,MIL,10,8,2,44.0,0,0,5,3,6,0.5
424,203500,Steven Adams,1610612760,OKC,80,54,26,2014.0,42,89,314,213,366,0.582
425,204456,T.J. McConnell,1610612755,PHI,81,10,71,1606.0,95,10,207,86,117,0.735
426,203933,T.J. Warren,1610612756,PHX,47,14,33,1070.0,37,16,90,52,71,0.732
427,201959,Taj Gibson,1610612741,CHI,73,37,36,1936.0,47,77,298,134,251,0.534
428,204028,Tarik Black,1610612747,LAL,39,6,33,496.0,14,18,113,54,93,0.581
429,2419,Tayshaun Prince,1610612750,MIN,77,27,50,1462.0,36,13,115,62,108,0.574
430,203093,Terrence Jones,1610612745,HOU,50,24,26,1044.0,23,39,149,98,152,0.645
431,203082,Terrence Ross,1610612761,TOR,72,52,20,1731.0,54,24,164,60,100,0.6
432,1626179,Terry Rozier,1610612738,BOS,38,23,15,308.0,6,1,39,12,18,0.667
433,200757,Thabo Sefolosha,1610612737,ATL,75,42,33,1758.0,85,37,282,76,115,0.661
434,201152,Thaddeus Young,1610612751,BKN,73,21,52,2407.0,112,37,484,195,301,0.648
435,203648,Thanasis Antetokounmpo,1610612752,NYK,2,1,1,6.0,0,0,1,0,0,0.0
436,203080,Thomas Robinson,1610612751,BKN,71,16,55,917.0,39,36,223,95,171,0.556
437,201168,Tiago Splitter,1610612737,ATL,36,21,15,579.0,20,12,75,51,89,0.573
438,202353,Tibor Pleiss,1610612762,UTA,12,7,5,82.0,1,2,9,9,13,0.692
439,1495,Tim Duncan,1610612759,SAS,61,50,11,1536.0,47,78,332,136,265,0.513
440,204025,Tim Frazier,1610612740,NOP,51,25,26,741.0,33,2,84,23,34,0.676
441,203501,Tim Hardaway Jr.,1610612737,ATL,51,29,22,864.0,21,7,79,26,38,0.684
442,202389,Timofey Mozgov,1610612739,CLE,76,52,24,1326.0,22,57,227,142,256,0.555
443,202699,Tobias Harris,1610612765,DET,75,37,38,2469.0,64,40,404,139,216,0.644
444,201962,Toney Douglas,1610612740,NOP,61,22,39,1262.0,70,5,118,47,59,0.797
445,2754,Tony Allen,1610612763,MEM,64,34,30,1620.0,110,18,192,52,78,0.667
446,2225,Tony Parker,1610612759,SAS,72,59,13,1980.0,54,11,159,55,81,0.679
447,203503,Tony Snell,1610612741,CHI,64,33,31,1301.0,16,17,180,56,95,0.589
448,203100,Tony Wroten,1610612752,NYK,8,0,8,144.0,3,0,19,3,3,1.0
449,2772,Trevor Ariza,1610612745,HOU,81,40,41,2859.0,160,26,299,124,184,0.674
450,202344,Trevor Booker,1610612762,UTA,79,39,40,1632.0,59,41,286,104,155,0.671
451,203504,Trey Burke,1610612762,UTA,64,31,33,1366.0,35,6,94,49,69,0.71
452,1626168,Trey Lyles,1610612762,UTA,80,38,42,1382.0,26,18,240,100,155,0.645
453,202684,Tristan Thompson,1610612739,CLE,82,57,25,2269.0,38,51,470,207,360,0.575
454,203584,Troy Daniels,1610612766,CHA,43,25,18,476.0,11,3,50,17,22,0.773
455,201951,Ty Lawson,1610612754,IND,66,31,35,1411.0,53,7,94,72,92,0.783
456,203898,Tyler Ennis,1610612749,MIL,46,17,29,654.0,25,1,62,27,38,0.711
457,201946,Tyler Hansbrough,1610612766,CHA,44,28,16,343.0,12,7,49,21,37,0.568
458,204020,Tyler Johnson,1610612748,MIA,36,19,17,863.0,24,14,81,39,71,0.549
459,203092,Tyler Zeller,1610612738,BOS,59,37,22,698.0,10,22,113,82,140,0.586
460,201936,Tyreke Evans,1610612740,NOP,25,11,14,765.0,32,8,109,38,56,0.679
461,2199,Tyson Chandler,1610612756,PHX,66,18,48,1618.0,36,44,401,162,254,0.638
462,1626145,Tyus Jones,1610612750,MIN,37,13,24,573.0,31,3,40,32,36,0.889
463,2617,Udonis Haslem,1610612748,MIA,37,25,12,260.0,5,2,65,16,22,0.727
464,203506,Victor Oladipo,1610612753,ORL,71,32,39,2334.0,114,54,292,127,194,0.655
465,1713,Vince Carter,1610612763,MEM,60,33,27,1005.0,38,16,115,48,65,0.738
466,201961,Wayne Ellington,1610612751,BKN,76,18,58,1615.0,48,5,154,82,101,0.812
467,202325,Wesley Johnson,1610612746,LAC,80,51,29,1666.0,89,56,211,106,180,0.589
468,202083,Wesley Matthews,1610612742,DAL,78,40,38,2644.0,78,17,211,88,120,0.733
469,203115,Will Barton,1610612743,DEN,82,33,49,2353.0,71,39,417,135,220,0.614
470,1626161,Willie Cauley-Stein,1610612758,SAC,65,26,39,1394.0,47,65,214,107,175,0.611
471,203186,Willie Reed,1610612751,BKN,39,8,31,426.0,6,30,73,56,92,0.609
472,204098,Xavier Munford,1610612763,MEM,14,3,11,244.0,13,3,28,12,14,0.857
473,203897,Zach LaVine,1610612750,MIN,82,29,53,2294.0,69,17,201,92,119,0.773
474,2216,Zach Randolph,1610612763,MEM,68,37,31,2016.0,43,13,350,185,274,0.675
475,2585,Zaza Pachulia,1610612742,DAL,76,40,36,2004.0,64,22,469,231,378,0.611
