,PLAYER_ID,PLAYER_NAME,TEAM_ID,TEAM_ABBREVIATION,GP,W,L,MIN,DRIVES,DRIVE_FGM,DRIVE_FGA,DRIVE_FG_PCT,DRIVE_FTM,DRIVE_FTA,DRIVE_FT_PCT,DRIVE_PTS,DRIVE_PTS_PCT,DRIVE_PASSES,DRIVE_PASSES_PCT,DRIVE_AST,DRIVE_AST_PCT,DRIVE_TOV,DRIVE_TOV_PCT,DRIVE_PF,DRIVE_PF_PCT
0,201166,Aaron Brooks,1610612741,CHI,69,36,33,1108.0,427,91,211,0.431,17,24,0.708,203,0.475,128,0.3,34,0.08,28,0.066,12,0.028
1,203932,Aaron Gordon,1610612753,ORL,77,32,45,1857.0,166,35,85,0.412,22,28,0.786,96,0.578,38,0.229,11,0.066,14,0.084,14,0.084
2,1626151,Aaron Harrison,1610612766,CHA,21,15,6,93.0,11,1,2,0.5,3,6,0.5,5,0.455,3,0.273,1,0.091,2,0.182,3,0.273
3,203940,Adreian Payne,1610612750,MIN,52,18,34,486.0,44,7,20,0.35,4,6,0.667,18,0.409,12,0.273,2,0.045,4,0.091,3,0.068
4,201143,Al Horford,1610612737,ATL,82,48,34,2631.0,176,38,71,0.535,18,24,0.75,99,0.563,62,0.352,19,0.108,10,0.057,12,0.068
5,2744,Al Jefferson,1610612766,CHA,47,33,14,1096.0,0,0,0,0.0,0,0,0.0,0,0.0,0,0.0,0,0.0,0,0.0,0,0.0
6,202329,Al-Farouq Aminu,1610612757,POR,82,44,38,2341.0,291,39,109,0.358,37,46,0.804,120,0.412,103,0.354,29,0.1,20,0.069,24,0.082
7,101187,Alan Anderson,1610612764,WAS,13,8,5,192.0,25,4,11,0.364,4,4,1.0,12,0.48,7,0.28,4,0.16,1,0.04,2,0.08
8,1626210,Alan Williams,1610612756,PHX,10,3,7,68.0,1,0,1,0.0,0,0,0.0,0,0.0,0,0.0,0,0.0,0,0.0,0,0.0
9,202692,Alec Burks,1610612762,UTA,31,13,18,797.0,248,54,117,0.462,55,76,0.724,166,0.669,58,0.234,11,0.044,20,0.081,38,0.153
10,203458,Alex Len,1610612756,PHX,78,23,55,1821.0,46,9,23,0.391,7,10,0.7,25,0.543,10,0.217,3,0.065,2,0.043,5,0.109
11,1627293,Alex Stepheson,1610612763,MEM,8,2,6,72.0,0,0,0,0.0,0,0,0.0,0,0.0,0,0.0,0,0.0,0,0.0,0,0.0
12,201582,Alexis Ajinca,1610612740,NOP,59,20,39,861.0,27,7,19,0.368,2,2,1.0,17,0.63,4,0.148,0,0.0,3,0.111,1,0.037
13,203459,Allen Crabbe,1610612757,POR,81,43,38,2105.0,143,29,67,0.433,10,12,0.833,71,0.497,44,0.308,14,0.098,9,0.063,6,0.042
14,202087,Alonzo Gee,1610612740,NOP,73,27,46,1632.0,106,23,41,0.561,11,20,0.55,58,0.547,33,0.311,10,0.094,11,0.104,10,0.094
15,2405,Amar'e Stoudemire,1610612748,MIA,52,30,22,762.0,15,2,2,1.0,0,0,0.0,4,0.267,8,0.533,3,0.2,2,0.133,0,0.0
16,101161,Amir Johnson,1610612738,BOS,78,44,34,1777.0,52,14,28,0.5,6,8,0.75,34,0.654,11,0.212,3,0.058,5,0.096,4,0.077
17,2760,Anderson Varejao,1610612744,GSW,53,41,12,496.0,23,4,7,0.571,3,4,0.75,11,0.478,8,0.348,0,0.0,4,0.174,2,0.087
18,203083,Andre Drummond,1610612765,DET,81,43,38,2666.0,76,17,46,0.37,10,28,0.357,45,0.592,9,0.118,1,0.013,5,0.066,14,0.184
19,2738,Andre Iguodala,1610612744,GSW,65,59,6,1732.0,113,19,35,0.543,7,10,0.7,47,0.416,49,0.434,16,0.142,6,0.053,5,0.044
20,1889,Andre Miller,1610612759,SAS,39,20,19,461.0,113,23,45,0.511,8,12,0.667,55,0.487,33,0.292,20,0.177,9,0.08,6,0.053
21,203460,Andre Roberson,1610612760,OKC,70,48,22,1553.0,45,4,19,0.211,3,6,0.5,11,0.244,15,0.333,4,0.089,4,0.089,3,0.067
22,200745,Andrea Bargnani,1610612751,BKN,46,11,35,634.0,44,13,29,0.448,11,14,0.786,38,0.864,5,0.114,1,0.023,2,0.045,7,0.159
23,101106,Andrew Bogut,1610612744,GSW,70,62,8,1451.0,10,1,3,0.333,3,6,0.5,5,0.5,2,0.2,1,0.1,1,0.1,3,0.3
24,202726,Andrew Goudelock,1610612745,HOU,8,5,3,50.0,11,5,8,0.625,0,0,0.0,10,0.909,2,0.182,0,0.0,1,0.091,0,0.0
25,203094,Andrew Nicholson,1610612753,ORL,55,22,33,820.0,61,19,30,0.633,11,16,0.688,52,0.852,11,0.18,3,0.049,9,0.148,8,0.131
26,203952,Andrew Wiggins,1610612750,MIN,81,29,52,2845.0,609,139,283,0.491,127,158,0.804,420,0.69,156,0.256,32,0.053,48,0.079,80,0.131
27,203461,Anthony Bennett,1610612761,TOR,19,12,7,84.0,5,1,3,0.333,0,0,0.0,2,0.4,2,0.4,0,0.0,0,0.0,0,0.0
28,1626148,Anthony Brown,1610612747,LAL,29,4,25,599.0,31,4,14,0.286,7,8,0.875,16,0.516,10,0.323,1,0.032,2,0.065,4,0.129
29,203076,Anthony Davis,1610612740,NOP,61,24,37,2164.0,156,44,100,0.44,26,32,0.813,119,0.763,29,0.186,3,0.019,5,0.032,17,0.109
30,201627,Anthony Morrow,1610612760,OKC,68,46,22,926.0,68,15,43,0.349,5,6,0.833,37,0.544,14,0.206,1,0.015,6,0.088,3,0.044
31,201229,Anthony Tolliver,1610612765,DET,72,36,36,1341.0,39,8,14,0.571,5,6,0.833,21,0.538,15,0.385,3,0.077,4,0.103,3,0.077
32,203462,Archie Goodwin,1610612756,PHX,57,14,43,1114.0,334,64,154,0.416,54,76,0.711,185,0.554,90,0.269,20,0.06,28,0.084,39,0.117
33,203382,Aron Baynes,1610612765,DET,81,43,38,1233.0,6,2,2,1.0,1,2,0.5,5,0.833,0,0.0,1,0.167,2,0.333,1,0.167
34,201167,Arron Afflalo,1610612752,NYK,71,27,44,2371.0,224,44,106,0.415,17,24,0.708,111,0.496,68,0.304,25,0.112,10,0.045,12,0.054
35,203085,Austin Rivers,1610612746,LAC,67,42,25,1464.0,358,82,169,0.485,35,45,0.778,206,0.575,117,0.327,28,0.078,14,0.039,23,0.064
36,202340,Avery Bradley,1610612738,BOS,75,44,31,2507.0,136,40,82,0.488,16,21,0.762,97,0.713,20,0.147,9,0.066,8,0.059,12,0.088
37,1626253,Axel Toupane,1610612743,DEN,21,9,12,305.0,6,0,0,0.0,1,4,0.25,1,0.167,3,0.5,0,0.0,1,0.167,2,0.333
38,203463,Ben McLemore,1610612758,SAC,67,28,39,1418.0,183,26,71,0.366,22,24,0.917,74,0.404,58,0.317,17,0.093,21,0.115,12,0.066
39,2757,Beno Udrih,1610612763,MEM,44,26,18,708.0,197,32,57,0.561,3,4,0.75,69,0.35,95,0.482,24,0.122,10,0.051,2,0.01
40,202687,Bismack Biyombo,1610612761,TOR,81,55,26,1787.0,7,0,4,0.0,1,4,0.25,1,0.143,1,0.143,0,0.0,0,0.0,2,0.286
41,201933,Blake Griffin,1610612746,LAC,35,22,13,1170.0,122,31,56,0.554,21,30,0.7,85,0.697,34,0.279,9,0.074,5,0.041,18,0.148
42,1626246,Boban Marjanovic,1610612759,SAS,54,47,7,508.0,0,0,0,0.0,0,0,0.0,0,0.0,0,0.0,0,0.0,0,0.0,0,0.0
43,1626171,Bobby Portis,1610612741,CHI,62,29,33,1102.0,50,9,32,0.281,2,2,1.0,20,0.4,12,0.24,1,0.02,4,0.08,1,0.02
44,202711,Bojan Bogdanovic,1610612751,BKN,79,21,58,2115.0,282,55,141,0.39,27,32,0.844,140,0.496,77,0.273,18,0.064,21,0.074,16,0.057
45,2564,Boris Diaw,1610612759,SAS,76,64,12,1386.0,143,29,56,0.518,10,17,0.588,72,0.503,40,0.28,19,0.133,13,0.091,9,0.063
46,203078,Bradley Beal,1610612764,WAS,55,28,27,1708.0,405,103,199,0.518,33,44,0.75,248,0.612,121,0.299,33,0.081,23,0.057,22,0.054
47,201148,Brandan Wright,1610612763,MEM,12,6,6,212.0,5,3,4,0.75,0,0,0.0,6,1.2,0,0.0,0,0.0,1,0.2,0,0.0
48,1626183,Branden Dawson,1610612746,LAC,6,5,1,29.0,0,0,0,0.0,0,0,0.0,0,0.0,0,0.0,0,0.0,0,0.0,0,0.0
49,101138,Brandon Bass,1610612747,LAL,66,16,50,1342.0,30,6,17,0.353,5,8,0.625,17,0.567,6,0.2,1,0.033,2,0.067,4,0.133
50,201943,Brandon Jennings,1610612753,ORL,48,20,28,868.0,204,24,66,0.364,22,26,0.846,72,0.353,90,0.441,21,0.103,11,0.054,13,0.064
51,202688,Brandon Knight,1610612756,PHX,52,16,36,1870.0,498,92,209,0.44,49,60,0.817,238,0.478,165,0.331,45,0.09,38,0.076,31,0.062
52,201575,Brandon Rush,1610612744,GSW,72,63,9,1055.0,61,11,29,0.379,6,8,0.75,29,0.475,17,0.279,2,0.033,9,0.148,4,0.066
53,203148,Brian Roberts,1610612757,POR,51,26,25,470.0,105,16,42,0.381,15,16,0.938,50,0.476,35,0.333,9,0.086,8,0.076,8,0.076
54,1627362,Briante Weber,1610612748,MIA,7,3,4,169.0,37,6,17,0.353,0,0,0.0,12,0.324,12,0.324,3,0.081,4,0.108,0,0.0
55,201572,Brook Lopez,1610612751,BKN,73,21,52,2457.0,155,48,97,0.495,37,44,0.841,136,0.877,16,0.103,7,0.045,11,0.071,22,0.142
56,203998,Bruno Caboclo,1610612761,TOR,6,6,0,43.0,7,0,2,0.0,0,0,0.0,0,0.0,4,0.571,0,0.0,1,0.143,0,0.0
57,203955,Bryce Cotton,1610612763,MEM,8,1,7,39.0,2,0,0,0.0,0,0,0.0,0,0.0,1,0.5,1,0.5,0,0.0,0,0.0
58,1626214,Bryce Dejean-Jones,1610612740,NOP,14,8,6,279.0,30,4,10,0.4,3,8,0.375,12,0.4,10,0.333,3,0.1,2,0.067,4,0.133
59,201228,C.J. Watson,1610612753,ORL,33,14,19,656.0,79,11,25,0.44,6,8,0.75,29,0.367,36,0.456,7,0.089,3,0.038,4,0.051
60,203468,CJ McCollum,1610612757,POR,80,44,36,2780.0,904,193,435,0.444,61,70,0.871,455,0.503,283,0.313,73,0.081,54,0.06,36,0.04
61,101139,CJ Miles,1610612754,IND,64,34,30,1464.0,139,32,76,0.421,26,34,0.765,91,0.655,29,0.209,7,0.05,6,0.043,17,0.122
62,203912,CJ Wilcox,1610612746,LAC,23,15,8,167.0,21,1,9,0.111,0,0,0.0,2,0.095,9,0.429,3,0.143,0,0.0,0,0.0
63,203946,Cameron Bairstow,1610612765,DET,18,4,14,103.0,9,2,5,0.4,4,4,1.0,8,0.889,1,0.111,0,0.0,1,0.111,2,0.222
64,1626166,Cameron Payne,1610612760,OKC,57,44,13,698.0,210,35,81,0.432,9,10,0.9,81,0.386,85,0.405,27,0.129,9,0.043,7,0.033
65,201171,Carl Landry,1610612755,PHI,36,5,31,569.0,15,2,7,0.286,6,6,1.0,10,0.667,3,0.2,1,0.067,0,0.0,3,0.2
66,2546,Carmelo Anthony,1610612752,NYK,72,32,40,2530.0,231,57,120,0.475,58,68,0.853,177,0.766,43,0.186,19,0.082,12,0.052,34,0.147
67,2406,Caron Butler,1610612758,SAC,16,2,14,168.0,6,2,5,0.4,0,0,0.0,4,0.667,1,0.167,0,0.0,0,0.0,0,0.0
68,202718,Chandler Parsons,1610612742,DAL,61,29,32,1799.0,414,92,176,0.523,31,46,0.674,219,0.529,144,0.348,39,0.094,24,0.058,23,0.056
69,101112,Channing Frye,1610612739,CLE,69,35,34,1177.0,28,3,11,0.273,2,4,0.5,8,0.286,12,0.429,2,0.071,1,0.036,2,0.071
70,101111,Charlie Villanueva,1610612742,DAL,62,29,33,665.0,94,25,59,0.424,2,2,1.0,52,0.553,19,0.202,5,0.053,8,0.085,1,0.011
71,201978,Chase Budinger,1610612756,PHX,66,29,37,930.0,72,13,33,0.394,17,22,0.773,43,0.597,19,0.264,3,0.042,4,0.056,11,0.153
72,2365,Chris Andersen,1610612763,MEM,27,11,16,403.0,8,2,2,1.0,0,0,0.0,4,0.5,5,0.625,1,0.125,0,0.0,0,0.0
73,2547,Chris Bosh,1610612748,MIA,53,29,24,1778.0,233,62,118,0.525,84,98,0.857,211,0.906,34,0.146,15,0.064,11,0.047,49,0.21
74,203142,Chris Copeland,1610612749,MIL,24,10,14,156.0,17,4,8,0.5,3,4,0.75,12,0.706,3,0.176,2,0.118,2,0.118,2,0.118
75,203187,Chris Johnson,1610612762,UTA,70,38,32,857.0,83,8,33,0.242,8,10,0.8,24,0.289,24,0.289,14,0.169,7,0.084,5,0.06
76,2549,Chris Kaman,1610612757,POR,16,11,5,112.0,3,2,2,1.0,0,0,0.0,4,1.333,1,0.333,0,0.0,0,0.0,0,0.0
77,1626191,Chris McCullough,1610612751,BKN,24,7,17,362.0,11,2,7,0.286,2,4,0.5,6,0.545,0,0.0,2,0.182,0,0.0,2,0.182
78,101108,Chris Paul,1610612746,LAC,74,50,24,2420.0,814,160,331,0.483,53,66,0.803,382,0.469,275,0.338,112,0.138,43,0.053,36,0.044
79,1626174,Christian Wood,1610612755,PHI,17,0,17,145.0,2,1,1,1.0,0,0,0.0,2,1.0,0,0.0,0,0.0,0,0.0,0,0.0
80,101236,Chuck Hayes,1610612746,LAC,2,1,1,24.0,0,0,0,0.0,0,0,0.0,0,0.0,0,0.0,0,0.0,0,0.0,0,0.0
81,203921,Cleanthony Early,1610612752,NYK,17,6,11,154.0,10,1,2,0.5,2,2,1.0,4,0.4,5,0.5,0,0.0,2,0.2,1,0.1
82,1626146,Cliff Alexander,1610612757,POR,8,3,5,36.0,0,0,0,0.0,0,0,0.0,0,0.0,0,0.0,0,0.0,0,0.0,0,0.0
83,203991,Clint Capela,1610612745,HOU,77,39,38,1471.0,31,7,18,0.389,4,8,0.5,18,0.581,6,0.194,1,0.032,2,0.065,4,0.129
84,203469,Cody Zeller,1610612766,CHA,73,42,31,1774.0,92,17,46,0.37,21,30,0.7,57,0.62,23,0.25,6,0.065,1,0.011,16,0.174
85,202332,Cole Aldrich,1610612746,LAC,60,41,19,800.0,7,1,3,0.333,0,0,0.0,2,0.286,3,0.429,0,0.0,1,0.143,0,0.0
86,201147,Corey Brewer,1610612745,HOU,82,41,41,1669.0,215,38,105,0.362,23,24,0.958,99,0.46,63,0.293,12,0.056,17,0.079,12,0.056
87,203928,Cory Jefferson,1610612756,PHX,8,2,6,50.0,2,0,2,0.0,0,0,0.0,0,0.0,0,0.0,0,0.0,0,0.0,0,0.0
88,202709,Cory Joseph,1610612761,TOR,79,53,26,2011.0,785,138,301,0.458,72,89,0.809,356,0.454,300,0.382,76,0.097,41,0.052,46,0.059
89,1626262,Coty Clarke,1610612738,BOS,3,0,3,6.0,2,0,1,0.0,0,0,0.0,0,0.0,1,0.5,0,0.0,0,0.0,0,0.0
90,201584,Courtney Lee,1610612766,CHA,79,49,30,2334.0,248,56,126,0.444,26,28,0.929,140,0.565,76,0.306,15,0.06,14,0.056,14,0.056
91,1626245,Cristiano Felicio,1610612741,CHI,31,14,17,321.0,5,1,3,0.333,0,0,0.0,2,0.4,1,0.2,0,0.0,1,0.2,0,0.0
92,1626156,D'Angelo Russell,1610612747,LAL,80,17,63,2259.0,432,91,201,0.453,40,52,0.769,233,0.539,135,0.313,33,0.076,28,0.065,26,0.06
93,201571,D.J. Augustin,1610612743,DEN,62,35,27,1178.0,389,49,108,0.454,40,50,0.8,140,0.36,163,0.419,60,0.154,27,0.069,26,0.067
94,2563,Dahntay Jones,1610612739,CLE,1,0,1,42.0,3,0,1,0.0,0,0,0.0,0,0.0,2,0.667,0,0.0,0,0.0,0,0.0
95,203081,Damian Lillard,1610612757,POR,75,40,35,2676.0,1022,204,459,0.444,183,198,0.924,608,0.595,277,0.271,95,0.093,64,0.063,101,0.099
96,203996,Damien Inglis,1610612749,MIL,20,5,15,156.0,26,3,9,0.333,1,2,0.5,7,0.269,12,0.462,1,0.038,3,0.115,1,0.038
97,204014,Damjan Rudez,1610612750,MIN,33,9,24,277.0,10,0,1,0.0,2,2,1.0,2,0.2,6,0.6,2,0.2,0,0.0,1,0.1
98,201568,Danilo Gallinari,1610612743,DEN,53,22,31,1839.0,352,42,121,0.347,122,140,0.871,212,0.602,95,0.27,28,0.08,27,0.077,70,0.199
99,201980,Danny Green,1610612759,SAS,79,65,14,2062.0,181,17,51,0.333,9,10,0.9,43,0.238,83,0.459,20,0.11,17,0.094,5,0.028
100,201967,Dante Cunningham,1610612740,NOP,80,28,52,1971.0,77,17,41,0.415,17,24,0.708,52,0.675,18,0.234,2,0.026,3,0.039,12,0.156
101,201589,Darrell Arthur,1610612743,DEN,70,26,44,1516.0,28,1,14,0.071,6,8,0.75,8,0.286,6,0.214,0,0.0,3,0.107,4,0.143
102,201954,Darren Collison,1610612758,SAC,73,29,44,2192.0,483,69,150,0.46,53,66,0.803,201,0.416,211,0.437,53,0.11,28,0.058,34,0.07
103,1626199,Darrun Hilliard,1610612765,DET,38,17,21,383.0,91,13,33,0.394,9,12,0.75,38,0.418,32,0.352,12,0.132,7,0.077,6,0.066
104,101135,David Lee,1610612742,DAL,54,26,28,888.0,41,12,29,0.414,5,10,0.5,29,0.707,3,0.073,1,0.024,3,0.073,5,0.122
105,2561,David West,1610612759,SAS,78,63,15,1404.0,41,10,28,0.357,6,8,0.75,27,0.659,2,0.049,5,0.122,0,0.0,4,0.098
106,201599,DeAndre Jordan,1610612746,LAC,77,51,26,2598.0,17,5,8,0.625,3,6,0.5,14,0.824,3,0.176,1,0.059,2,0.118,3,0.176
107,201971,DeJuan Blair,1610612764,WAS,29,12,17,218.0,3,0,0,0.0,0,0,0.0,0,0.0,2,0.667,0,0.0,0,0.0,0,0.0
108,201942,DeMar DeRozan,1610612761,TOR,77,52,25,2764.0,1294,261,533,0.49,225,264,0.852,773,0.597,429,0.332,102,0.079,66,0.051,134,0.104
109,202326,DeMarcus Cousins,1610612758,SAC,64,29,35,2221.0,598,130,310,0.419,114,156,0.731,386,0.645,110,0.184,28,0.047,51,0.085,81,0.135
110,201960,DeMarre Carroll,1610612761,TOR,26,16,10,786.0,91,18,55,0.327,2,6,0.333,38,0.418,26,0.286,3,0.033,4,0.044,3,0.033
111,1626153,Delon Wright,1610612761,TOR,27,19,8,229.0,101,19,43,0.442,16,20,0.8,54,0.535,30,0.297,11,0.109,5,0.05,10,0.099
112,203471,Dennis Schroder,1610612737,ATL,80,47,33,1621.0,731,133,297,0.448,68,90,0.756,341,0.466,247,0.338,64,0.088,65,0.089,48,0.066
113,101114,Deron Williams,1610612742,DAL,65,31,34,2106.0,657,101,225,0.449,56,68,0.824,260,0.396,281,0.428,67,0.102,39,0.059,34,0.052
114,202324,Derrick Favors,1610612762,UTA,62,30,32,1983.0,40,8,21,0.381,5,6,0.833,23,0.575,8,0.2,4,0.1,4,0.1,3,0.075
115,201565,Derrick Rose,1610612741,CHI,66,32,34,2097.0,892,202,432,0.468,58,76,0.763,475,0.533,276,0.309,82,0.092,55,0.062,38,0.043
116,202682,Derrick Williams,1610612752,NYK,80,32,48,1435.0,134,26,64,0.406,52,64,0.813,109,0.813,23,0.172,4,0.03,9,0.067,32,0.239
117,1626164,Devin Booker,1610612756,PHX,76,20,56,2108.0,355,72,163,0.442,53,64,0.828,202,0.569,106,0.299,30,0.085,16,0.045,32,0.09
118,2734,Devin Harris,1610612742,DAL,64,35,29,1280.0,267,37,81,0.457,21,32,0.656,96,0.36,111,0.416,34,0.127,19,0.071,16,0.06
119,203906,Devyn Marble,1610612753,ORL,28,12,16,249.0,32,5,16,0.313,2,8,0.25,12,0.375,9,0.281,2,0.063,1,0.031,4,0.125
120,203473,Dewayne Dedmon,1610612753,ORL,58,21,37,705.0,5,0,3,0.0,2,2,1.0,2,0.4,1,0.2,0,0.0,0,0.0,1,0.2
121,203079,Dion Waiters,1610612760,OKC,78,53,25,2152.0,490,78,183,0.426,47,67,0.701,209,0.427,182,0.371,45,0.092,41,0.084,34,0.069
122,1717,Dirk Nowitzki,1610612742,DAL,75,38,37,2364.0,39,7,15,0.467,9,10,0.9,23,0.59,9,0.231,6,0.154,3,0.077,5,0.128
123,202388,Donald Sloan,1610612751,BKN,61,13,48,1318.0,451,50,105,0.476,27,36,0.75,132,0.293,223,0.494,74,0.164,23,0.051,18,0.04
124,202700,Donatas Motiejunas,1610612745,HOU,37,19,18,547.0,26,6,14,0.429,6,6,1.0,18,0.692,5,0.192,1,0.038,2,0.077,3,0.115
125,203926,Doug McDermott,1610612741,CHI,81,41,40,1861.0,127,36,93,0.387,15,18,0.833,87,0.685,12,0.094,2,0.016,9,0.071,9,0.071
126,203110,Draymond Green,1610612744,GSW,81,73,8,2808.0,321,65,141,0.461,46,64,0.719,184,0.573,86,0.268,36,0.112,20,0.062,33,0.103
127,2400,Drew Gooden,1610612764,WAS,30,18,12,305.0,17,1,8,0.125,3,4,0.75,5,0.294,5,0.294,0,0.0,1,0.059,2,0.118
128,1626251,Duje Dukan,1610612758,SAC,1,0,1,24.0,0,0,0,0.0,0,0,0.0,0,0.0,0,0.0,0,0.0,0,0.0,0,0.0
129,2730,Dwight Howard,1610612745,HOU,71,34,37,2280.0,17,1,4,0.25,1,2,0.5,3,0.176,9,0.529,1,0.059,1,0.059,1,0.059
130,203939,Dwight Powell,1610612742,DAL,69,35,34,992.0,47,4,21,0.19,3,4,0.75,11,0.234,17,0.362,2,0.043,4,0.085,2,0.043
131,2548,Dwyane Wade,1610612748,MIA,74,43,31,2258.0,945,193,409,0.472,105,128,0.82,497,0.526,292,0.309,115,0.122,50,0.053,64,0.068
132,202734,E'Twaun Moore,1610612741,CHI,59,29,30,1263.0,247,58,126,0.46,5,6,0.833,124,0.502,74,0.3,24,0.097,15,0.061,4,0.016
133,202334,Ed Davis,1610612757,POR,81,43,38,1684.0,26,7,13,0.538,5,8,0.625,20,0.769,6,0.231,3,0.115,0,0.0,4,0.154
134,204002,Edy Tavares,1610612737,ATL,11,7,4,73.0,0,0,0,0.0,0,0,0.0,0,0.0,0,0.0,0,0.0,0,0.0,0,0.0
135,203901,Elfrid Payton,1610612753,ORL,72,32,40,2125.0,764,136,310,0.439,42,88,0.477,322,0.421,252,0.33,98,0.128,50,0.065,45,0.059
136,202407,Elijah Millsap,1610612762,UTA,20,9,11,173.0,41,3,13,0.231,7,10,0.7,13,0.317,14,0.341,5,0.122,3,0.073,5,0.122
137,202343,Elliot Williams,1610612766,CHA,5,4,1,45.0,3,0,1,0.0,0,0,0.0,0,0.0,1,0.333,0,0.0,0,0.0,0,0.0
138,1882,Elton Brand,1610612755,PHI,17,2,15,225.0,8,2,4,0.5,0,0,0.0,4,0.5,2,0.25,2,0.25,0,0.0,0,0.0
139,1626144,Emmanuel Mudiay,1610612743,DEN,68,29,39,2068.0,789,99,287,0.345,60,91,0.659,261,0.331,295,0.374,89,0.113,58,0.074,48,0.061
140,202683,Enes Kanter,1610612760,OKC,82,55,27,1721.0,30,12,20,0.6,4,4,1.0,28,0.933,5,0.167,0,0.0,2,0.067,2,0.067
141,202339,Eric Bledsoe,1610612756,PHX,31,12,19,1059.0,540,74,164,0.451,54,63,0.857,209,0.387,221,0.409,57,0.106,50,0.093,31,0.057
142,201569,Eric Gordon,1610612740,NOP,45,14,31,1481.0,269,60,132,0.455,23,24,0.958,150,0.558,75,0.279,22,0.082,22,0.082,12,0.045
143,203961,Eric Moreland,1610612758,SAC,7,1,6,43.0,2,0,0,0.0,0,0,0.0,0,0.0,2,1.0,0,0.0,0,0.0,0,0.0
144,203475,Erick Green,1610612743,DEN,9,6,3,42.0,6,2,4,0.5,0,0,0.0,4,0.667,1,0.167,1,0.167,0,0.0,0,0.0
145,101141,Ersan Ilyasova,1610612753,ORL,74,35,39,1880.0,106,23,64,0.359,9,16,0.563,56,0.528,15,0.142,4,0.038,14,0.132,9,0.085
146,203095,Evan Fournier,1610612753,ORL,78,33,45,2532.0,611,127,261,0.487,79,94,0.84,347,0.568,188,0.308,64,0.105,43,0.07,48,0.079
147,202323,Evan Turner,1610612738,BOS,80,46,34,2244.0,515,127,258,0.492,47,60,0.783,306,0.594,128,0.249,58,0.113,34,0.066,32,0.062
148,203105,Festus Ezeli,1610612744,GSW,46,42,4,770.0,6,1,1,1.0,1,2,0.5,3,0.5,3,0.5,1,0.167,0,0.0,1,0.167
149,1626163,Frank Kaminsky,1610612766,CHA,81,47,34,1708.0,226,39,110,0.355,29,38,0.763,108,0.478,61,0.27,13,0.058,18,0.08,20,0.088
150,202066,Garrett Temple,1610612764,WAS,80,40,40,1951.0,173,19,45,0.422,12,14,0.857,51,0.295,69,0.399,32,0.185,14,0.081,8,0.046
151,203914,Gary Harris,1610612743,DEN,76,31,45,2439.0,380,63,154,0.409,33,40,0.825,162,0.426,132,0.347,44,0.116,23,0.061,20,0.053
152,202390,Gary Neal,1610612764,WAS,40,18,22,807.0,137,47,84,0.56,13,16,0.813,107,0.781,25,0.182,9,0.066,8,0.058,8,0.058
153,201588,George Hill,1610612754,IND,74,41,33,2524.0,379,53,138,0.384,19,26,0.731,129,0.34,145,0.383,43,0.113,27,0.071,14,0.037
154,101123,Gerald Green,1610612748,MIA,69,40,29,1557.0,168,42,93,0.452,19,24,0.792,108,0.643,36,0.214,9,0.054,15,0.089,12,0.071
155,201945,Gerald Henderson,1610612757,POR,72,39,33,1431.0,157,36,77,0.468,28,40,0.7,101,0.643,36,0.229,8,0.051,11,0.07,20,0.127
156,203507,Giannis Antetokounmpo,1610612749,MIL,80,32,48,2823.0,705,126,268,0.47,74,114,0.649,340,0.482,255,0.362,74,0.105,36,0.051,57,0.081
157,203922,Glenn Robinson III,1610612754,IND,45,24,21,508.0,56,8,24,0.333,6,8,0.75,22,0.393,22,0.393,4,0.071,2,0.036,4,0.071
158,201609,Goran Dragic,1610612748,MIA,72,44,28,2363.0,1041,149,302,0.493,41,64,0.641,345,0.331,473,0.454,145,0.139,67,0.064,33,0.032
159,202330,Gordon Hayward,1610612762,UTA,80,38,42,2893.0,931,151,346,0.436,165,204,0.809,482,0.518,301,0.323,74,0.079,72,0.077,103,0.111
160,203476,Gorgui Dieng,1610612750,MIN,82,29,53,2220.0,65,17,33,0.515,11,12,0.917,47,0.723,18,0.277,5,0.077,3,0.046,6,0.092
161,202328,Greg Monroe,1610612749,MIL,79,32,47,2314.0,127,43,89,0.483,18,26,0.692,108,0.85,16,0.126,3,0.024,5,0.039,13,0.102
162,202962,Greg Smith,1610612750,MIN,18,8,10,192.0,4,1,2,0.5,0,0,0.0,2,0.5,1,0.25,0,0.0,1,0.25,0,0.0
163,202349,Greivis Vasquez,1610612749,MIL,23,9,14,460.0,137,18,43,0.419,9,10,0.9,45,0.328,66,0.482,14,0.102,9,0.066,5,0.036
164,203084,Harrison Barnes,1610612744,GSW,66,59,7,2042.0,115,26,58,0.448,21,28,0.75,76,0.661,25,0.217,4,0.035,11,0.096,14,0.122
165,202355,Hassan Whiteside,1610612748,MIA,73,42,31,2125.0,25,3,7,0.429,12,16,0.75,18,0.72,4,0.16,3,0.12,2,0.08,9,0.36
166,203156,Henry Sims,1610612751,BKN,14,2,12,263.0,1,0,1,0.0,0,0,0.0,0,0.0,0,0.0,0,0.0,0,0.0,0,0.0
167,203138,Hollis Thompson,1610612755,PHI,77,10,67,2154.0,291,50,111,0.45,27,28,0.964,134,0.46,102,0.351,38,0.131,22,0.076,14,0.048
168,203546,Ian Clark,1610612744,GSW,66,59,7,578.0,109,27,58,0.466,7,10,0.7,62,0.569,22,0.202,12,0.11,10,0.092,5,0.046
169,101133,Ian Mahinmi,1610612754,IND,71,41,30,1816.0,59,12,22,0.545,12,22,0.545,38,0.644,13,0.22,2,0.034,11,0.186,11,0.186
170,202697,Iman Shumpert,1610612739,CLE,54,39,15,1316.0,137,20,57,0.351,16,20,0.8,59,0.431,40,0.292,16,0.117,11,0.08,10,0.073
171,203477,Isaiah Canaan,1610612755,PHI,77,10,67,1966.0,314,43,128,0.336,37,40,0.925,125,0.398,109,0.347,23,0.073,29,0.092,20,0.064
172,202738,Isaiah Thomas,1610612738,BOS,81,47,34,2610.0,1336,212,503,0.421,183,209,0.876,622,0.466,481,0.36,138,0.103,73,0.055,104,0.078
173,202397,Ish Smith,1610612755,PHI,77,16,61,2239.0,1186,154,395,0.39,32,51,0.627,348,0.293,525,0.443,154,0.13,68,0.057,26,0.022
174,200826,J.J. Barea,1610612742,DAL,74,38,36,1667.0,677,142,313,0.454,37,47,0.787,329,0.486,216,0.319,82,0.121,30,0.044,26,0.038
175,201581,JJ Hickson,1610612764,WAS,35,17,18,437.0,20,4,13,0.308,3,6,0.5,12,0.6,2,0.1,1,0.05,1,0.05,3,0.15
176,1626266,JJ O'Brien,1610612762,UTA,2,2,0,6.0,1,0,1,0.0,0,0,0.0,0,0.0,0,0.0,0,0.0,0,0.0,0,0.0
177,200755,JJ Redick,1610612746,LAC,75,50,25,2097.0,207,40,85,0.471,29,36,0.806,110,0.531,74,0.357,14,0.068,10,0.048,18,0.087
178,2747,JR Smith,1610612739,CLE,77,53,24,2362.0,210,51,118,0.432,12,22,0.545,115,0.548,50,0.238,19,0.09,5,0.024,12,0.057
179,203960,JaKarr Sampson,1610612743,DEN,73,18,55,1160.0,231,42,97,0.433,25,42,0.595,110,0.476,72,0.312,11,0.048,25,0.108,22,0.095
180,203210,JaMychal Green,1610612763,MEM,78,39,39,1446.0,43,6,25,0.24,2,2,1.0,15,0.349,12,0.279,1,0.023,3,0.07,1,0.023
181,201580,JaVale McGee,1610612742,DAL,34,15,19,370.0,14,7,13,0.538,0,0,0.0,14,1.0,0,0.0,1,0.071,0,0.0,0,0.0
182,203953,Jabari Parker,1610612749,MIL,76,32,44,2408.0,333,70,165,0.424,44,58,0.759,189,0.568,98,0.294,12,0.036,21,0.063,30,0.09
183,203109,Jae Crowder,1610612738,BOS,72,42,30,2278.0,175,37,86,0.43,36,44,0.818,117,0.669,38,0.217,12,0.069,14,0.08,24,0.137
184,1626143,Jahlil Okafor,1610612755,PHI,53,6,47,1591.0,179,59,113,0.522,25,38,0.658,144,0.804,26,0.145,2,0.011,13,0.073,19,0.106
185,2037,Jamal Crawford,1610612746,LAC,79,51,28,2126.0,395,102,235,0.434,89,98,0.908,299,0.757,52,0.132,28,0.071,25,0.063,49,0.124
186,2749,Jameer Nelson,1610612743,DEN,39,12,27,1036.0,358,34,78,0.436,10,10,1.0,79,0.221,175,0.489,67,0.187,22,0.061,5,0.014
187,202341,James Anderson,1610612758,SAC,50,19,31,717.0,138,17,43,0.395,9,14,0.643,44,0.319,57,0.413,15,0.109,11,0.08,7,0.051
188,203516,James Ennis III,1610612740,NOP,22,11,11,329.0,41,5,15,0.333,8,12,0.667,19,0.463,10,0.244,3,0.073,5,0.122,6,0.146
189,201935,James Harden,1610612745,HOU,82,41,41,3125.0,1189,207,426,0.486,240,279,0.86,681,0.573,376,0.316,120,0.101,105,0.088,140,0.118
190,201949,James Johnson,1610612761,TOR,56,34,22,908.0,174,38,76,0.5,20,34,0.588,97,0.557,47,0.27,15,0.086,18,0.103,17,0.098
191,2592,James Jones,1610612739,CLE,48,33,15,463.0,22,5,10,0.5,3,4,0.75,13,0.591,8,0.364,1,0.045,1,0.045,2,0.091
192,203949,James Michael McAdoo,1610612744,GSW,41,37,4,262.0,11,3,7,0.429,2,4,0.5,9,0.818,1,0.091,0,0.0,1,0.091,2,0.182
193,203923,James Young,1610612738,BOS,28,11,17,196.0,10,2,4,0.5,1,4,0.25,5,0.5,1,0.1,1,0.1,2,0.2,2,0.2
194,203099,Jared Cunningham,1610612739,CLE,44,31,13,410.0,54,4,16,0.25,6,12,0.5,14,0.259,17,0.315,4,0.074,10,0.185,6,0.111
195,201162,Jared Dudley,1610612764,WAS,81,40,41,2098.0,168,9,20,0.45,13,18,0.722,34,0.202,74,0.44,35,0.208,25,0.149,9,0.054
196,203096,Jared Sullinger,1610612738,BOS,80,46,34,1900.0,138,29,76,0.382,22,28,0.786,82,0.594,26,0.188,8,0.058,11,0.08,14,0.101
197,204067,Jarell Eddie,1610612764,WAS,26,13,13,147.0,10,0,6,0.0,4,4,1.0,4,0.4,1,0.1,1,0.1,0,0.0,2,0.2
198,1626185,Jarell Martin,1610612763,MEM,27,10,17,380.0,23,4,11,0.364,8,12,0.667,19,0.826,6,0.261,0,0.0,0,0.0,6,0.261
199,203950,Jarnell Stokes,1610612763,MEM,7,1,6,19.0,1,1,1,1.0,0,0,0.0,2,2.0,0,0.0,0,0.0,0,0.0,0,0.0
200,101127,Jarrett Jack,1610612751,BKN,32,10,22,1027.0,335,40,113,0.354,29,32,0.906,111,0.331,126,0.376,53,0.158,23,0.069,16,0.048
201,201160,Jason Smith,1610612753,ORL,75,33,42,1144.0,56,11,32,0.344,16,18,0.889,38,0.679,7,0.125,1,0.018,5,0.089,9,0.161
202,1891,Jason Terry,1610612745,HOU,72,37,35,1258.0,167,30,64,0.469,9,10,0.9,70,0.419,65,0.389,22,0.132,9,0.054,5,0.03
203,201574,Jason Thompson,1610612761,TOR,47,38,9,471.0,16,4,7,0.571,4,8,0.5,13,0.813,1,0.063,1,0.063,1,0.063,5,0.313
204,201965,Jeff Ayres,1610612746,LAC,17,11,6,107.0,0,0,0,0.0,0,0,0.0,0,0.0,0,0.0,0,0.0,0,0.0,0,0.0
205,201145,Jeff Green,1610612746,LAC,80,48,32,2253.0,343,87,209,0.416,56,78,0.718,236,0.688,52,0.152,20,0.058,19,0.055,39,0.114
206,201952,Jeff Teague,1610612737,ATL,79,47,32,2255.0,1196,185,424,0.436,120,140,0.857,500,0.418,483,0.404,118,0.099,78,0.065,72,0.06
207,203481,Jeff Withey,1610612762,UTA,51,25,26,658.0,12,3,6,0.5,3,6,0.5,9,0.75,1,0.083,0,0.0,1,0.083,3,0.25
208,203924,Jerami Grant,1610612755,PHI,77,9,68,2066.0,367,70,162,0.432,63,90,0.7,206,0.561,95,0.259,21,0.057,34,0.093,46,0.125
209,202379,Jeremy Evans,1610612742,DAL,30,16,14,251.0,4,1,1,1.0,0,0,0.0,2,0.5,3,0.75,0,0.0,0,0.0,0,0.0
210,203087,Jeremy Lamb,1610612766,CHA,66,40,26,1227.0,218,53,118,0.449,34,42,0.81,145,0.665,46,0.211,17,0.078,12,0.055,21,0.096
211,202391,Jeremy Lin,1610612766,CHA,78,47,31,2048.0,735,115,256,0.449,95,118,0.805,332,0.452,246,0.335,77,0.105,70,0.095,60,0.082
212,1626170,Jerian Grant,1610612752,NYK,76,29,47,1265.0,413,63,144,0.438,54,68,0.794,186,0.45,155,0.375,44,0.107,27,0.065,34,0.082
213,201573,Jerryd Bayless,1610612749,MIL,52,21,31,1505.0,269,43,98,0.439,21,26,0.808,111,0.413,102,0.379,32,0.119,18,0.067,14,0.052
214,202690,Jimmer Fredette,1610612759,SAS,6,1,5,18.0,6,0,2,0.0,2,2,1.0,2,0.333,3,0.5,0,0.0,0,0.0,1,0.167
215,202710,Jimmy Butler,1610612741,CHI,67,37,30,2474.0,706,126,258,0.488,118,146,0.808,382,0.541,247,0.35,66,0.093,46,0.065,74,0.105
216,201149,Joakim Noah,1610612741,CHI,29,15,14,635.0,43,6,21,0.286,1,2,0.5,13,0.302,12,0.279,5,0.116,4,0.093,1,0.023
217,201975,Jodie Meeks,1610612765,DET,3,3,0,43.0,4,0,1,0.0,0,0,0.0,0,0.0,2,0.5,1,0.25,0,0.0,0,0.0
218,203925,Joe Harris,1610612739,CLE,5,5,0,15.0,1,0,0,0.0,0,0,0.0,0,0.0,1,1.0,0,0.0,0,0.0,0,0.0
219,204060,Joe Ingles,1610612762,UTA,81,40,41,1241.0,173,15,29,0.517,2,2,1.0,33,0.191,100,0.578,20,0.116,17,0.098,2,0.012
220,2207,Joe Johnson,1610612748,MIA,81,31,50,2703.0,470,90,195,0.462,36,44,0.818,216,0.46,163,0.347,54,0.115,33,0.07,22,0.047
221,1626202,Joe Young,1610612754,IND,41,19,22,384.0,126,12,34,0.353,10,12,0.833,35,0.278,51,0.405,25,0.198,7,0.056,6,0.048
222,201202,Joel Anthony,1610612765,DET,19,12,7,96.0,0,0,0,0.0,0,0,0.0,0,0.0,0,0.0,0,0.0,0,0.0,0,0.0
223,203530,Joffrey Lauvergne,1610612743,DEN,59,24,35,1041.0,51,8,30,0.267,3,4,0.75,19,0.373,9,0.176,2,0.039,6,0.118,2,0.039
224,203089,John Henson,1610612749,MIL,57,22,35,960.0,32,7,16,0.438,8,12,0.667,22,0.688,9,0.281,0,0.0,1,0.031,6,0.188
225,203098,John Jenkins,1610612756,PHX,43,18,25,480.0,48,10,23,0.435,7,8,0.875,29,0.604,15,0.313,2,0.042,4,0.083,4,0.083
226,202322,John Wall,1610612764,WAS,77,37,40,2784.0,965,123,273,0.451,72,98,0.735,331,0.343,407,0.422,138,0.143,76,0.079,49,0.051
227,203948,Johnny O'Bryant III,1610612749,MIL,66,27,39,857.0,46,3,16,0.188,0,0,0.0,7,0.152,19,0.413,5,0.109,6,0.13,0,0.0
228,202720,Jon Leuer,1610612756,PHX,67,22,45,1255.0,150,38,80,0.475,15,20,0.75,93,0.62,32,0.213,9,0.06,13,0.087,10,0.067
229,201973,Jonas Jerebko,1610612738,BOS,77,46,31,1160.0,76,17,40,0.425,9,12,0.75,44,0.579,21,0.276,1,0.013,6,0.079,6,0.079
230,202685,Jonas Valanciunas,1610612761,TOR,59,39,20,1527.0,19,6,11,0.545,7,8,0.875,22,1.158,3,0.158,0,0.0,1,0.053,4,0.211
231,203613,Jonathon Simmons,1610612759,SAS,55,47,8,813.0,220,42,98,0.429,32,36,0.889,119,0.541,64,0.291,17,0.077,17,0.077,18,0.082
232,203919,Jordan Adams,1610612763,MEM,2,0,2,15.0,1,0,0,0.0,0,0,0.0,0,0.0,1,1.0,0,0.0,0,0.0,0,0.0
233,203903,Jordan Clarkson,1610612747,LAL,79,17,62,2552.0,646,151,352,0.429,63,84,0.75,372,0.576,149,0.231,50,0.077,41,0.063,42,0.065
234,200770,Jordan Farmar,1610612763,MEM,12,2,10,291.0,68,9,27,0.333,2,2,1.0,20,0.294,29,0.426,5,0.074,6,0.088,1,0.015
235,202706,Jordan Hamilton,1610612740,NOP,11,4,7,304.0,82,13,29,0.448,4,8,0.5,31,0.378,32,0.39,11,0.134,4,0.049,4,0.049
236,201941,Jordan Hill,1610612754,IND,73,40,33,1513.0,21,5,14,0.357,4,6,0.667,14,0.667,2,0.095,0,0.0,1,0.048,3,0.143
237,203895,Jordan McRae,1610612739,CLE,22,10,12,196.0,54,9,21,0.429,10,12,0.833,29,0.537,17,0.315,4,0.074,5,0.093,6,0.111
238,1626175,Jordan Mickey,1610612738,BOS,16,9,7,57.0,2,0,2,0.0,0,0,0.0,0,0.0,0,0.0,0,0.0,0,0.0,0,0.0
239,203268,Jorge Gutierrez,1610612766,CHA,12,9,3,63.0,15,4,4,1.0,6,6,1.0,15,1.0,6,0.4,0,0.0,1,0.067,3,0.2
240,101181,Jose Calderon,1610612752,NYK,72,29,43,2024.0,261,27,47,0.574,5,6,0.833,62,0.238,147,0.563,43,0.165,15,0.057,3,0.011
241,203962,Josh Huestis,1610612760,OKC,5,2,3,55.0,2,0,1,0.0,0,0,0.0,0,0.0,0,0.0,0,0.0,1,0.5,0,0.0
242,201177,Josh McRoberts,1610612748,MIA,42,27,15,595.0,119,16,44,0.364,8,10,0.8,41,0.345,46,0.387,13,0.109,8,0.067,5,0.042
243,1626196,Josh Richardson,1610612748,MIA,52,29,23,1107.0,191,28,76,0.368,21,28,0.75,78,0.408,73,0.382,13,0.068,12,0.063,15,0.079
244,2746,Josh Smith,1610612745,HOU,55,31,24,880.0,83,17,34,0.5,7,14,0.5,41,0.494,24,0.289,12,0.145,5,0.06,7,0.084
245,201950,Jrue Holiday,1610612740,NOP,65,27,38,1831.0,947,195,392,0.497,90,106,0.849,500,0.528,332,0.351,118,0.125,37,0.039,53,0.056
246,203944,Julius Randle,1610612747,LAL,81,17,64,2286.0,352,80,205,0.39,43,68,0.632,208,0.591,66,0.188,16,0.045,26,0.074,34,0.097
247,1626147,Justin Anderson,1610612742,DAL,55,28,27,647.0,76,17,29,0.586,10,14,0.714,47,0.618,25,0.329,8,0.105,5,0.066,8,0.105
248,202712,Justin Harper,1610612751,BKN,5,4,1,35.0,1,0,0,0.0,0,0,0.0,0,0.0,0,0.0,0,0.0,1,1.0,0,0.0
249,203200,Justin Holiday,1610612741,CHI,53,28,25,773.0,86,6,35,0.171,13,16,0.813,25,0.291,24,0.279,13,0.151,4,0.047,8,0.093
250,1626159,Justise Winslow,1610612748,MIA,78,46,32,2232.0,166,23,65,0.354,12,22,0.545,61,0.367,55,0.331,17,0.102,14,0.084,11,0.066
251,203994,Jusuf Nurkic,1610612743,DEN,32,14,18,547.0,6,2,3,0.667,0,0,0.0,4,0.667,1,0.167,1,0.167,1,0.167,0,0.0
252,203909,KJ McDaniels,1610612745,HOU,37,17,20,235.0,38,7,16,0.438,6,12,0.5,20,0.526,6,0.158,4,0.105,5,0.132,6,0.158
253,1626157,Karl-Anthony Towns,1610612750,MIN,82,29,53,2627.0,159,52,99,0.525,24,32,0.75,135,0.849,21,0.132,8,0.05,11,0.069,16,0.101
254,202695,Kawhi Leonard,1610612759,SAS,72,60,12,2380.0,537,120,223,0.538,68,76,0.895,316,0.588,199,0.371,42,0.078,21,0.039,38,0.071
255,203951,Keith Appling,1610612753,ORL,5,0,5,27.0,6,1,1,1.0,2,2,1.0,4,0.667,3,0.5,0,0.0,1,0.167,1,0.167
256,203482,Kelly Olynyk,1610612738,BOS,68,39,29,1370.0,200,45,102,0.441,19,28,0.679,113,0.565,49,0.245,18,0.09,13,0.065,14,0.07
257,1626162,Kelly Oubre Jr.,1610612764,WAS,63,31,32,671.0,91,18,50,0.36,9,14,0.643,46,0.505,20,0.22,2,0.022,8,0.088,7,0.077
258,202689,Kemba Walker,1610612766,CHA,81,47,34,2885.0,889,162,361,0.449,111,138,0.804,445,0.501,326,0.367,71,0.08,49,0.055,70,0.079
259,203088,Kendall Marshall,1610612755,PHI,30,3,27,400.0,118,14,34,0.412,7,10,0.7,33,0.28,51,0.432,15,0.127,13,0.11,5,0.042
260,2570,Kendrick Perkins,1610612740,NOP,37,13,24,542.0,5,0,1,0.0,0,0,0.0,0,0.0,0,0.0,1,0.2,1,0.2,0,0.0
261,202702,Kenneth Faried,1610612743,DEN,67,26,41,1694.0,56,16,41,0.39,3,6,0.5,36,0.643,9,0.161,1,0.018,2,0.036,3,0.054
262,203145,Kent Bazemore,1610612737,ATL,75,44,31,2083.0,417,69,173,0.399,45,54,0.833,191,0.458,134,0.321,37,0.089,34,0.082,27,0.065
263,203484,Kentavious Caldwell-Pope,1610612765,DET,76,41,35,2789.0,349,84,207,0.406,41,56,0.732,217,0.622,63,0.181,23,0.066,25,0.072,28,0.08
264,201142,Kevin Durant,1610612760,OKC,72,52,20,2578.0,592,121,234,0.517,95,108,0.88,347,0.586,185,0.313,76,0.128,38,0.064,54,0.091
265,708,Kevin Garnett,1610612750,MIN,38,14,24,556.0,5,1,2,0.5,0,0,0.0,2,0.4,2,0.4,1,0.2,0,0.0,0,0.0
266,201567,Kevin Love,1610612739,CLE,77,53,24,2424.0,128,22,56,0.393,36,46,0.783,81,0.633,34,0.266,6,0.047,6,0.047,24,0.188
267,2755,Kevin Martin,1610612759,SAS,55,24,31,1095.0,149,26,75,0.347,41,46,0.891,94,0.631,33,0.221,10,0.067,7,0.047,24,0.161
268,202338,Kevin Seraphin,1610612752,NYK,48,15,33,526.0,5,1,4,0.25,0,0,0.0,2,0.4,0,0.0,1,0.2,0,0.0,0,0.0
269,1626172,Kevon Looney,1610612744,GSW,5,4,1,21.0,0,0,0,0.0,0,0,0.0,0,0.0,0,0.0,0,0.0,0,0.0,0,0.0
270,203114,Khris Middleton,1610612749,MIL,79,33,46,2852.0,484,84,185,0.454,55,68,0.809,227,0.469,160,0.331,64,0.132,33,0.068,34,0.07
271,2550,Kirk Hinrich,1610612737,ATL,46,26,20,631.0,98,8,30,0.267,4,4,1.0,20,0.204,42,0.429,15,0.153,5,0.051,2,0.02
272,202691,Klay Thompson,1610612744,GSW,80,71,9,2666.0,405,95,200,0.475,50,62,0.806,248,0.612,110,0.272,36,0.089,23,0.057,31,0.077
273,977,Kobe Bryant,1610612747,LAL,66,13,53,1863.0,318,69,149,0.463,40,51,0.784,182,0.572,91,0.286,26,0.082,13,0.041,27,0.085
274,201585,Kosta Koufos,1610612758,SAC,77,32,45,1463.0,20,3,18,0.167,0,0,0.0,6,0.3,2,0.1,0,0.0,0,0.0,0,0.0
275,203123,Kostas Papanikolaou,1610612743,DEN,26,8,18,294.0,54,2,14,0.143,4,4,1.0,8,0.148,23,0.426,5,0.093,9,0.167,2,0.037
276,2743,Kris Humphries,1610612737,ATL,53,29,24,835.0,63,9,31,0.29,3,8,0.375,22,0.349,18,0.286,3,0.048,4,0.063,4,0.063
277,204001,Kristaps Porzingis,1610612752,NYK,72,28,44,2047.0,147,28,90,0.311,25,32,0.781,84,0.571,22,0.15,5,0.034,11,0.075,16,0.109
278,203937,Kyle Anderson,1610612759,SAS,78,64,14,1245.0,210,41,82,0.5,21,28,0.75,106,0.505,74,0.352,26,0.124,10,0.048,14,0.067
279,2594,Kyle Korver,1610612737,ATL,80,46,34,2401.0,57,8,18,0.444,3,4,0.75,19,0.333,27,0.474,8,0.14,2,0.035,2,0.035
280,200768,Kyle Lowry,1610612761,TOR,76,53,23,2804.0,963,151,363,0.416,108,130,0.831,417,0.433,311,0.323,121,0.126,76,0.079,67,0.07
281,203124,Kyle O'Quinn,1610612752,NYK,65,26,39,764.0,18,3,7,0.429,3,4,0.75,9,0.5,4,0.222,0,0.0,3,0.167,2,0.111
282,202713,Kyle Singler,1610612760,OKC,68,43,25,977.0,72,8,24,0.333,5,6,0.833,21,0.292,24,0.333,6,0.083,14,0.194,3,0.042
283,202681,Kyrie Irving,1610612739,CLE,53,37,16,1667.0,634,146,306,0.477,57,64,0.891,353,0.557,182,0.287,64,0.101,38,0.06,32,0.05
284,200746,LaMarcus Aldridge,1610612759,SAS,74,61,13,2261.0,86,25,50,0.5,11,14,0.786,61,0.709,15,0.174,6,0.07,6,0.07,7,0.081
285,203934,Lamar Patterson,1610612737,ATL,35,23,12,395.0,50,4,10,0.4,8,12,0.667,16,0.32,17,0.34,9,0.18,8,0.16,6,0.12
286,202362,Lance Stephenson,1610612763,MEM,69,36,33,1372.0,343,73,154,0.474,43,52,0.827,196,0.571,102,0.297,24,0.07,30,0.087,27,0.079
287,202498,Lance Thomas,1610612752,NYK,59,25,34,1313.0,129,28,79,0.354,30,34,0.882,94,0.729,14,0.109,8,0.062,9,0.07,17,0.132
288,204038,Langston Galloway,1610612752,NYK,82,32,50,2033.0,149,38,88,0.432,9,15,0.6,88,0.591,35,0.235,11,0.074,6,0.04,8,0.054
289,1626204,Larry Nance Jr.,1610612747,LAL,63,14,49,1266.0,41,12,21,0.571,2,4,0.5,28,0.683,12,0.293,2,0.049,4,0.098,2,0.049
290,202730,Lavoy Allen,1610612754,IND,79,43,36,1599.0,12,1,7,0.143,0,0,0.0,2,0.167,3,0.25,0,0.0,2,0.167,0,0.0
291,2544,LeBron James,1610612739,CLE,76,56,20,2709.0,845,185,370,0.5,102,132,0.773,494,0.585,270,0.32,69,0.082,49,0.058,68,0.08
292,2571,Leandro Barbosa,1610612744,GSW,68,60,8,1079.0,173,31,76,0.408,15,20,0.75,80,0.462,59,0.341,15,0.087,7,0.04,11,0.064
293,203485,Lorenzo Brown,1610612765,DET,8,1,7,61.0,12,2,7,0.286,0,0,0.0,4,0.333,2,0.167,2,0.167,1,0.083,0,0.0
294,200811,Lou Amundson,1610612752,NYK,29,11,18,204.0,7,2,2,1.0,1,2,0.5,6,0.857,3,0.429,1,0.143,0,0.0,1,0.143
295,101150,Lou Williams,1610612747,LAL,67,14,53,1907.0,435,68,156,0.436,69,85,0.812,212,0.487,154,0.354,45,0.103,28,0.064,44,0.101
296,201601,Luc Mbah a Moute,1610612746,LAC,75,49,26,1274.0,58,8,22,0.364,2,6,0.333,18,0.31,27,0.466,1,0.017,5,0.086,3,0.052
297,203512,Lucas Nogueira,1610612761,TOR,29,17,12,225.0,2,0,2,0.0,0,0,0.0,0,0.0,0,0.0,0,0.0,0,0.0,0,0.0
298,1626242,Luis Montero,1610612757,POR,12,6,6,42.0,6,2,4,0.5,0,0,0.0,4,0.667,0,0.0,0,0.0,2,0.333,0,0.0
299,2449,Luis Scola,1610612761,TOR,75,49,26,1617.0,118,28,72,0.389,8,10,0.8,64,0.542,21,0.178,8,0.068,9,0.076,5,0.042
300,202337,Luke Babbitt,1610612740,NOP,47,16,31,845.0,219,48,113,0.425,18,23,0.783,116,0.53,58,0.265,15,0.068,11,0.05,12,0.055
301,2736,Luol Deng,1610612748,MIA,74,45,29,2394.0,219,44,91,0.484,30,38,0.789,121,0.553,76,0.347,21,0.096,9,0.041,19,0.087
302,1938,Manu Ginobili,1610612759,SAS,58,47,11,1134.0,334,53,130,0.408,38,44,0.864,147,0.44,119,0.356,30,0.09,27,0.081,22,0.066
303,201188,Marc Gasol,1610612763,MEM,52,30,22,1791.0,41,15,26,0.577,8,10,0.8,39,0.951,6,0.146,2,0.049,2,0.049,5,0.122
304,1626273,Marcelo Huertas,1610612747,LAL,53,8,45,869.0,210,43,91,0.473,9,10,0.9,100,0.476,72,0.343,26,0.124,13,0.062,5,0.024
305,101162,Marcin Gortat,1610612764,WAS,75,35,40,2256.0,15,7,11,0.636,2,2,1.0,17,1.133,1,0.067,0,0.0,2,0.133,1,0.067
306,201158,Marco Belinelli,1610612758,SAC,67,27,40,1646.0,129,9,30,0.3,7,8,0.875,25,0.194,66,0.512,20,0.155,5,0.039,4,0.031
307,202694,Marcus Morris,1610612765,DET,80,42,38,2856.0,341,67,140,0.479,47,62,0.758,186,0.545,106,0.311,27,0.079,30,0.088,33,0.097
308,203935,Marcus Smart,1610612738,BOS,61,36,25,1667.0,250,38,102,0.373,30,42,0.714,110,0.44,73,0.292,29,0.116,17,0.068,21,0.084
309,201977,Marcus Thornton,1610612764,WAS,61,32,29,1108.0,180,39,93,0.419,9,12,0.75,89,0.494,46,0.256,24,0.133,10,0.056,6,0.033
310,201596,Mario Chalmers,1610612748,MIA,61,38,23,1373.0,481,73,170,0.429,88,106,0.83,243,0.505,180,0.374,43,0.089,30,0.062,53,0.11
311,1626209,Mario Hezonja,1610612753,ORL,78,33,45,1399.0,172,27,62,0.435,12,14,0.857,68,0.395,63,0.366,15,0.087,21,0.122,7,0.041
312,203900,Markel Brown,1610612751,BKN,62,12,50,982.0,132,17,52,0.327,26,36,0.722,61,0.462,43,0.326,8,0.061,5,0.038,18,0.136
313,202693,Markieff Morris,1610612764,WAS,64,22,42,1629.0,140,30,85,0.353,19,26,0.731,85,0.607,21,0.15,6,0.043,11,0.079,14,0.1
314,201578,Marreese Speights,1610612744,GSW,72,64,8,832.0,40,9,21,0.429,10,12,0.833,28,0.7,7,0.175,1,0.025,5,0.125,6,0.15
315,101107,Marvin Williams,1610612766,CHA,81,47,34,2338.0,167,39,83,0.47,19,22,0.864,97,0.581,47,0.281,14,0.084,11,0.066,11,0.066
316,203486,Mason Plumlee,1610612757,POR,82,44,38,2084.0,137,19,48,0.396,19,40,0.475,57,0.416,45,0.328,8,0.058,13,0.095,20,0.146
317,2440,Matt Barnes,1610612763,MEM,76,38,38,2190.0,108,19,56,0.339,15,18,0.833,53,0.491,24,0.222,9,0.083,7,0.065,10,0.093
318,2588,Matt Bonner,1610612759,SAS,30,25,5,206.0,20,5,7,0.714,2,2,1.0,12,0.6,8,0.4,3,0.15,1,0.05,1,0.05
319,203521,Matthew Dellavedova,1610612739,CLE,76,54,22,1867.0,417,62,178,0.348,13,18,0.722,139,0.333,134,0.321,57,0.137,27,0.065,9,0.022
320,203090,Maurice Harkless,1610612757,POR,78,40,38,1457.0,142,32,73,0.438,19,26,0.731,86,0.606,30,0.211,10,0.07,14,0.099,14,0.099
321,1897,Metta World Peace,1610612747,LAL,35,6,29,590.0,48,10,31,0.323,11,14,0.786,33,0.688,3,0.063,2,0.042,3,0.063,7,0.146
322,203086,Meyers Leonard,1610612757,POR,61,33,28,1333.0,52,10,19,0.526,3,4,0.75,23,0.442,17,0.327,6,0.115,6,0.115,2,0.038
323,201563,Michael Beasley,1610612745,HOU,20,10,10,363.0,87,31,58,0.534,13,18,0.722,78,0.897,10,0.115,0,0.0,9,0.103,9,0.103
324,203487,Michael Carter-Williams,1610612749,MIL,54,21,33,1649.0,621,112,242,0.463,45,66,0.682,270,0.435,235,0.378,60,0.097,41,0.066,34,0.055
325,203077,Michael Kidd-Gilchrist,1610612766,CHA,7,5,2,205.0,27,7,16,0.438,3,4,0.75,17,0.63,6,0.222,1,0.037,2,0.074,2,0.074
326,201144,Mike Conley,1610612763,MEM,56,33,23,1761.0,594,110,243,0.453,83,96,0.865,311,0.524,210,0.354,61,0.103,21,0.035,49,0.082
327,2399,Mike Dunleavy,1610612741,CHI,31,13,18,703.0,43,5,22,0.227,8,8,1.0,20,0.465,12,0.279,2,0.047,2,0.047,4,0.093
328,2034,Mike Miller,1610612743,DEN,47,21,26,373.0,34,1,5,0.2,0,0,0.0,2,0.059,22,0.647,5,0.147,2,0.059,0,0.0
329,203488,Mike Muscala,1610612737,ATL,60,34,26,565.0,27,5,8,0.625,0,0,0.0,10,0.37,13,0.481,2,0.074,4,0.148,0,0.0
330,203118,Mike Scott,1610612737,ATL,75,46,29,1146.0,48,8,16,0.5,7,10,0.7,24,0.5,17,0.354,6,0.125,4,0.083,5,0.104
331,203101,Miles Plumlee,1610612749,MIL,61,23,38,870.0,12,3,9,0.333,0,0,0.0,6,0.5,1,0.083,0,0.0,2,0.167,0,0.0
332,203141,Mirza Teletovic,1610612756,PHX,79,23,56,1686.0,177,30,78,0.385,23,28,0.821,83,0.469,52,0.294,13,0.073,16,0.09,14,0.079
333,203956,Mitch McGary,1610612760,OKC,20,17,3,72.0,5,0,3,0.0,1,2,0.5,1,0.2,1,0.2,0,0.0,0,0.0,1,0.2
334,2590,Mo Williams,1610612739,CLE,41,27,14,748.0,188,17,52,0.327,7,8,0.875,41,0.218,88,0.468,26,0.138,12,0.064,4,0.021
335,101145,Monta Ellis,1610612754,IND,81,44,37,2734.0,551,108,231,0.468,55,74,0.743,278,0.505,178,0.323,60,0.109,39,0.071,38,0.069
336,1626149,Montrezl Harrell,1610612745,HOU,39,17,22,379.0,7,3,3,1.0,0,0,0.0,6,0.857,1,0.143,1,0.143,2,0.286,0,0.0
337,1626167,Myles Turner,1610612754,IND,60,32,28,1367.0,21,7,12,0.583,5,6,0.833,19,0.905,1,0.048,3,0.143,2,0.095,3,0.143
338,101126,Nate Robinson,1610612740,NOP,2,0,2,23.0,4,0,0,0.0,0,0,0.0,0,0.0,4,1.0,0,0.0,0,0.0,0,0.0
339,1737,Nazr Mohammed,1610612760,OKC,5,5,0,19.0,0,0,0,0.0,0,0,0.0,0,0.0,0,0.0,0,0.0,0,0.0,0,0.0
340,202357,Nemanja Bjelica,1610612750,MIN,60,20,40,1075.0,117,13,32,0.406,13,20,0.65,39,0.333,49,0.419,16,0.137,7,0.06,10,0.085
341,2403,Nene,1610612764,WAS,57,28,29,1094.0,66,17,29,0.586,15,24,0.625,50,0.758,17,0.258,4,0.061,3,0.045,12,0.182
342,203457,Nerlens Noel,1610612755,PHI,67,10,57,1965.0,133,19,48,0.396,16,28,0.571,55,0.414,50,0.376,5,0.038,14,0.105,14,0.105
343,2555,Nick Collison,1610612760,OKC,59,39,20,699.0,23,4,6,0.667,4,4,1.0,12,0.522,10,0.435,2,0.087,3,0.13,2,0.087
344,201156,Nick Young,1610612747,LAL,54,13,41,1033.0,51,11,24,0.458,8,10,0.8,30,0.588,16,0.314,2,0.039,2,0.039,6,0.118
345,201587,Nicolas Batum,1610612766,CHA,70,41,29,2448.0,368,51,110,0.464,23,26,0.885,129,0.351,160,0.435,51,0.139,27,0.073,13,0.035
346,203917,Nik Stauskas,1610612755,PHI,73,8,65,1809.0,392,49,105,0.467,44,60,0.733,148,0.378,172,0.439,47,0.12,29,0.074,30,0.077
347,203999,Nikola Jokic,1610612743,DEN,80,31,49,1733.0,46,7,20,0.35,4,4,1.0,18,0.391,13,0.283,5,0.109,3,0.065,2,0.043
348,202703,Nikola Mirotic,1610612741,CHI,66,37,29,1646.0,129,16,49,0.327,22,30,0.733,56,0.434,29,0.225,9,0.07,22,0.171,15,0.116
349,201593,Nikola Pekovic,1610612750,MIN,12,2,10,156.0,1,0,0,0.0,2,2,1.0,2,2.0,0,0.0,0,0.0,0,0.0,1,1.0
350,202696,Nikola Vucevic,1610612753,ORL,64,28,36,1998.0,165,51,105,0.486,19,23,0.826,123,0.745,35,0.212,6,0.036,7,0.042,12,0.073
351,203943,Noah Vonleh,1610612757,POR,78,41,37,1174.0,61,16,38,0.421,6,8,0.75,40,0.656,9,0.148,2,0.033,6,0.098,4,0.066
352,1626181,Norman Powell,1610612761,TOR,48,31,17,722.0,131,22,49,0.449,19,24,0.792,65,0.496,43,0.328,13,0.099,9,0.069,12,0.092
353,202708,Norris Cole,1610612740,NOP,45,20,25,1198.0,284,58,127,0.457,20,26,0.769,139,0.489,98,0.345,28,0.099,12,0.042,13,0.046
354,201564,O.J. Mayo,1610612749,MIL,41,17,24,1090.0,121,15,44,0.341,5,6,0.833,37,0.306,40,0.331,20,0.165,13,0.107,3,0.025
355,201600,Omer Asik,1610612740,NOP,68,29,39,1178.0,6,2,3,0.667,1,4,0.25,5,0.833,1,0.167,0,0.0,0,0.0,2,0.333
356,201956,Omri Casspi,1610612758,SAC,69,27,42,1880.0,265,61,140,0.436,35,60,0.583,164,0.619,52,0.196,18,0.068,16,0.06,30,0.113
357,203111,Orlando Johnson,1610612740,NOP,7,1,6,102.0,15,2,9,0.222,1,2,0.5,5,0.333,5,0.333,0,0.0,0,0.0,1,0.067
358,203490,Otto Porter Jr.,1610612764,WAS,75,36,39,2276.0,150,20,54,0.37,11,14,0.786,52,0.347,56,0.373,19,0.127,13,0.087,7,0.047
359,203798,PJ Hairston,1610612763,MEM,66,31,35,1313.0,95,27,60,0.45,9,14,0.643,65,0.684,18,0.189,1,0.011,8,0.084,7,0.074
360,200782,PJ Tucker,1610612756,PHX,82,23,59,2540.0,202,35,91,0.385,14,16,0.875,85,0.421,68,0.337,13,0.064,16,0.079,8,0.04
361,203143,Pablo Prigioni,1610612746,LAC,59,37,22,823.0,165,14,27,0.519,1,2,0.5,29,0.176,80,0.485,38,0.23,16,0.097,1,0.006
362,1626192,Pat Connaughton,1610612757,POR,34,17,17,143.0,27,3,11,0.273,0,0,0.0,6,0.222,11,0.407,2,0.074,3,0.111,0,0.0
363,201976,Patrick Beverley,1610612745,HOU,71,35,36,2041.0,462,70,176,0.398,23,31,0.742,163,0.353,184,0.398,51,0.11,28,0.061,16,0.035
364,202335,Patrick Patterson,1610612761,TOR,78,53,25,1984.0,159,47,95,0.495,9,10,0.9,103,0.648,39,0.245,9,0.057,10,0.063,5,0.031
365,201988,Patty Mills,1610612759,SAS,81,66,15,1662.0,207,20,43,0.465,4,4,1.0,46,0.222,113,0.546,33,0.159,12,0.058,2,0.01
366,2200,Pau Gasol,1610612741,CHI,72,36,36,2291.0,171,45,93,0.484,37,46,0.804,132,0.772,34,0.199,4,0.023,13,0.076,23,0.135
367,202331,Paul George,1610612754,IND,81,44,37,2819.0,618,106,235,0.451,113,122,0.926,340,0.55,191,0.309,54,0.087,51,0.083,64,0.104
368,200794,Paul Millsap,1610612737,ATL,81,48,33,2647.0,450,80,197,0.406,70,94,0.745,239,0.531,128,0.284,31,0.069,32,0.071,48,0.107
369,1718,Paul Pierce,1610612746,LAC,68,44,24,1231.0,156,19,49,0.388,22,26,0.846,61,0.391,60,0.385,14,0.09,17,0.109,13,0.083
370,203515,Phil Pressey,1610612757,POR,23,3,20,283.0,147,11,29,0.379,6,10,0.6,29,0.197,75,0.51,22,0.15,13,0.088,5,0.034
371,203112,Quincy Acy,1610612758,SAC,58,21,37,869.0,26,7,12,0.583,1,2,0.5,16,0.615,9,0.346,1,0.038,2,0.077,1,0.038
372,1626154,RJ Hunter,1610612738,BOS,35,20,15,307.0,22,2,7,0.286,3,4,0.75,7,0.318,10,0.455,1,0.045,2,0.091,2,0.091
373,200765,Rajon Rondo,1610612758,SAC,71,29,42,2513.0,923,138,276,0.5,26,50,0.52,305,0.33,367,0.398,146,0.158,85,0.092,25,0.027
374,1626176,Rakeem Christmas,1610612754,IND,1,1,0,6.0,0,0,0,0.0,0,0,0.0,0,0.0,0,0.0,0,0.0,0,0.0,0,0.0
375,201196,Ramon Sessions,1610612764,WAS,82,41,41,1667.0,548,101,239,0.423,112,144,0.778,324,0.591,150,0.274,50,0.091,29,0.053,73,0.133
376,200751,Randy Foye,1610612760,OKC,81,37,44,1642.0,277,50,104,0.481,24,30,0.8,127,0.458,102,0.368,31,0.112,20,0.072,16,0.058
377,1626173,Rashad Vaughn,1610612749,MIL,70,30,40,1001.0,75,9,43,0.209,7,8,0.875,25,0.333,17,0.227,3,0.04,7,0.093,4,0.053
378,2446,Rasual Butler,1610612759,SAS,46,41,5,432.0,30,7,14,0.5,1,2,0.5,15,0.5,9,0.3,4,0.133,2,0.067,1,0.033
379,203526,Raul Neto,1610612762,UTA,81,40,41,1499.0,462,56,147,0.381,34,44,0.773,149,0.323,184,0.398,62,0.134,37,0.08,22,0.048
380,203492,Ray McCallum,1610612759,SAS,41,30,11,474.0,105,9,28,0.321,2,2,1.0,20,0.19,47,0.448,18,0.171,7,0.067,1,0.01
381,101109,Raymond Felton,1610612742,DAL,80,40,40,2192.0,571,115,246,0.467,56,66,0.848,293,0.513,171,0.299,68,0.119,41,0.072,34,0.06
382,203493,Reggie Bullock,1610612765,DET,37,22,15,429.0,27,4,11,0.364,4,4,1.0,12,0.444,7,0.259,4,0.148,3,0.111,2,0.074
383,202704,Reggie Jackson,1610612765,DET,79,43,36,2424.0,1215,267,568,0.47,100,112,0.893,652,0.537,384,0.316,114,0.094,75,0.062,58,0.048
384,2210,Richard Jefferson,1610612739,CLE,74,51,23,1326.0,151,30,62,0.484,18,28,0.643,78,0.517,55,0.364,9,0.06,8,0.053,14,0.093
385,1626158,Richaun Holmes,1610612755,PHI,51,7,44,702.0,33,7,18,0.389,4,8,0.5,19,0.576,7,0.212,2,0.061,1,0.03,4,0.121
386,201937,Ricky Rubio,1610612750,MIN,76,28,48,2323.0,660,40,117,0.342,76,92,0.826,159,0.241,314,0.476,112,0.17,54,0.082,47,0.071
387,203496,Robert Covington,1610612755,PHI,67,10,57,1903.0,314,40,112,0.357,33,46,0.717,117,0.373,103,0.328,35,0.111,36,0.115,23,0.073
388,203135,Robert Sacre,1610612747,LAL,25,2,23,320.0,1,0,0,0.0,1,2,0.5,1,1.0,0,0.0,0,0.0,0,0.0,1,1.0
389,201577,Robin Lopez,1610612752,NYK,82,32,50,2219.0,34,10,20,0.5,2,2,1.0,22,0.647,5,0.147,0,0.0,8,0.235,1,0.029
390,203918,Rodney Hood,1610612762,UTA,79,39,40,2541.0,587,128,295,0.434,74,86,0.86,335,0.571,159,0.271,48,0.082,35,0.06,43,0.073
391,201155,Rodney Stuckey,1610612754,IND,58,33,25,1275.0,226,48,118,0.407,49,62,0.79,147,0.65,49,0.217,11,0.049,12,0.053,31,0.137
392,1626178,Rondae Hollis-Jefferson,1610612751,BKN,29,7,22,615.0,85,15,31,0.484,6,8,0.75,37,0.435,36,0.424,9,0.106,4,0.047,4,0.047
393,101179,Ronnie Price,1610612756,PHX,62,20,42,1211.0,142,14,34,0.412,8,12,0.667,37,0.261,66,0.465,15,0.106,15,0.106,6,0.042
394,201579,Roy Hibbert,1610612747,LAL,81,17,64,1878.0,12,1,5,0.2,6,6,1.0,9,0.75,2,0.167,1,0.083,1,0.083,3,0.25
395,200752,Rudy Gay,1610612758,SAC,69,29,40,2348.0,374,80,209,0.383,61,70,0.871,225,0.602,80,0.214,15,0.04,24,0.064,35,0.094
396,203497,Rudy Gobert,1610612762,UTA,61,33,28,1932.0,36,5,18,0.278,3,4,0.75,14,0.389,8,0.222,4,0.111,3,0.083,2,0.056
397,203893,Russ Smith,1610612763,MEM,15,6,9,66.0,31,3,12,0.25,2,6,0.333,9,0.29,12,0.387,2,0.065,2,0.065,3,0.097
398,201566,Russell Westbrook,1610612760,OKC,80,55,25,2750.0,1291,220,462,0.476,156,194,0.804,614,0.476,435,0.337,175,0.136,94,0.073,99,0.077
399,201583,Ryan Anderson,1610612740,NOP,66,24,42,2008.0,164,35,79,0.443,43,46,0.935,116,0.707,33,0.201,4,0.024,19,0.116,23,0.14
400,200797,Ryan Hollins,1610612763,MEM,37,18,19,460.0,4,1,2,0.5,0,0,0.0,2,0.5,0,0.0,0,0.0,1,0.25,0,0.0
401,203527,Ryan Kelly,1610612747,LAL,36,3,33,470.0,54,10,30,0.333,6,8,0.75,28,0.519,9,0.167,3,0.056,6,0.111,4,0.074
402,1626257,Salah Mejri,1610612742,DAL,34,16,18,397.0,8,3,4,0.75,5,8,0.625,11,1.375,0,0.0,0,0.0,0,0.0,4,0.5
403,1626155,Sam Dekker,1610612745,HOU,3,1,2,6.0,0,0,0,0.0,0,0,0.0,0,0.0,0,0.0,0,0.0,0,0.0,0,0.0
404,201619,Sasha Kaun,1610612739,CLE,25,18,7,95.0,0,0,0,0.0,0,0,0.0,0,0.0,0,0.0,0,0.0,0,0.0,0,0.0
405,2756,Sasha Vujacic,1610612752,NYK,61,22,39,908.0,96,5,17,0.294,5,6,0.833,16,0.167,42,0.438,19,0.198,13,0.135,3,0.031
406,203930,Sean Kilpatrick,1610612751,BKN,31,7,24,616.0,86,31,56,0.554,12,14,0.857,76,0.884,14,0.163,3,0.035,5,0.058,7,0.081
407,201586,Serge Ibaka,1610612760,OKC,78,54,24,2500.0,70,13,32,0.406,8,12,0.667,35,0.5,22,0.314,1,0.014,7,0.1,6,0.086
408,203508,Sergey Karasev,1610612751,BKN,40,9,31,399.0,23,1,4,0.25,5,6,0.833,7,0.304,11,0.478,3,0.13,2,0.087,3,0.13
409,203552,Seth Curry,1610612758,SAC,43,17,26,669.0,98,17,42,0.405,9,10,0.9,44,0.449,32,0.327,14,0.143,5,0.051,5,0.051
410,203498,Shabazz Muhammad,1610612750,MIN,82,29,53,1682.0,212,53,124,0.427,35,48,0.729,142,0.67,37,0.175,6,0.028,19,0.09,24,0.113
411,203894,Shabazz Napier,1610612753,ORL,55,23,32,600.0,131,12,37,0.324,17,20,0.85,42,0.321,48,0.366,19,0.145,13,0.099,10,0.076
412,203499,Shane Larkin,1610612751,BKN,78,20,58,1751.0,596,84,172,0.488,36,44,0.818,209,0.351,262,0.44,84,0.141,43,0.072,23,0.039
413,2733,Shaun Livingston,1610612744,GSW,78,69,9,1520.0,149,31,76,0.408,14,16,0.875,81,0.544,42,0.282,15,0.101,7,0.047,8,0.054
414,203963,Shayne Whittington,1610612754,IND,7,4,3,41.0,2,1,1,1.0,0,0,0.0,2,1.0,0,0.0,0,0.0,1,0.5,0,0.0
415,202714,Shelvin Mack,1610612762,UTA,52,27,25,1058.0,503,81,167,0.485,22,26,0.846,189,0.376,211,0.419,62,0.123,37,0.074,13,0.026
416,203524,Solomon Hill,1610612754,IND,59,31,28,866.0,94,16,45,0.356,2,4,0.5,34,0.362,31,0.33,7,0.074,5,0.053,3,0.032
417,201603,Sonny Weems,1610612756,PHX,43,6,37,498.0,57,8,19,0.421,3,6,0.5,20,0.351,21,0.368,5,0.088,8,0.14,3,0.053
418,203915,Spencer Dinwiddie,1610612741,CHI,12,5,7,159.0,78,9,27,0.333,13,22,0.591,33,0.423,34,0.436,3,0.038,0,0.0,12,0.154
419,201150,Spencer Hawes,1610612766,CHA,57,30,27,1035.0,54,10,28,0.357,5,6,0.833,26,0.481,12,0.222,5,0.093,6,0.111,3,0.056
420,1626169,Stanley Johnson,1610612765,DET,73,37,36,1687.0,304,52,135,0.385,24,30,0.8,130,0.428,91,0.299,26,0.086,35,0.115,15,0.049
421,201939,Stephen Curry,1610612744,GSW,79,71,8,2700.0,633,161,284,0.567,82,92,0.891,418,0.66,187,0.295,60,0.095,46,0.073,47,0.074
422,2581,Steve Blake,1610612765,DET,58,34,24,986.0,232,19,39,0.487,3,6,0.5,42,0.181,117,0.504,40,0.172,25,0.108,3,0.013
423,200779,Steve Novak,1610612749,MIL,10,8,2,44.0,0,0,0,0.0,0,0,0.0,0,0.0,0,0.0,0,0.0,0,0.0,0,0.0
424,203500,Steven Adams,1610612760,OKC,80,54,26,2014.0,14,1,7,0.143,2,2,1.0,4,0.286,5,0.357,0,0.0,1,0.071,1,0.071
425,204456,T.J. McConnell,1610612755,PHI,81,10,71,1606.0,748,103,210,0.49,9,20,0.45,217,0.29,352,0.471,110,0.147,55,0.074,10,0.013
426,203933,T.J. Warren,1610612756,PHX,47,14,33,1070.0,126,38,81,0.469,7,14,0.5,85,0.675,30,0.238,3,0.024,5,0.04,7,0.056
427,201959,Taj Gibson,1610612741,CHI,73,37,36,1936.0,30,14,20,0.7,0,0,0.0,29,0.967,5,0.167,2,0.067,1,0.033,0,0.0
428,204028,Tarik Black,1610612747,LAL,39,6,33,496.0,5,2,4,0.5,0,0,0.0,4,0.8,1,0.2,0,0.0,0,0.0,0,0.0
429,2419,Tayshaun Prince,1610612750,MIN,77,27,50,1462.0,38,10,19,0.526,0,0,0.0,20,0.526,14,0.368,2,0.053,3,0.079,0,0.0
430,203093,Terrence Jones,1610612745,HOU,50,24,26,1044.0,120,26,71,0.366,19,28,0.679,74,0.617,21,0.175,7,0.058,5,0.042,14,0.117
431,203082,Terrence Ross,1610612761,TOR,72,52,20,1731.0,144,33,73,0.452,4,6,0.667,71,0.493,43,0.299,12,0.083,12,0.083,3,0.021
432,1626179,Terry Rozier,1610612738,BOS,38,23,15,308.0,74,11,40,0.275,4,4,1.0,26,0.351,23,0.311,3,0.041,5,0.068,2,0.027
433,200757,Thabo Sefolosha,1610612737,ATL,75,42,33,1758.0,144,24,44,0.545,14,20,0.7,65,0.451,60,0.417,14,0.097,14,0.097,10,0.069
434,201152,Thaddeus Young,1610612751,BKN,73,21,52,2407.0,240,70,145,0.483,15,30,0.5,157,0.654,48,0.2,11,0.046,18,0.075,15,0.063
435,203648,Thanasis Antetokounmpo,1610612752,NYK,2,1,1,6.0,2,2,2,1.0,0,0,0.0,4,2.0,0,0.0,0,0.0,0,0.0,0,0.0
436,203080,Thomas Robinson,1610612751,BKN,71,16,55,917.0,63,13,32,0.406,5,16,0.313,31,0.492,13,0.206,3,0.048,7,0.111,8,0.127
437,201168,Tiago Splitter,1610612737,ATL,36,21,15,579.0,15,1,6,0.167,1,2,0.5,3,0.2,6,0.4,1,0.067,0,0.0,1,0.067
438,202353,Tibor Pleiss,1610612762,UTA,12,7,5,82.0,0,0,0,0.0,0,0,0.0,0,0.0,0,0.0,0,0.0,0,0.0,0,0.0
439,1495,Tim Duncan,1610612759,SAS,61,50,11,1536.0,18,4,11,0.364,6,8,0.75,14,0.778,1,0.056,2,0.111,0,0.0,4,0.222
440,204025,Tim Frazier,1610612740,NOP,51,25,26,741.0,335,29,72,0.403,18,26,0.692,79,0.236,159,0.475,49,0.146,31,0.093,13,0.039
441,203501,Tim Hardaway Jr.,1610612737,ATL,51,29,22,864.0,77,16,32,0.5,4,6,0.667,39,0.506,33,0.429,5,0.065,3,0.039,3,0.039
442,202389,Timofey Mozgov,1610612739,CLE,76,52,24,1326.0,15,1,5,0.2,5,6,0.833,7,0.467,2,0.133,0,0.0,5,0.333,3,0.2
443,202699,Tobias Harris,1610612765,DET,75,37,38,2469.0,397,82,191,0.429,60,68,0.882,235,0.592,110,0.277,33,0.083,24,0.06,34,0.086
444,201962,Toney Douglas,1610612740,NOP,61,22,39,1262.0,283,33,90,0.367,25,30,0.833,95,0.336,133,0.47,22,0.078,16,0.057,16,0.057
445,2754,Tony Allen,1610612763,MEM,64,34,30,1620.0,194,34,93,0.366,12,24,0.5,81,0.418,56,0.289,17,0.088,16,0.082,12,0.062
446,2225,Tony Parker,1610612759,SAS,72,59,13,1980.0,889,138,294,0.469,54,70,0.771,334,0.376,367,0.413,121,0.136,57,0.064,36,0.04
447,203503,Tony Snell,1610612741,CHI,64,33,31,1301.0,163,25,80,0.313,10,12,0.833,61,0.374,42,0.258,16,0.098,14,0.086,7,0.043
448,203100,Tony Wroten,1610612752,NYK,8,0,8,144.0,90,8,29,0.276,13,26,0.5,29,0.322,30,0.333,8,0.089,8,0.089,14,0.156
449,2772,Trevor Ariza,1610612745,HOU,81,40,41,2859.0,409,52,144,0.361,39,48,0.813,144,0.352,171,0.418,32,0.078,31,0.076,24,0.059
450,202344,Trevor Booker,1610612762,UTA,79,39,40,1632.0,81,13,36,0.361,5,8,0.625,31,0.383,21,0.259,6,0.074,11,0.136,4,0.049
451,203504,Trey Burke,1610612762,UTA,64,31,33,1366.0,409,66,161,0.41,25,32,0.781,160,0.391,171,0.418,38,0.093,16,0.039,16,0.039
452,1626168,Trey Lyles,1610612762,UTA,80,38,42,1382.0,199,44,102,0.431,20,28,0.714,110,0.553,61,0.307,5,0.025,12,0.06,14,0.07
453,202684,Tristan Thompson,1610612739,CLE,82,57,25,2269.0,29,8,15,0.533,3,4,0.75,19,0.655,8,0.276,1,0.034,1,0.034,2,0.069
454,203584,Troy Daniels,1610612766,CHA,43,25,18,476.0,28,3,13,0.231,1,4,0.25,7,0.25,4,0.143,4,0.143,4,0.143,2,0.071
455,201951,Ty Lawson,1610612754,IND,66,31,35,1411.0,501,41,97,0.423,25,34,0.735,111,0.222,272,0.543,74,0.148,27,0.054,18,0.036
456,203898,Tyler Ennis,1610612749,MIL,46,17,29,654.0,237,38,81,0.469,7,10,0.7,86,0.363,94,0.397,33,0.139,17,0.072,6,0.025
457,201946,Tyler Hansbrough,1610612766,CHA,44,28,16,343.0,15,3,9,0.333,4,8,0.5,10,0.667,0,0.0,1,0.067,1,0.067,4,0.267
458,204020,Tyler Johnson,1610612748,MIA,36,19,17,863.0,182,42,78,0.538,22,28,0.786,112,0.615,61,0.335,12,0.066,13,0.071,14,0.077
459,203092,Tyler Zeller,1610612738,BOS,59,37,22,698.0,33,8,16,0.5,7,8,0.875,23,0.697,7,0.212,1,0.03,4,0.121,5,0.152
460,201936,Tyreke Evans,1610612740,NOP,25,11,14,765.0,322,53,127,0.417,37,46,0.804,147,0.457,109,0.339,32,0.099,28,0.087,23,0.071
461,2199,Tyson Chandler,1610612756,PHX,66,18,48,1618.0,10,2,6,0.333,0,2,0.0,4,0.4,1,0.1,1,0.1,0,0.0,1,0.1
462,1626145,Tyus Jones,1610612750,MIN,37,13,24,573.0,152,19,61,0.311,10,14,0.714,49,0.322,55,0.362,20,0.132,7,0.046,7,0.046
463,2617,Udonis Haslem,1610612748,MIA,37,25,12,260.0,2,2,2,1.0,0,0,0.0,4,2.0,0,0.0,0,0.0,0,0.0,0,0.0
464,203506,Victor Oladipo,1610612753,ORL,71,32,39,2334.0,570,92,234,0.393,61,67,0.91,248,0.435,189,0.332,59,0.104,39,0.068,34,0.06
465,1713,Vince Carter,1610612763,MEM,60,33,27,1005.0,101,21,54,0.389,13,16,0.813,57,0.564,28,0.277,7,0.069,4,0.04,8,0.079
466,201961,Wayne Ellington,1610612751,BKN,76,18,58,1615.0,124,18,39,0.462,10,12,0.833,47,0.379,50,0.403,17,0.137,9,0.073,6,0.048
467,202325,Wesley Johnson,1610612746,LAC,80,51,29,1666.0,26,4,15,0.267,2,2,1.0,11,0.423,4,0.154,1,0.038,4,0.154,1,0.038
468,202083,Wesley Matthews,1610612742,DAL,78,40,38,2644.0,273,41,100,0.41,24,32,0.75,109,0.399,111,0.407,20,0.073,19,0.07,16,0.059
469,203115,Will Barton,1610612743,DEN,82,33,49,2353.0,598,116,280,0.414,68,90,0.756,309,0.517,176,0.294,43,0.072,37,0.062,45,0.075
470,1626161,Willie Cauley-Stein,1610612758,SAC,65,26,39,1394.0,29,9,14,0.643,4,6,0.667,23,0.793,11,0.379,1,0.034,0,0.0,3,0.103
471,203186,Willie Reed,1610612751,BKN,39,8,31,426.0,2,0,0,0.0,1,4,0.25,1,0.5,0,0.0,0,0.0,0,0.0,2,1.0
472,204098,Xavier Munford,1610612763,MEM,14,3,11,244.0,55,14,30,0.467,5,8,0.625,34,0.618,19,0.345,1,0.018,0,0.0,4,0.073
473,203897,Zach LaVine,1610612750,MIN,82,29,53,2294.0,365,88,189,0.466,39,50,0.78,224,0.614,91,0.249,26,0.071,27,0.074,26,0.071
474,2216,Zach Randolph,1610612763,MEM,68,37,31,2016.0,123,31,75,0.413,28,30,0.933,92,0.748,19,0.154,4,0.033,8,0.065,15,0.122
475,2585,Zaza Pachulia,1610612742,DAL,76,40,36,2004.0,83,19,38,0.5,19,24,0.792,59,0.711,22,0.265,4,0.048,6,0.072,13,0.157
