,PLAYER_ID,PLAYER_NAME,TEAM_ID,TEAM_ABBREVIATION,GP,W,L,MIN,POINTS,DRIVE_PTS,DRIVE_FG_PCT,CATCH_SHOOT_PTS,CATCH_SHOOT_FG_PCT,PULL_UP_PTS,PULL_UP_FG_PCT,PAINT_TOUCH_PTS,PAINT_TOUCH_FG_PCT,POST_TOUCH_PTS,POST_TOUCH_FG_PCT,ELBOW_TOUCH_PTS,ELBOW_TOUCH_FG_PCT,EFF_FG_PCT
0,203932,Aaron Gordon,1610612753,ORL,16,8,8,520.0,274,49,0.526,62,0.361,52,0.373,72,0.696,17,0.348,28,0.6,0.558
1,1628988,Aaron Holiday,1610612754,IND,7,6,1,52.0,36,4,0.667,9,0.5,7,0.375,0,0.0,0,0.0,2,1.0,0.727
2,1627846,Abdel Nader,1610612760,OKC,6,5,1,11.0,6,4,0.5,0,0.0,0,0.0,0,0.0,0,0.0,0,0.0,0.5
3,201143,Al Horford,1610612738,BOS,17,9,8,501.0,194,16,0.385,89,0.38,8,0.444,50,0.694,16,0.389,16,0.571,0.53
4,202329,Al-Farouq Aminu,1610612757,POR,16,11,5,476.0,142,29,0.571,73,0.391,2,0.1,18,0.5,0,0.0,11,0.667,0.518
5,202692,Alec Burks,1610612762,UTA,13,7,6,193.0,100,28,0.4,23,0.421,15,0.3,12,0.8,0,0.0,0,0.0,0.5
6,203518,Alex Abrines,1610612760,OKC,14,9,5,303.0,92,8,0.333,66,0.359,7,0.333,0,0.0,0,0.0,4,0.5,0.483
7,203458,Alex Len,1610612737,ATL,17,3,14,371.0,172,6,0.5,30,0.297,0,0.0,94,0.6,12,0.5,21,0.7,0.533
8,1627816,Alex Poythress,1610612737,ATL,13,3,10,195.0,65,1,0.0,15,0.385,0,0.0,27,0.667,0,0.0,2,0.5,0.582
9,1628035,Alfonzo McKinnie,1610612744,GSW,16,12,4,251.0,100,7,0.429,45,0.484,10,0.556,21,0.526,0,0.0,7,0.75,0.612
10,1628993,Alize Johnson,1610612754,IND,3,2,1,9.0,2,0,0.0,0,0.0,2,0.5,0,0.0,0,0.0,0,0.0,0.5
11,203459,Allen Crabbe,1610612751,BKN,16,7,9,379.0,112,10,0.25,66,0.293,8,0.138,4,0.667,0,0.0,0,0.0,0.364
12,1629019,Allonzo Trier,1610612752,NYK,17,4,13,411.0,188,57,0.458,32,0.5,50,0.4,4,0.667,0,0.0,0,0.0,0.507
13,101161,Amir Johnson,1610612755,PHI,19,12,7,189.0,87,6,1.0,19,0.636,0,0.0,32,0.636,1,0.0,8,0.444,0.623
14,203083,Andre Drummond,1610612765,DET,14,8,6,470.0,269,8,0.444,10,0.286,4,0.182,171,0.577,55,0.379,27,0.5,0.523
15,2738,Andre Iguodala,1610612744,GSW,16,10,6,345.0,75,10,0.5,18,0.25,9,0.286,10,1.0,0,0.0,2,0.5,0.5
16,1626150,Andrew Harrison,1610612739,CLE,5,2,3,67.0,21,11,0.333,3,0.25,3,0.143,0,0.0,0,0.0,0,0.0,0.3
17,203952,Andrew Wiggins,1610612750,MIN,13,6,7,436.0,226,40,0.356,72,0.369,55,0.278,14,0.5,16,0.571,4,0.5,0.474
18,1629014,Anfernee Simons,1610612757,POR,4,3,1,22.0,9,5,0.667,0,0.0,2,0.333,0,0.0,0,0.0,0,0.0,0.364
19,1627790,Ante Zizic,1610612739,CLE,13,2,11,117.0,54,0,0.0,2,0.5,0,0.0,31,0.609,2,0.0,8,0.5,0.588
20,203076,Anthony Davis,1610612740,NOP,14,10,4,526.0,387,44,0.486,38,0.255,39,0.365,130,0.613,47,0.327,37,0.485,0.509
21,201229,Anthony Tolliver,1610612750,MIN,14,5,9,267.0,78,0,0.0,63,0.412,2,1.0,6,0.6,0,0.0,0,0.0,0.612
22,1628469,Antonio Blakeney,1610612741,CHI,17,4,13,319.0,193,63,0.566,58,0.512,64,0.366,4,0.667,0,0.0,4,1.0,0.512
23,203382,Aron Baynes,1610612738,BOS,14,7,7,193.0,78,0,0.0,34,0.387,0,0.0,18,0.368,2,1.0,5,0.25,0.47
24,203085,Austin Rivers,1610612764,WAS,16,5,11,370.0,111,45,0.462,48,0.457,10,0.148,0,0.0,0,0.0,0,0.0,0.495
25,202340,Avery Bradley,1610612746,LAC,10,6,4,267.0,69,12,0.333,20,0.269,21,0.323,13,0.5,0,0.0,0,0.0,0.385
26,1628389,Bam Adebayo,1610612748,MIA,16,6,10,282.0,109,9,0.429,4,0.25,2,0.25,60,0.625,4,0.2,12,0.4,0.548
27,203463,Ben McLemore,1610612758,SAC,5,3,2,24.0,12,0,0.0,9,0.375,0,0.0,0,0.0,0,0.0,0,0.0,0.545
28,1627732,Ben Simmons,1610612755,PHI,18,12,6,594.0,269,69,0.481,2,0.091,10,0.192,61,0.628,21,0.391,6,0.429,0.541
29,202687,Bismack Biyombo,1610612766,CHA,8,3,5,68.0,17,0,0.0,0,0.0,0,0.0,12,0.625,0,0.0,1,0.0,0.583
30,201933,Blake Griffin,1610612765,DET,14,8,6,501.0,340,69,0.458,52,0.305,62,0.375,32,0.556,47,0.438,14,0.875,0.529
31,1626246,Boban Marjanovic,1610612746,LAC,13,8,5,152.0,107,0,0.0,4,0.286,2,1.0,77,0.729,22,0.714,7,0.75,0.65
32,1626171,Bobby Portis,1610612741,CHI,4,1,3,113.0,42,2,0.25,2,0.125,0,0.0,6,0.4,6,0.333,2,1.0,0.451
33,203992,Bogdan Bogdanovic,1610612758,SAC,6,2,4,132.0,77,16,0.533,34,0.375,21,0.417,2,1.0,0,0.0,4,1.0,0.563
34,202711,Bojan Bogdanovic,1610612754,IND,17,11,6,519.0,256,55,0.541,90,0.544,49,0.5,23,0.786,0,0.0,8,0.8,0.645
35,202954,Brad Wanamaker,1610612738,BOS,4,3,1,24.0,11,4,0.5,3,0.5,2,0.2,0,0.0,0,0.0,0,0.0,0.45
36,203078,Bradley Beal,1610612764,WAS,16,5,11,540.0,344,97,0.581,109,0.342,80,0.387,28,0.733,0,0.0,6,1.0,0.531
37,1627742,Brandon Ingram,1610612747,LAL,12,7,5,376.0,182,57,0.418,39,0.4,48,0.436,24,0.688,16,0.5,14,0.6,0.472
38,201572,Brook Lopez,1610612749,MIL,16,12,4,435.0,197,6,0.2,125,0.424,19,0.333,36,0.682,9,0.571,13,0.75,0.61
39,1628971,Bruce Brown,1610612765,DET,8,3,5,104.0,25,4,0.333,3,0.1,0,0.0,12,0.833,0,0.0,2,0.5,0.328
40,1627854,Bryn Forbes,1610612759,SAS,16,8,8,462.0,209,38,0.385,80,0.458,76,0.434,0,0.0,0,0.0,2,1.0,0.562
41,1627741,Buddy Hield,1610612758,SAC,17,9,8,527.0,326,53,0.5,120,0.457,100,0.42,18,0.75,0,0.0,4,0.4,0.568
42,203710,C.J. Williams,1610612750,MIN,6,2,4,53.0,10,4,0.4,0,0.0,4,0.4,2,1.0,0,0.0,0,0.0,0.357
43,203468,CJ McCollum,1610612757,POR,16,11,5,529.0,332,86,0.456,93,0.479,139,0.5,4,0.4,0,0.0,10,0.571,0.524
44,101139,CJ Miles,1610612761,TOR,13,11,2,196.0,63,8,0.182,33,0.275,7,0.273,2,0.5,0,0.0,2,1.0,0.391
45,1628403,Caleb Swanigan,1610612757,POR,8,6,2,85.0,23,0,0.0,3,0.167,0,0.0,13,0.353,4,0.5,0,0.0,0.339
46,1626166,Cameron Payne,1610612741,CHI,15,3,12,324.0,112,49,0.447,27,0.286,25,0.345,7,0.75,0,0.0,0,0.0,0.453
47,1627747,Caris LeVert,1610612751,BKN,14,6,8,416.0,257,112,0.566,31,0.239,53,0.386,14,0.467,0,0.0,12,0.5,0.522
48,2546,Carmelo Anthony,1610612745,HOU,10,4,6,294.0,134,5,0.286,70,0.406,33,0.366,6,0.375,29,0.737,6,1.0,0.492
49,1626224,Cedi Osman,1610612739,CLE,13,1,12,391.0,139,25,0.367,44,0.313,30,0.325,6,0.429,0,0.0,4,0.4,0.435
50,1628990,Chandler Hutchison,1610612741,CHI,16,4,12,309.0,81,19,0.474,18,0.333,4,0.5,20,0.636,0,0.0,8,0.667,0.458
51,202718,Chandler Parsons,1610612763,MEM,3,2,1,46.0,17,2,0.333,9,0.3,4,0.667,0,0.0,2,1.0,0,0.0,0.5
52,101112,Channing Frye,1610612739,CLE,3,1,2,31.0,11,0,0.0,9,0.6,2,0.333,0,0.0,0,0.0,0,0.0,0.688
53,1627767,Cheick Diallo,1610612740,NOP,12,6,6,122.0,54,0,0.0,2,0.167,0,0.0,36,0.667,2,0.0,6,0.273,0.556
54,1629002,Chimezie Metu,1610612759,SAS,9,3,6,54.0,19,4,0.333,2,0.2,0,0.0,4,0.667,5,0.4,2,0.5,0.412
55,1628449,Chris Boucher,1610612761,TOR,2,1,1,9.0,8,0,0.0,0,0.0,0,0.0,3,1.0,0,0.0,2,0.0,0.333
56,101108,Chris Paul,1610612745,HOU,13,8,5,448.0,228,78,0.443,65,0.426,104,0.411,2,1.0,3,0.111,7,1.0,0.522
57,1626174,Christian Wood,1610612749,MIL,4,4,0,19.0,8,2,0.0,3,0.5,0,0.0,2,0.5,0,0.0,0,0.0,0.313
58,203991,Clint Capela,1610612745,HOU,15,8,7,500.0,244,8,0.571,0,0.0,0,0.0,161,0.615,6,0.5,47,0.697,0.627
59,203469,Cody Zeller,1610612766,CHA,16,8,8,390.0,146,14,0.286,8,0.333,2,0.333,65,0.625,2,1.0,31,0.55,0.574
60,1629012,Collin Sexton,1610612739,CLE,15,2,13,396.0,198,54,0.435,21,0.412,79,0.416,7,0.286,0,0.0,2,0.5,0.488
61,202709,Cory Joseph,1610612754,IND,17,11,6,441.0,116,28,0.5,43,0.5,53,0.51,0,0.0,0,0.0,0,0.0,0.554
62,1626245,Cristiano Felicio,1610612741,CHI,13,3,10,195.0,54,0,0.0,0,0.0,0,0.0,28,0.591,4,1.0,11,0.455,0.583
63,1626156,D'Angelo Russell,1610612751,BKN,17,7,10,470.0,293,80,0.45,94,0.429,102,0.417,2,0.25,0,0.0,0,0.0,0.506
64,201571,D.J. Augustin,1610612753,ORL,17,9,8,466.0,187,47,0.45,67,0.575,45,0.409,10,0.556,0,0.0,4,0.667,0.578
65,1627745,Damian Jones,1610612744,GSW,18,12,6,310.0,98,0,0.0,2,0.25,0,0.0,65,0.78,0,0.0,11,0.714,0.727
66,203081,Damian Lillard,1610612757,POR,16,11,5,553.0,425,133,0.478,70,0.41,118,0.362,15,0.5,2,0.5,2,0.333,0.508
67,1627814,Damion Lee,1610612744,GSW,6,3,3,61.0,24,6,0.667,9,0.375,8,0.429,0,0.0,0,0.0,0,0.0,0.528
68,1628422,Damyean Dotson,1610612752,NYK,15,3,12,404.0,151,30,0.583,58,0.396,32,0.341,9,0.571,0,0.0,7,0.5,0.5
69,1627772,Daniel Hamilton,1610612737,ATL,1,0,1,8.0,1,0,0.0,0,0.0,0,0.0,0,0.0,0,0.0,0,0.0,0.0
70,1628464,Daniel Theis,1610612738,BOS,9,5,4,104.0,49,0,0.0,8,0.3,0,0.0,38,0.708,0,0.0,9,0.667,0.657
71,201568,Danilo Gallinari,1610612746,LAC,15,10,5,463.0,294,49,0.404,109,0.418,40,0.36,30,0.52,6,0.1,12,0.353,0.53
72,201980,Danny Green,1610612761,TOR,17,13,4,474.0,166,12,0.294,110,0.493,16,0.304,14,0.778,0,0.0,4,1.0,0.629
73,201967,Dante Cunningham,1610612759,SAS,16,8,8,359.0,81,4,1.0,36,0.382,0,0.0,18,0.444,0,0.0,6,0.333,0.579
74,203957,Dante Exum,1610612762,UTA,17,8,9,297.0,128,49,0.442,26,0.31,2,0.2,2,0.5,0,0.0,4,0.5,0.443
75,203967,Dario Saric,1610612750,MIN,16,10,6,472.0,176,8,0.2,71,0.298,4,0.182,29,0.55,6,0.286,12,0.625,0.453
76,203121,Darius Miller,1610612740,NOP,13,10,3,249.0,65,0,0.0,41,0.378,21,0.5,2,1.0,0,0.0,0,0.0,0.582
77,201954,Darren Collison,1610612754,IND,17,11,6,463.0,159,22,0.32,38,0.4,55,0.413,6,0.75,0,0.0,8,1.0,0.496
78,1629133,Daryl Macon,1610612742,DAL,1,0,1,1.0,0,0,0.0,0,0.0,0,0.0,0,0.0,0,0.0,0,0.0,0.0
79,1628021,David Nwaba,1610612739,CLE,11,2,9,151.0,60,18,0.5,9,0.3,0,0.0,6,0.6,0,0.0,2,1.0,0.526
80,202722,Davis Bertans,1610612759,SAS,14,7,7,217.0,84,6,0.667,59,0.465,5,0.222,8,1.0,0,0.0,0,0.0,0.642
81,1628432,Davon Reed,1610612754,IND,1,1,0,2.0,0,0,0.0,0,0.0,0,0.0,0,0.0,0,0.0,0,0.0,0.0
82,1628368,De'Aaron Fox,1610612758,SAC,17,9,8,554.0,310,102,0.538,53,0.476,94,0.41,2,0.5,2,1.0,3,0.333,0.541
83,1629001,De'Anthony Melton,1610612756,PHX,4,1,3,42.0,10,4,0.5,6,0.333,4,0.4,0,0.0,0,0.0,0,0.0,0.357
84,201599,DeAndre Jordan,1610612742,DAL,16,7,9,518.0,179,2,1.0,0,0.0,0,0.0,131,0.619,11,0.571,32,0.684,0.619
85,1627761,DeAndre' Bembry,1610612737,ATL,17,3,14,394.0,131,42,0.378,39,0.351,8,0.333,12,0.333,0,0.0,2,0.5,0.428
86,201942,DeMar DeRozan,1610612759,SAS,16,8,8,588.0,399,186,0.518,51,0.377,106,0.384,18,0.75,23,0.5,16,0.583,0.49
87,201960,DeMarre Carroll,1610612751,BKN,6,2,4,126.0,54,12,0.273,12,0.286,7,0.333,2,1.0,0,0.0,0,0.0,0.395
88,1629152,DeVaughn Akoon-Purcell,1610612743,DEN,4,4,0,13.0,5,2,1.0,0,0.0,0,0.0,0,0.0,0,0.0,0,0.0,0.333
89,1629028,Deandre Ayton,1610612756,PHX,16,3,13,517.0,262,4,0.5,44,0.423,6,0.25,142,0.753,53,0.542,37,0.5,0.611
90,1626153,Delon Wright,1610612761,TOR,12,8,4,197.0,71,18,0.471,15,0.385,5,0.133,6,0.6,0,0.0,6,0.75,0.475
91,203471,Dennis Schroder,1610612760,OKC,16,10,6,483.0,256,111,0.433,48,0.386,72,0.358,2,1.0,0,0.0,0,0.0,0.437
92,1628372,Dennis Smith Jr.,1610612742,DAL,15,7,8,428.0,222,64,0.446,50,0.386,62,0.38,14,0.583,0,0.0,4,0.4,0.503
93,1629126,Deonte Burton,1610612760,OKC,7,4,3,43.0,12,6,0.429,6,0.667,0,0.0,0,0.0,0,0.0,0,0.0,0.353
94,202324,Derrick Favors,1610612762,UTA,16,7,9,370.0,173,4,0.667,27,0.393,2,0.5,90,0.661,8,0.444,21,0.615,0.597
95,1627884,Derrick Jones Jr.,1610612748,MIA,11,3,8,164.0,60,6,0.25,14,0.417,0,0.0,26,0.75,0,0.0,0,0.0,0.455
96,201565,Derrick Rose,1610612750,MIN,15,6,9,453.0,284,99,0.494,50,0.459,90,0.412,9,0.333,0,0.0,11,0.571,0.525
97,1628401,Derrick White,1610612759,SAS,7,2,5,149.0,45,22,0.368,3,0.1,10,0.25,2,1.0,0,0.0,2,0.5,0.365
98,1626164,Devin Booker,1610612756,PHX,13,3,10,471.0,309,93,0.507,49,0.327,98,0.368,6,0.333,8,0.6,4,0.333,0.502
99,2734,Devin Harris,1610612742,DAL,6,4,2,85.0,26,8,0.8,3,0.1,2,0.2,2,1.0,0,0.0,0,0.0,0.423
100,1628984,Devonte' Graham,1610612766,CHA,3,0,3,25.0,7,0,0.0,0,0.0,5,0.4,0,0.0,0,0.0,0,0.0,0.438
101,203473,Dewayne Dedmon,1610612737,ATL,11,2,9,223.0,100,0,0.0,32,0.394,2,0.2,46,0.655,2,0.0,15,0.556,0.545
102,1628415,Dillon Brooks,1610612763,MEM,11,7,4,208.0,75,22,0.364,20,0.35,7,0.176,10,0.5,0,0.0,4,1.0,0.462
103,1627734,Domantas Sabonis,1610612754,IND,16,10,6,392.0,226,14,0.545,18,0.444,0,0.0,91,0.7,26,0.667,48,0.633,0.696
104,1628378,Donovan Mitchell,1610612762,UTA,15,8,7,508.0,311,112,0.458,46,0.364,96,0.383,16,0.615,0,0.0,4,1.0,0.464
105,1628978,Donte DiVincenzo,1610612749,MIL,14,10,4,254.0,90,14,0.75,33,0.262,8,0.214,19,0.727,0,0.0,3,0.5,0.506
106,1627827,Dorian Finney-Smith,1610612742,DAL,16,7,9,430.0,148,12,0.364,79,0.482,9,0.444,32,0.762,0,0.0,0,0.0,0.643
107,203926,Doug McDermott,1610612754,IND,17,11,6,278.0,93,8,1.0,48,0.327,4,0.5,6,1.0,0,0.0,0,0.0,0.587
108,1627733,Dragan Bender,1610612756,PHX,6,1,5,26.0,4,0,0.0,0,0.0,0,0.0,4,0.667,0,0.0,0,0.0,0.25
109,203110,Draymond Green,1610612744,GSW,13,10,3,396.0,90,22,0.733,22,0.258,8,0.571,15,0.467,4,0.333,4,0.5,0.481
110,1629234,Drew Eubanks,1610612759,SAS,3,0,3,13.0,8,0,0.0,0,0.0,0,0.0,4,1.0,2,0.0,0,0.0,0.6
111,1629130,Duncan Robinson,1610612748,MIA,3,2,1,17.0,3,0,0.0,3,0.333,0,0.0,0,0.0,0,0.0,0,0.0,0.5
112,1628407,Dwayne Bacon,1610612766,CHA,9,6,3,109.0,50,19,0.5,12,0.444,19,0.5,0,0.0,0,0.0,0,0.0,0.586
113,2730,Dwight Howard,1610612764,WAS,9,4,5,230.0,115,11,0.571,8,0.444,0,0.0,64,0.692,16,0.5,14,0.6,0.623
114,203939,Dwight Powell,1610612742,DAL,15,7,8,239.0,134,15,0.857,15,0.227,0,0.0,69,0.75,3,1.0,20,0.636,0.664
115,2548,Dwyane Wade,1610612748,MIA,9,4,5,231.0,129,25,0.423,36,0.4,39,0.383,14,0.636,6,0.5,2,0.333,0.518
116,1629058,Dzanan Musa,1610612751,BKN,6,3,3,22.0,10,4,1.0,0,0.0,4,0.4,0,0.0,0,0.0,0,0.0,0.417
117,202734,E'Twaun Moore,1610612740,NOP,17,10,7,534.0,274,70,0.564,81,0.518,53,0.533,55,0.73,0,0.0,15,0.429,0.641
118,202334,Ed Davis,1610612751,BKN,17,7,10,296.0,95,2,0.333,0,0.0,0,0.0,70,0.615,0,0.0,11,0.455,0.582
119,1628410,Edmond Sumner,1610612754,IND,5,4,1,20.0,2,0,0.0,0,0.0,0,0.0,0,0.0,0,0.0,2,0.5,0.25
120,202327,Ekpe Udoh,1610612762,UTA,13,6,7,62.0,16,1,0.0,0,0.0,0,0.0,8,0.8,0,0.0,2,1.0,0.857
121,203901,Elfrid Payton,1610612740,NOP,6,5,1,152.0,58,28,0.52,6,0.333,0,0.0,6,0.6,0,0.0,0,0.0,0.5
122,1629059,Elie Okobo,1610612756,PHX,11,2,9,166.0,66,23,0.348,15,0.278,12,0.208,0,0.0,0,0.0,0,0.0,0.434
123,1626144,Emmanuel Mudiay,1610612752,NYK,10,3,7,204.0,90,30,0.619,23,0.474,29,0.483,2,0.2,0,0.0,2,0.5,0.541
124,202683,Enes Kanter,1610612752,NYK,17,4,13,448.0,264,11,0.417,16,0.25,4,0.333,105,0.632,66,0.5,22,0.55,0.543
125,202339,Eric Bledsoe,1610612749,MIL,16,12,4,464.0,243,87,0.66,36,0.273,57,0.407,20,0.583,0,0.0,2,1.0,0.578
126,201569,Eric Gordon,1610612745,HOU,12,6,6,385.0,176,68,0.449,59,0.235,33,0.317,2,0.2,0,0.0,0,0.0,0.396
127,101141,Ersan Ilyasova,1610612749,MIL,16,12,4,349.0,125,0,0.0,41,0.368,13,0.455,43,0.576,4,0.333,6,0.6,0.574
128,203095,Evan Fournier,1610612753,ORL,17,9,8,501.0,273,65,0.469,90,0.341,40,0.295,27,0.619,3,1.0,10,0.417,0.492
129,202323,Evan Turner,1610612757,POR,16,11,5,412.0,139,44,0.452,16,0.24,46,0.397,12,0.6,16,0.7,0,0.0,0.477
130,1628402,Frank Jackson,1610612740,NOP,11,6,5,129.0,55,5,0.111,18,0.3,13,0.429,2,0.5,2,1.0,0,0.0,0.479
131,1626163,Frank Kaminsky,1610612766,CHA,5,3,2,26.0,9,2,1.0,3,0.25,0,0.0,2,0.0,0,0.0,0,0.0,0.389
132,1628412,Frank Mason,1610612758,SAC,16,8,8,242.0,95,18,0.429,14,0.238,29,0.304,8,0.667,0,0.0,0,0.0,0.432
133,1628373,Frank Ntilikina,1610612752,NYK,17,4,13,421.0,110,29,0.4,47,0.354,43,0.412,2,1.0,0,0.0,2,1.0,0.402
134,1627832,Fred VanVleet,1610612761,TOR,13,10,3,310.0,121,30,0.382,39,0.378,29,0.316,6,0.6,0,0.0,4,1.0,0.458
135,1627788,Furkan Korkmaz,1610612755,PHI,12,7,5,132.0,49,4,0.4,21,0.368,7,0.375,0,0.0,0,0.0,4,1.0,0.537
136,202066,Garrett Temple,1610612763,MEM,16,11,5,515.0,192,21,0.292,79,0.466,23,0.294,19,0.778,0,0.0,6,0.667,0.574
137,1629109,Gary Clark,1610612745,HOU,14,7,7,241.0,60,2,0.5,45,0.313,3,0.25,5,1.0,0,0.0,0,0.0,0.482
138,203914,Gary Harris,1610612743,DEN,17,10,7,571.0,293,96,0.526,89,0.432,65,0.413,14,0.636,0,0.0,4,0.333,0.51
139,1629018,Gary Trent Jr.,1610612757,POR,2,1,1,13.0,10,2,0.5,0,0.0,8,0.429,0,0.0,0,0.0,0,0.0,0.556
140,201588,George Hill,1610612739,CLE,10,1,9,265.0,126,24,0.458,29,0.37,41,0.559,8,1.0,0,0.0,6,1.0,0.622
141,1627777,Georges Niang,1610612762,UTA,15,8,7,119.0,48,6,0.667,30,0.435,4,0.4,6,0.667,0,0.0,2,1.0,0.553
142,101123,Gerald Green,1610612745,HOU,13,6,7,220.0,96,8,0.571,41,0.286,28,0.393,10,0.833,0,0.0,0,0.0,0.495
143,203507,Giannis Antetokounmpo,1610612749,MIL,15,11,4,497.0,388,139,0.646,6,0.095,31,0.25,97,0.705,29,0.5,14,0.6,0.562
144,203922,Glenn Robinson III,1610612765,DET,13,7,6,226.0,81,8,0.2,35,0.406,20,0.588,10,1.0,0,0.0,2,0.333,0.492
145,201609,Goran Dragic,1610612748,MIA,12,5,7,369.0,196,59,0.438,46,0.296,39,0.321,7,0.222,0,0.0,10,0.5,0.476
146,202330,Gordon Hayward,1610612738,BOS,16,8,8,432.0,156,25,0.417,42,0.263,40,0.419,28,0.706,4,0.5,15,0.667,0.448
147,203476,Gorgui Dieng,1610612750,MIN,17,7,10,225.0,97,0,0.0,24,0.344,8,0.286,42,0.64,3,0.333,23,0.643,0.5
148,1628960,Grayson Allen,1610612762,UTA,11,4,7,117.0,50,8,0.4,18,0.316,7,0.273,2,0.5,0,0.0,0,0.0,0.444
149,202328,Greg Monroe,1610612761,TOR,8,5,3,58.0,34,5,0.667,2,0.25,0,0.0,23,0.611,4,0.667,2,0.25,0.593
150,1627824,Guerschon Yabusele,1610612738,BOS,9,6,3,38.0,16,0,0.0,2,0.2,0,0.0,2,0.5,0,0.0,2,1.0,0.346
151,1628977,Hamidou Diallo,1610612760,OKC,15,9,6,216.0,97,21,0.474,12,0.333,2,0.2,19,0.409,0,0.0,2,0.5,0.519
152,203084,Harrison Barnes,1610612742,DAL,12,5,7,377.0,191,52,0.476,53,0.321,31,0.333,17,0.667,16,0.25,3,0.333,0.453
153,1628385,Harry Giles III,1610612758,SAC,13,6,7,131.0,59,1,0.0,16,0.444,6,0.333,28,0.56,6,0.2,16,0.533,0.431
154,202355,Hassan Whiteside,1610612748,MIA,15,5,10,421.0,199,4,0.4,20,0.321,0,0.0,136,0.578,23,0.37,16,0.368,0.5
155,1627740,Henry Ellenson,1610612765,DET,1,0,1,8.0,7,0,0.0,2,0.5,3,1.0,0,0.0,0,0.0,0,0.0,0.5
156,203546,Ian Clark,1610612740,NOP,16,9,7,269.0,78,22,0.476,29,0.286,12,0.238,8,0.333,0,0.0,4,1.0,0.433
157,101133,Ian Mahinmi,1610612764,WAS,11,4,7,161.0,47,1,0.0,3,0.167,0,0.0,31,0.444,0,0.0,6,0.5,0.442
158,1628387,Ike Anigbogu,1610612754,IND,1,1,0,3.0,0,0,0.0,0,0.0,0,0.0,0,0.0,0,0.0,0,0.0,0.0
159,202697,Iman Shumpert,1610612758,SAC,15,7,8,378.0,143,8,0.364,66,0.349,37,0.372,6,0.75,0,0.0,4,0.667,0.537
160,1628515,Isaiah Briscoe,1610612753,ORL,7,3,4,52.0,10,5,0.333,3,0.333,2,0.25,0,0.0,0,0.0,0,0.0,0.375
161,203477,Isaiah Canaan,1610612756,PHX,15,3,12,419.0,131,31,0.4,45,0.405,36,0.455,2,0.5,2,1.0,2,1.0,0.527
162,1628392,Isaiah Hartenstein,1610612745,HOU,14,7,7,127.0,35,0,0.0,3,0.333,0,0.0,24,0.429,3,1.0,7,0.6,0.5
163,202397,Ish Smith,1610612765,DET,14,8,6,366.0,138,60,0.46,30,0.303,28,0.314,0,0.0,0,0.0,2,1.0,0.5
164,1628397,Ivan Rabb,1610612763,MEM,8,6,2,53.0,19,4,1.0,0,0.0,0,0.0,10,0.833,2,0.5,2,0.5,0.615
165,1627826,Ivica Zubac,1610612747,LAL,5,3,2,40.0,14,0,0.0,0,0.0,0,0.0,9,0.571,0,0.0,6,1.0,0.417
166,200826,J.J. Barea,1610612742,DAL,15,7,8,282.0,147,76,0.438,26,0.357,50,0.367,4,1.0,0,0.0,2,1.0,0.44
167,200755,JJ Redick,1610612755,PHI,19,12,7,591.0,347,16,0.444,125,0.381,140,0.513,10,0.625,0,0.0,6,0.4,0.545
168,2747,JR Smith,1610612739,CLE,11,1,10,222.0,74,10,0.625,40,0.35,26,0.283,0,0.0,0,0.0,0,0.0,0.418
169,203210,JaMychal Green,1610612763,MEM,4,3,1,75.0,35,0,0.0,17,0.583,0,0.0,18,0.467,2,0.25,4,0.5,0.484
170,201580,JaVale McGee,1610612747,LAL,16,9,7,400.0,215,7,0.6,9,0.308,2,0.143,160,0.706,12,0.294,35,0.552,0.626
171,203953,Jabari Parker,1610612741,CHI,17,4,13,521.0,254,51,0.442,49,0.298,53,0.385,27,0.611,22,0.526,8,0.667,0.479
172,1628980,Jacob Evans,1610612744,GSW,10,8,2,60.0,7,2,0.333,3,0.25,2,0.167,0,0.0,0,0.0,0,0.0,0.233
173,203109,Jae Crowder,1610612762,UTA,17,8,9,493.0,215,16,0.467,82,0.305,13,0.217,22,0.714,2,1.0,2,0.0,0.509
174,1626143,Jahlil Okafor,1610612740,NOP,8,4,4,59.0,30,4,0.5,0,0.0,0,0.0,17,0.615,4,0.333,0,0.0,0.462
175,1627774,Jake Layman,1610612757,POR,16,11,5,254.0,89,6,0.5,41,0.438,5,0.25,24,0.923,2,1.0,4,0.4,0.642
176,1627751,Jakob Poeltl,1610612759,SAS,12,4,8,135.0,42,0,0.0,2,0.25,0,0.0,23,0.5,4,0.5,2,0.25,0.5
177,1628973,Jalen Brunson,1610612742,DAL,15,6,9,208.0,72,24,0.423,18,0.316,17,0.348,4,0.5,0,0.0,0,0.0,0.458
178,2037,Jamal Crawford,1610612756,PHX,14,2,12,166.0,64,6,0.333,12,0.4,24,0.303,0,0.0,0,0.0,0,0.0,0.453
179,1627750,Jamal Murray,1610612743,DEN,17,10,7,560.0,291,85,0.52,68,0.357,108,0.408,14,0.538,0,0.0,6,0.429,0.484
180,203516,James Ennis III,1610612745,HOU,12,8,4,292.0,98,3,0.0,47,0.39,8,0.5,13,0.5,0,0.0,6,0.75,0.588
181,201935,James Harden,1610612745,HOU,12,7,5,430.0,334,117,0.5,45,0.326,125,0.348,5,0.333,3,0.5,0,0.0,0.528
182,201949,James Johnson,1610612748,MIA,1,0,1,15.0,8,0,0.0,6,0.5,0,0.0,0,0.0,0,0.0,0,0.0,0.375
183,203263,James Nunnally,1610612750,MIN,6,2,4,40.0,16,4,0.667,6,0.333,0,0.0,0,0.0,0,0.0,0,0.0,0.5
184,201162,Jared Dudley,1610612751,BKN,17,7,10,415.0,93,10,0.556,57,0.37,6,0.75,7,0.429,0,0.0,6,0.6,0.5
185,1629123,Jared Terrell,1610612750,MIN,1,0,1,21.0,4,0,0.0,0,0.0,2,0.2,0,0.0,0,0.0,0,0.0,0.188
186,1626185,Jarell Martin,1610612753,ORL,10,5,5,118.0,30,2,0.5,7,0.188,6,0.375,5,0.4,0,0.0,0,0.0,0.329
187,1628991,Jaren Jackson Jr.,1610612763,MEM,16,11,5,404.0,204,28,0.5,26,0.237,4,0.5,96,0.661,40,0.514,26,0.5,0.519
188,1628386,Jarrett Allen,1610612751,BKN,15,7,8,403.0,188,0,0.0,8,0.273,0,0.0,110,0.658,0,0.0,25,0.625,0.598
189,201160,Jason Smith,1610612764,WAS,10,3,7,111.0,38,0,0.0,15,0.353,0,0.0,17,0.727,4,1.0,4,0.4,0.453
190,1629121,Jaylen Adams,1610612737,ATL,4,1,3,13.0,3,0,0.0,0,0.0,0,0.0,0,0.0,0,0.0,0,0.0,0.375
191,1627759,Jaylen Brown,1610612738,BOS,16,8,8,455.0,174,43,0.529,58,0.339,15,0.233,17,0.421,7,0.333,4,0.5,0.425
192,1628537,Jaylen Morris,1610612749,MIL,1,1,0,3.0,0,0,0.0,0,0.0,0,0.0,0,0.0,0,0.0,0,0.0,0.0
193,1628369,Jayson Tatum,1610612738,BOS,17,9,8,547.0,272,41,0.531,58,0.328,75,0.344,14,0.375,12,0.417,4,0.286,0.496
194,201145,Jeff Green,1610612764,WAS,16,5,11,392.0,166,14,0.5,45,0.327,6,0.2,62,0.73,18,0.462,2,0.2,0.537
195,201952,Jeff Teague,1610612750,MIN,11,6,5,350.0,142,66,0.391,18,0.4,24,0.27,4,0.5,0,0.0,2,1.0,0.411
196,203924,Jerami Grant,1610612760,OKC,16,10,6,476.0,182,6,0.118,49,0.37,3,0.333,46,0.783,16,0.6,12,0.4,0.541
197,203087,Jeremy Lamb,1610612766,CHA,16,8,8,416.0,219,71,0.424,54,0.396,49,0.393,20,0.6,2,0.0,10,0.833,0.5
198,202391,Jeremy Lin,1610612737,ATL,17,3,14,301.0,172,52,0.439,43,0.357,35,0.444,0,0.0,0,0.0,9,0.667,0.538
199,1626170,Jerian Grant,1610612753,ORL,17,9,8,327.0,85,21,0.37,30,0.37,34,0.395,0,0.0,0,0.0,2,1.0,0.506
200,1629010,Jerome Robinson,1610612746,LAC,8,5,3,40.0,23,2,0.25,13,0.625,3,0.25,0,0.0,0,0.0,0,0.0,0.639
201,202710,Jimmy Butler,1610612755,PHI,14,6,8,501.0,286,74,0.409,38,0.311,69,0.4,42,0.8,6,0.4,8,0.5,0.539
202,203925,Joe Harris,1610612751,BKN,17,7,10,494.0,229,49,0.512,120,0.519,11,0.278,14,0.636,0,0.0,6,0.75,0.657
203,204060,Joe Ingles,1610612762,UTA,17,8,9,558.0,219,52,0.49,68,0.343,49,0.422,0,0.0,0,0.0,2,0.5,0.558
204,203954,Joel Embiid,1610612755,PHI,19,12,7,664.0,531,69,0.481,95,0.371,56,0.314,86,0.5,98,0.39,31,0.52,0.499
205,1628381,John Collins,1610612737,ATL,2,0,2,33.0,30,0,0.0,6,0.4,2,0.5,13,1.0,0,0.0,2,0.333,0.688
206,203089,John Henson,1610612749,MIL,14,10,4,188.0,79,2,1.0,33,0.379,0,0.0,34,0.667,2,1.0,3,0.5,0.545
207,204066,John Holland,1610612739,CLE,1,0,1,1.0,0,0,0.0,0,0.0,0,0.0,0,0.0,0,0.0,0,0.0,0.0
208,202322,John Wall,1610612764,WAS,16,5,11,557.0,335,146,0.504,57,0.38,56,0.302,5,0.333,0,0.0,3,1.0,0.495
209,1629140,Johnathan Williams,1610612747,LAL,6,3,3,85.0,23,0,0.0,4,0.667,0,0.0,20,0.692,0,0.0,4,0.667,0.579
210,202720,Jon Leuer,1610612765,DET,6,3,3,46.0,16,0,0.0,0,0.0,0,0.0,16,0.778,0,0.0,0,0.0,0.538
211,1628413,Jonah Bolden,1610612755,PHI,6,3,3,40.0,10,1,0.0,3,0.5,0,0.0,2,1.0,0,0.0,0,0.0,0.409
212,201973,Jonas Jerebko,1610612744,GSW,18,12,6,332.0,125,3,0.167,63,0.442,2,0.25,30,0.813,2,1.0,18,0.667,0.565
213,202685,Jonas Valanciunas,1610612761,TOR,17,13,4,324.0,215,15,0.462,30,0.353,12,0.545,85,0.594,37,0.68,24,0.387,0.563
214,1628371,Jonathan Isaac,1610612753,ORL,11,5,6,233.0,84,11,0.444,23,0.32,6,0.3,23,0.588,0,0.0,7,0.6,0.507
215,203613,Jonathon Simmons,1610612753,ORL,15,9,6,340.0,118,41,0.381,10,0.143,26,0.268,11,0.444,6,0.25,5,1.0,0.354
216,1628395,Jordan Bell,1610612744,GSW,17,11,6,197.0,38,6,0.75,4,0.25,4,0.4,12,0.667,3,0.5,3,0.25,0.536
217,203903,Jordan Clarkson,1610612739,CLE,15,2,13,365.0,231,75,0.548,42,0.34,89,0.418,15,0.6,2,0.5,6,0.75,0.512
218,1628070,Jordan Loyd,1610612761,TOR,2,1,1,14.0,8,0,0.0,3,1.0,3,1.0,0,0.0,0,0.0,0,0.0,1.5
219,203895,Jordan McRae,1610612764,WAS,4,1,3,22.0,2,0,0.0,0,0.0,2,0.25,0,0.0,0,0.0,0,0.0,0.143
220,101181,Jose Calderon,1610612765,DET,11,5,6,125.0,20,0,0.0,9,0.25,8,0.286,0,0.0,0,0.0,0,0.0,0.315
221,1628404,Josh Hart,1610612747,LAL,16,9,7,422.0,177,17,0.385,87,0.46,20,0.308,4,0.4,2,1.0,6,0.5,0.591
222,1628367,Josh Jackson,1610612756,PHX,16,3,13,276.0,112,30,0.343,25,0.321,31,0.395,6,0.75,2,1.0,2,1.0,0.45
223,1629006,Josh Okogie,1610612750,MIN,14,6,8,327.0,112,16,0.364,33,0.25,17,0.308,6,0.375,0,0.0,4,1.0,0.423
224,1626196,Josh Richardson,1610612748,MIA,16,6,10,556.0,326,78,0.419,132,0.534,82,0.407,4,0.5,4,1.0,2,0.333,0.537
225,201950,Jrue Holiday,1610612740,NOP,17,10,7,611.0,332,158,0.524,34,0.267,87,0.336,18,0.6,1,0.0,2,0.5,0.515
226,1627823,Juancho Hernangomez,1610612743,DEN,16,9,7,376.0,135,6,0.1,68,0.46,0,0.0,27,0.6,2,0.5,0,0.0,0.625
227,203944,Julius Randle,1610612740,NOP,17,10,7,435.0,297,67,0.703,25,0.346,13,0.429,92,0.672,33,0.438,37,0.667,0.593
228,1626147,Justin Anderson,1610612737,ATL,1,0,1,3.0,0,0,0.0,0,0.0,0,0.0,0,0.0,0,0.0,0,0.0,0.0
229,203200,Justin Holiday,1610612741,CHI,17,4,13,594.0,203,13,0.5,119,0.381,45,0.439,6,0.6,0,0.0,0,0.0,0.561
230,1628382,Justin Jackson,1610612758,SAC,16,9,7,341.0,100,16,0.467,44,0.326,16,0.333,13,0.75,0,0.0,7,0.429,0.484
231,1626159,Justise Winslow,1610612748,MIA,12,4,8,337.0,105,43,0.353,29,0.286,4,0.2,4,0.286,0,0.0,3,0.333,0.376
232,203994,Jusuf Nurkic,1610612757,POR,16,11,5,413.0,246,6,0.375,20,0.257,2,0.5,110,0.571,30,0.542,24,0.36,0.528
233,1626157,Karl-Anthony Towns,1610612750,MIN,17,7,10,577.0,338,24,0.44,112,0.426,9,0.2,74,0.533,85,0.481,18,0.412,0.549
234,202695,Kawhi Leonard,1610612761,TOR,12,9,3,403.0,297,85,0.478,65,0.5,85,0.374,22,0.667,35,0.485,19,0.778,0.509
235,1628966,Keita Bates-Diop,1610612750,MIN,2,0,2,18.0,4,0,0.0,2,0.333,2,0.333,0,0.0,0,0.0,0,0.0,0.25
236,203482,Kelly Olynyk,1610612748,MIA,16,6,10,289.0,131,22,0.615,44,0.283,15,0.667,12,0.667,8,0.75,6,1.0,0.563
237,1626162,Kelly Oubre Jr.,1610612764,WAS,16,5,11,412.0,202,55,0.488,57,0.288,26,0.48,23,0.667,0,0.0,9,0.8,0.485
238,202689,Kemba Walker,1610612766,CHA,16,8,8,564.0,473,163,0.54,92,0.416,189,0.452,2,0.333,0,0.0,4,1.0,0.559
239,202702,Kenneth Faried,1610612751,BKN,6,2,4,35.0,21,0,0.0,0,0.0,0,0.0,12,0.857,1,0.0,2,1.0,0.75
240,1629026,Kenrich Williams,1610612740,NOP,5,3,2,27.0,5,2,0.5,3,0.5,0,0.0,0,0.0,0,0.0,0,0.0,0.5
241,203145,Kent Bazemore,1610612737,ATL,17,3,14,476.0,239,65,0.5,60,0.356,46,0.339,14,0.875,0,0.0,8,1.0,0.524
242,203484,Kentavious Caldwell-Pope,1610612747,LAL,16,9,7,315.0,125,6,0.214,49,0.347,20,0.346,15,0.667,0,0.0,10,0.667,0.48
243,201142,Kevin Durant,1610612744,GSW,18,12,6,626.0,490,131,0.511,106,0.484,164,0.44,26,0.706,68,0.543,17,0.4,0.537
244,1628989,Kevin Huerter,1610612737,ATL,16,3,13,298.0,85,14,0.278,30,0.303,12,0.294,12,0.667,0,0.0,4,0.667,0.464
245,1628995,Kevin Knox,1610612752,NYK,10,2,8,193.0,89,17,0.278,30,0.323,13,0.214,12,0.625,0,0.0,0,0.0,0.399
246,201567,Kevin Love,1610612739,CLE,4,0,4,136.0,76,2,0.0,22,0.267,3,0.2,20,0.533,12,0.25,0,0.0,0.377
247,1626172,Kevon Looney,1610612744,GSW,18,12,6,331.0,106,6,0.6,4,0.286,6,0.75,67,0.667,6,0.5,9,0.286,0.6
248,203920,Khem Birch,1610612753,ORL,6,2,4,34.0,10,0,0.0,0,0.0,0,0.0,2,1.0,0,0.0,0,0.0,0.625
249,203114,Khris Middleton,1610612749,MIL,16,12,4,500.0,308,46,0.556,78,0.386,102,0.435,18,0.5,21,0.476,4,0.333,0.564
250,1629017,Khyri Thomas,1610612765,DET,2,2,0,11.0,3,0,0.0,3,0.333,0,0.0,0,0.0,0,0.0,0,0.0,0.375
251,202691,Klay Thompson,1610612744,GSW,18,12,6,614.0,385,37,0.533,168,0.371,125,0.476,36,0.8,19,0.5,28,0.56,0.512
252,201585,Kosta Koufos,1610612758,SAC,7,4,3,98.0,28,0,0.0,4,0.5,2,1.0,18,0.692,2,0.333,6,0.6,0.519
253,1627739,Kris Dunn,1610612741,CHI,1,0,1,30.0,9,2,0.25,3,0.333,2,0.143,0,0.0,0,0.0,0,0.0,0.346
254,203937,Kyle Anderson,1610612763,MEM,16,11,5,462.0,89,13,0.286,5,0.182,8,0.308,35,0.538,4,0.667,14,0.545,0.438
255,2594,Kyle Korver,1610612739,CLE,12,1,11,187.0,65,4,0.5,40,0.412,9,0.333,2,1.0,0,0.0,0,0.0,0.559
256,1628398,Kyle Kuzma,1610612747,LAL,16,9,7,486.0,270,44,0.579,72,0.321,20,0.3,51,0.622,14,0.462,20,0.5,0.528
257,200768,Kyle Lowry,1610612761,TOR,17,13,4,578.0,263,60,0.581,70,0.348,84,0.439,13,0.714,0,0.0,2,1.0,0.548
258,203124,Kyle O'Quinn,1610612754,IND,10,6,4,55.0,28,0,0.0,8,0.4,2,0.5,12,0.5,2,0.5,8,0.8,0.458
259,202681,Kyrie Irving,1610612738,BOS,16,9,7,522.0,359,102,0.587,98,0.479,121,0.423,16,0.438,4,0.0,8,0.8,0.57
260,200746,LaMarcus Aldridge,1610612759,SAS,16,8,8,562.0,274,8,0.333,46,0.299,42,0.318,112,0.543,91,0.409,22,0.45,0.415
261,202362,Lance Stephenson,1610612747,LAL,16,9,7,264.0,139,37,0.448,35,0.364,47,0.457,13,0.75,0,0.0,2,0.5,0.525
262,202498,Lance Thomas,1610612752,NYK,11,3,8,167.0,43,5,0.125,19,0.35,6,0.333,4,0.5,2,1.0,0,0.0,0.402
263,1629013,Landry Shamet,1610612755,PHI,19,12,7,398.0,139,12,0.556,65,0.324,29,0.481,8,0.571,0,0.0,2,0.333,0.534
264,204038,Langston Galloway,1610612765,DET,13,8,5,323.0,121,16,0.727,70,0.353,19,0.529,2,1.0,0,0.0,0,0.0,0.54
265,1626204,Larry Nance Jr.,1610612739,CLE,13,2,11,287.0,94,0,0.0,16,0.28,6,0.375,46,0.588,8,0.333,16,0.389,0.481
266,2544,LeBron James,1610612747,LAL,16,9,7,555.0,460,121,0.505,53,0.426,137,0.424,48,0.719,16,0.4,20,0.714,0.58
267,1628366,Lonzo Ball,1610612747,LAL,16,9,7,416.0,124,8,0.267,45,0.357,32,0.261,19,0.9,0,0.0,6,0.75,0.479
268,203485,Lorenzo Brown,1610612761,TOR,11,9,2,99.0,30,6,0.375,3,0.111,9,0.364,6,1.0,0,0.0,0,0.0,0.429
269,101150,Lou Williams,1610612746,LAC,16,11,5,428.0,303,101,0.427,64,0.369,101,0.39,3,0.25,0,0.0,5,1.0,0.44
270,201601,Luc Mbah a Moute,1610612746,LAC,4,2,2,61.0,20,5,0.333,6,0.4,4,0.5,4,0.667,0,0.0,2,0.5,0.5
271,1629029,Luka Doncic,1610612742,DAL,16,7,9,542.0,307,81,0.402,74,0.426,111,0.431,18,0.9,10,0.444,12,0.8,0.533
272,1628379,Luke Kennard,1610612765,DET,3,3,0,43.0,17,2,0.5,0,0.0,7,0.75,2,1.0,0,0.0,4,1.0,0.708
273,1628436,Luke Kornet,1610612752,NYK,4,1,3,13.0,0,0,0.0,0,0.0,0,0.0,0,0.0,0,0.0,0,0.0,0.0
274,2736,Luol Deng,1610612750,MIN,2,0,2,19.0,5,0,0.0,0,0.0,0,0.0,2,0.5,0,0.0,0,0.0,0.222
275,1627781,Malachi Richardson,1610612761,TOR,10,7,3,64.0,16,0,0.0,12,0.308,0,0.0,0,0.0,0,0.0,0,0.0,0.438
276,1627763,Malcolm Brogdon,1610612749,MIL,16,12,4,480.0,221,81,0.479,65,0.512,13,0.222,12,0.667,0,0.0,0,0.0,0.557
277,1627736,Malik Beasley,1610612743,DEN,17,10,7,304.0,113,16,0.667,45,0.356,21,0.346,6,1.0,0,0.0,6,0.75,0.519
278,1628370,Malik Monk,1610612766,CHA,16,8,8,344.0,171,30,0.25,53,0.273,50,0.328,11,0.833,0,0.0,0,0.0,0.427
279,202705,MarShon Brooks,1610612763,MEM,15,10,5,211.0,105,32,0.484,26,0.375,26,0.333,14,0.857,0,0.0,4,1.0,0.474
280,201188,Marc Gasol,1610612763,MEM,16,11,5,550.0,269,18,0.533,120,0.417,20,0.357,60,0.5,43,0.333,33,0.519,0.522
281,101162,Marcin Gortat,1610612746,LAC,13,9,4,226.0,69,0,0.0,6,0.375,4,0.667,43,0.5,14,0.833,18,0.571,0.531
282,201158,Marco Belinelli,1610612759,SAS,16,8,8,364.0,166,19,0.389,61,0.338,40,0.327,20,0.529,0,0.0,14,0.429,0.454
283,1629094,Marcus Derrickson,1610612744,GSW,2,1,1,8.0,2,0,0.0,0,0.0,2,0.5,0,0.0,2,0.5,0,0.0,0.5
284,202694,Marcus Morris,1610612738,BOS,16,8,8,413.0,216,34,0.464,88,0.455,44,0.375,11,0.625,6,0.3,9,1.0,0.581
285,203935,Marcus Smart,1610612738,BOS,17,9,8,396.0,102,21,0.571,33,0.333,15,0.259,8,0.4,3,0.25,0,0.0,0.465
286,1626209,Mario Hezonja,1610612752,NYK,15,4,11,297.0,138,26,0.275,37,0.302,28,0.433,19,0.692,0,0.0,7,0.6,0.447
287,1628365,Markelle Fultz,1610612755,PHI,19,12,7,427.0,155,62,0.459,9,0.176,41,0.345,17,0.5,0,0.0,4,0.5,0.432
288,202693,Markieff Morris,1610612764,WAS,15,5,10,377.0,145,14,0.467,66,0.393,8,0.267,25,0.692,27,0.458,2,0.2,0.504
289,1627737,Marquese Chriss,1610612745,HOU,5,3,2,24.0,8,0,0.0,0,0.0,0,0.0,4,0.667,0,0.0,0,0.0,0.333
290,1628963,Marvin Bagley III,1610612758,SAC,17,9,8,388.0,205,14,0.5,24,0.31,5,0.133,81,0.66,35,0.368,16,0.462,0.533
291,101107,Marvin Williams,1610612766,CHA,16,8,8,380.0,117,20,0.533,61,0.318,4,0.222,14,0.583,10,0.625,6,1.0,0.482
292,203486,Mason Plumlee,1610612743,DEN,17,10,7,281.0,107,10,0.571,3,0.25,2,1.0,46,0.733,22,0.526,7,0.5,0.607
293,203521,Matthew Dellavedova,1610612749,MIL,7,7,0,43.0,11,3,0.0,6,0.5,0,0.0,0,0.0,0,0.0,0,0.0,0.45
294,203090,Maurice Harkless,1610612757,POR,5,3,2,88.0,19,0,0.0,9,0.429,0,0.0,6,0.75,0,0.0,0,0.0,0.472
295,1628467,Maxi Kleber,1610612742,DAL,16,7,9,295.0,96,7,0.6,51,0.36,6,0.5,22,0.667,8,0.5,0,0.0,0.545
296,1628982,Melvin Frazier Jr.,1610612753,ORL,2,1,1,11.0,0,0,0.0,0,0.0,0,0.0,0,0.0,0,0.0,0,0.0,0.0
297,203086,Meyers Leonard,1610612757,POR,13,9,4,139.0,70,0,0.0,30,0.476,0,0.0,25,0.588,0,0.0,2,0.25,0.633
298,201563,Michael Beasley,1610612747,LAL,4,1,3,20.0,10,0,0.0,2,0.25,2,1.0,4,0.667,0,0.0,0,0.0,0.444
299,203487,Michael Carter-Williams,1610612745,HOU,9,4,5,102.0,36,16,0.3,6,0.222,2,0.167,2,1.0,0,0.0,2,0.5,0.378
300,203077,Michael Kidd-Gilchrist,1610612766,CHA,13,7,6,265.0,112,22,0.478,10,0.308,4,0.25,45,0.607,3,0.333,3,0.5,0.494
301,1628969,Mikal Bridges,1610612756,PHX,16,3,13,318.0,128,16,0.571,48,0.348,5,0.286,7,0.6,0,0.0,2,0.25,0.585
302,201144,Mike Conley,1610612763,MEM,16,11,5,534.0,314,104,0.449,60,0.362,99,0.366,10,0.5,5,1.0,15,0.6,0.482
303,203488,Mike Muscala,1610612755,PHI,13,8,5,310.0,111,0,0.0,61,0.356,2,0.5,16,0.778,4,1.0,2,1.0,0.526
304,203118,Mike Scott,1610612746,LAC,16,11,5,243.0,90,6,0.5,56,0.487,12,0.6,12,0.75,2,0.5,2,0.25,0.638
305,1628970,Miles Bridges,1610612766,CHA,15,7,8,312.0,115,15,0.375,34,0.4,9,0.2,37,0.857,4,0.667,2,0.0,0.622
306,203101,Miles Plumlee,1610612737,ATL,10,0,10,116.0,59,6,0.75,0,0.0,0,0.0,47,0.724,0,0.0,6,0.25,0.714
307,1628462,Milos Teodosic,1610612746,LAC,8,5,3,82.0,23,2,0.5,17,0.545,5,0.667,2,1.0,0,0.0,0,0.0,0.786
308,1629011,Mitchell Robinson,1610612752,NYK,15,4,11,273.0,74,0,0.0,2,1.0,0,0.0,54,0.578,0,0.0,6,0.5,0.608
309,1628964,Mo Bamba,1610612753,ORL,17,9,8,301.0,113,4,0.2,34,0.318,4,0.4,59,0.7,7,0.3,14,0.538,0.541
310,1628420,Monte Morris,1610612743,DEN,17,10,7,406.0,154,54,0.5,39,0.368,42,0.408,4,0.4,0,0.0,4,0.333,0.515
311,1626149,Montrezl Harrell,1610612746,LAC,16,11,5,389.0,244,2,0.143,2,0.5,2,0.2,132,0.67,28,0.591,34,0.652,0.667
312,1629021,Moritz Wagner,1610612747,LAL,1,0,1,2.0,0,0,0.0,0,0.0,0,0.0,0,0.0,0,0.0,0,0.0,0.0
313,1626167,Myles Turner,1610612754,IND,17,11,6,452.0,187,9,0.571,59,0.365,17,0.471,45,0.563,27,0.571,35,0.577,0.481
314,1628513,Naz Mitrou-Long,1610612762,UTA,1,0,1,4.0,0,0,0.0,0,0.0,0,0.0,0,0.0,0,0.0,0,0.0,0.0
315,202357,Nemanja Bjelica,1610612758,SAC,17,9,8,429.0,193,38,0.486,83,0.491,17,0.35,30,0.625,8,0.5,6,0.6,0.622
316,203457,Nerlens Noel,1610612760,OKC,15,10,5,208.0,80,5,1.0,4,0.286,0,0.0,48,0.59,0,0.0,7,0.6,0.604
317,201587,Nicolas Batum,1610612766,CHA,16,8,8,500.0,145,22,0.417,67,0.4,44,0.463,17,0.571,0,0.0,4,0.667,0.523
318,203917,Nik Stauskas,1610612757,POR,16,11,5,290.0,115,18,0.391,49,0.459,26,0.355,8,0.8,0,0.0,3,0.333,0.532
319,203999,Nikola Jokic,1610612743,DEN,17,10,7,506.0,302,22,0.526,81,0.353,6,0.273,62,0.707,51,0.444,20,0.529,0.564
320,202703,Nikola Mirotic,1610612740,NOP,15,8,7,468.0,288,21,0.471,99,0.343,38,0.34,67,0.66,35,0.625,10,0.625,0.561
321,202696,Nikola Vucevic,1610612753,ORL,17,9,8,518.0,346,22,0.529,101,0.451,18,0.45,146,0.644,57,0.426,32,0.464,0.593
322,203943,Noah Vonleh,1610612752,NYK,17,4,13,394.0,124,15,0.412,18,0.286,6,0.375,43,0.533,12,0.857,4,0.25,0.495
323,1626181,Norman Powell,1610612761,TOR,11,10,1,164.0,55,10,0.571,24,0.421,9,0.4,6,0.6,0,0.0,2,1.0,0.583
324,1628384,OG Anunoby,1610612761,TOR,13,10,3,297.0,118,12,0.5,44,0.326,5,0.25,14,0.583,2,0.25,2,0.0,0.543
325,1629016,Omari Spellman,1610612737,ATL,16,3,13,314.0,108,4,0.143,47,0.333,2,0.167,32,0.467,0,0.0,8,1.0,0.457
326,201956,Omri Casspi,1610612763,MEM,10,8,2,109.0,51,11,0.556,15,0.5,2,1.0,11,0.5,0,0.0,2,0.333,0.574
327,203490,Otto Porter Jr.,1610612764,WAS,15,4,11,420.0,159,25,0.706,64,0.359,38,0.462,30,0.667,4,0.667,10,0.444,0.537
328,200782,PJ Tucker,1610612745,HOU,15,8,7,533.0,126,3,0.167,98,0.458,0,0.0,8,0.444,0,0.0,6,0.75,0.615
329,1627783,Pascal Siakam,1610612761,TOR,17,13,4,489.0,240,61,0.676,18,0.25,8,0.5,59,0.75,17,0.571,12,0.667,0.646
330,1626192,Pat Connaughton,1610612749,MIL,13,9,4,223.0,92,12,0.625,30,0.333,9,0.333,26,0.611,0,0.0,6,0.6,0.575
331,201976,Patrick Beverley,1610612746,LAC,16,11,5,422.0,110,34,0.405,44,0.313,25,0.313,4,0.4,0,0.0,0,0.0,0.438
332,202335,Patrick Patterson,1610612760,OKC,16,10,6,270.0,91,2,0.5,53,0.333,2,0.333,17,0.333,5,0.5,4,0.333,0.482
333,201988,Patty Mills,1610612759,SAS,16,8,8,419.0,147,21,0.727,64,0.415,45,0.302,6,0.429,0,0.0,2,0.5,0.508
334,2200,Pau Gasol,1610612759,SAS,9,6,3,157.0,61,10,0.714,20,0.5,4,1.0,17,0.75,5,0.143,6,0.25,0.558
335,202331,Paul George,1610612760,OKC,16,10,6,568.0,388,71,0.617,124,0.338,120,0.409,14,0.455,13,0.5,26,0.55,0.495
336,200794,Paul Millsap,1610612743,DEN,17,10,7,449.0,211,29,0.5,53,0.435,21,0.286,49,0.512,33,0.438,4,0.5,0.497
337,202347,Quincy Pondexter,1610612759,SAS,13,5,8,87.0,31,14,1.0,3,0.333,2,0.2,6,0.6,0,0.0,0,0.0,0.559
338,1626188,Quinn Cook,1610612744,GSW,15,9,6,270.0,156,27,0.545,65,0.622,68,0.508,2,0.25,0,0.0,4,1.0,0.629
339,200765,Rajon Rondo,1610612747,LAL,11,6,5,278.0,93,40,0.463,12,0.364,29,0.444,10,0.625,0,0.0,2,0.333,0.506
340,203526,Raul Neto,1610612762,UTA,1,0,1,9.0,2,0,0.0,0,0.0,0,0.0,0,0.0,0,0.0,0,0.0,0.333
341,1629034,Ray Spalding,1610612742,DAL,1,0,1,1.0,0,0,0.0,0,0.0,0,0.0,0,0.0,0,0.0,0,0.0,0.0
342,101109,Raymond Felton,1610612760,OKC,10,6,4,125.0,56,16,0.389,6,0.111,30,0.412,0,0.0,0,0.0,0,0.0,0.387
343,203493,Reggie Bullock,1610612765,DET,11,7,4,307.0,123,12,0.313,61,0.389,17,0.308,6,0.25,0,0.0,0,0.0,0.472
344,202704,Reggie Jackson,1610612765,DET,14,8,6,407.0,217,60,0.455,81,0.378,43,0.308,7,0.75,2,1.0,0,0.0,0.46
345,1626158,Richaun Holmes,1610612756,PHX,15,2,13,165.0,54,3,0.25,4,0.5,2,1.0,30,0.667,6,0.5,7,0.6,0.6
346,201937,Ricky Rubio,1610612762,UTA,17,8,9,508.0,210,35,0.302,37,0.317,74,0.391,2,1.0,0,0.0,0,0.0,0.449
347,203496,Robert Covington,1610612750,MIN,16,10,6,542.0,189,15,0.455,105,0.412,9,0.211,10,0.5,0,0.0,6,1.0,0.579
348,1629057,Robert Williams III,1610612738,BOS,5,3,2,15.0,5,0,0.0,0,0.0,0,0.0,4,1.0,0,0.0,0,0.0,1.0
349,201577,Robin Lopez,1610612741,CHI,11,2,9,173.0,38,2,0.5,7,0.3,2,0.5,15,0.538,5,0.286,8,0.5,0.461
350,1629066,Rodions Kurucs,1610612751,BKN,7,3,4,82.0,46,14,0.625,18,0.5,2,0.333,6,0.5,0,0.0,0,0.0,0.6
351,203918,Rodney Hood,1610612739,CLE,15,2,13,402.0,193,42,0.333,46,0.395,64,0.385,14,0.833,4,0.2,4,0.5,0.494
352,203585,Rodney McGruder,1610612748,MIA,16,6,10,534.0,204,60,0.418,69,0.39,34,0.56,19,0.533,0,0.0,3,0.333,0.548
353,1627758,Ron Baker,1610612752,NYK,9,2,7,92.0,9,2,0.0,0,0.0,0,0.0,3,1.0,0,0.0,2,1.0,0.167
354,1626178,Rondae Hollis-Jefferson,1610612751,BKN,13,5,8,265.0,120,23,0.435,10,0.25,12,0.4,32,0.593,13,0.375,12,0.6,0.411
355,1626220,Royce O'Neale,1610612762,UTA,17,8,9,250.0,69,16,0.4,15,0.417,2,0.125,8,0.667,0,0.0,2,1.0,0.526
356,200752,Rudy Gay,1610612759,SAS,12,7,5,326.0,175,37,0.419,47,0.447,52,0.521,17,0.667,29,0.7,0,0.0,0.545
357,203497,Rudy Gobert,1610612762,UTA,17,8,9,549.0,258,0,0.0,0,0.0,0,0.0,177,0.7,0,0.0,25,0.526,0.7
358,201566,Russell Westbrook,1610612760,OKC,8,5,3,257.0,198,70,0.574,20,0.258,41,0.351,19,0.8,2,0.167,20,0.778,0.506
359,201583,Ryan Anderson,1610612756,PHX,12,3,9,244.0,54,10,0.429,21,0.241,10,0.333,5,0.4,6,0.5,0,0.0,0.384
360,1627853,Ryan Arcidiacono,1610612741,CHI,16,4,12,424.0,110,12,0.417,68,0.479,17,0.35,3,1.0,0,0.0,0,0.0,0.63
361,1629151,Ryan Broekhoff,1610612742,DAL,8,4,4,25.0,11,0,0.0,9,0.375,2,1.0,0,0.0,0,0.0,0,0.0,0.55
362,1626257,Salah Mejri,1610612742,DAL,3,2,1,12.0,6,0,0.0,0,0.0,0,0.0,2,1.0,0,0.0,0,0.0,0.667
363,1626155,Sam Dekker,1610612739,CLE,9,1,8,169.0,57,2,0.1,15,0.357,2,0.2,13,0.6,0,0.0,2,0.5,0.51
364,1628400,Semi Ojeleye,1610612738,BOS,11,7,4,99.0,25,0,0.0,6,0.222,0,0.0,8,1.0,0,0.0,0,0.0,0.548
365,201586,Serge Ibaka,1610612761,TOR,16,13,3,429.0,280,16,0.467,93,0.471,10,0.294,110,0.731,32,0.5,48,0.7,0.598
366,203552,Seth Curry,1610612757,POR,14,10,4,239.0,67,4,0.25,42,0.538,17,0.258,0,0.0,0,0.0,0,0.0,0.516
367,203894,Shabazz Napier,1610612751,BKN,13,5,8,198.0,100,24,0.24,29,0.417,30,0.394,4,0.5,0,0.0,4,1.0,0.445
368,1628983,Shai Gilgeous-Alexander,1610612746,LAC,16,11,5,438.0,162,86,0.514,28,0.407,43,0.382,4,0.5,0,0.0,1,0.0,0.496
369,1627885,Shaquille Harrison,1610612741,CHI,8,2,6,136.0,60,22,0.412,6,0.25,5,0.25,4,0.5,0,0.0,0,0.0,0.5
370,2733,Shaun Livingston,1610612744,GSW,9,5,4,144.0,48,5,0.4,2,0.2,14,0.333,14,0.667,4,0.333,6,0.4,0.488
371,202714,Shelvin Mack,1610612763,MEM,16,11,5,416.0,174,42,0.444,39,0.52,55,0.451,14,0.875,0,0.0,6,0.6,0.589
372,1628414,Sindarius Thornwell,1610612746,LAC,5,5,0,43.0,4,0,0.0,0,0.0,0,0.0,2,1.0,0,0.0,0,0.0,0.25
373,1627746,Skal Labissiere,1610612758,SAC,6,2,4,35.0,15,4,0.5,3,0.2,2,0.5,6,1.0,2,0.0,2,0.0,0.458
374,203524,Solomon Hill,1610612740,NOP,8,4,4,142.0,22,0,0.0,11,0.267,0,0.0,4,0.667,0,0.0,4,0.667,0.328
375,203915,Spencer Dinwiddie,1610612751,BKN,17,7,10,468.0,249,93,0.5,61,0.42,62,0.373,2,1.0,0,0.0,2,1.0,0.548
376,1626169,Stanley Johnson,1610612765,DET,13,7,6,313.0,110,24,0.545,39,0.271,18,0.35,6,0.429,0,0.0,2,1.0,0.468
377,201939,Stephen Curry,1610612744,GSW,12,10,2,399.0,354,62,0.569,118,0.488,112,0.474,8,0.6,3,1.0,11,0.75,0.646
378,1628425,Sterling Brown,1610612749,MIL,9,9,0,57.0,17,11,1.0,0,0.0,0,0.0,4,0.333,0,0.0,0,0.0,0.333
379,203500,Steven Adams,1610612760,OKC,15,9,6,507.0,234,0,0.0,0,0.0,2,0.25,152,0.67,41,0.486,25,0.458,0.616
380,1629004,Svi Mykhailiuk,1610612747,LAL,8,4,4,78.0,18,4,0.667,9,0.3,0,0.0,0,0.0,0,0.0,0,0.0,0.417
381,204456,T.J. McConnell,1610612755,PHI,13,7,6,184.0,54,22,0.688,2,0.167,22,0.688,2,0.0,0,0.0,0,0.0,0.533
382,203933,T.J. Warren,1610612756,PHX,15,2,13,447.0,268,70,0.466,73,0.481,35,0.354,20,0.667,6,0.6,2,0.25,0.578
383,1628388,TJ Leaf,1610612754,IND,10,8,2,66.0,13,2,0.167,3,0.2,0,0.0,6,0.6,0,0.0,0,0.0,0.325
384,201959,Taj Gibson,1610612750,MIN,17,7,10,459.0,187,6,0.222,30,0.364,4,0.4,100,0.608,22,0.588,20,0.318,0.548
385,1627752,Taurean Prince,1610612737,ATL,14,3,11,412.0,227,50,0.513,83,0.368,58,0.379,6,0.6,0,0.0,2,0.5,0.536
386,1628390,Terrance Ferguson,1610612760,OKC,14,9,5,313.0,62,3,0.5,30,0.256,0,0.0,12,0.75,0,0.0,6,0.75,0.447
387,203082,Terrence Ross,1610612753,ORL,17,9,8,423.0,231,8,0.25,125,0.48,82,0.435,6,0.429,1,0.0,22,0.647,0.543
388,1626179,Terry Rozier,1610612738,BOS,17,9,8,393.0,142,21,0.385,41,0.326,44,0.303,10,1.0,0,0.0,0,0.0,0.45
389,200757,Thabo Sefolosha,1610612762,UTA,5,0,5,44.0,3,0,0.0,0,0.0,2,0.5,0,0.0,2,1.0,0,0.0,0.167
390,201152,Thaddeus Young,1610612754,IND,17,11,6,478.0,160,22,0.55,11,0.211,0,0.0,54,0.619,32,0.441,16,0.7,0.5
391,1629033,Theo Pinson,1610612751,BKN,2,1,1,10.0,2,2,0.0,0,0.0,0,0.0,0,0.0,0,0.0,0,0.0,0.0
392,1628418,Thomas Bryant,1610612764,WAS,6,2,4,32.0,25,0,0.0,0,0.0,2,0.5,18,0.7,2,0.0,11,0.8,0.529
393,1629118,Thomas Welsh,1610612743,DEN,3,3,0,7.0,0,0,0.0,0,0.0,0,0.0,0,0.0,0,0.0,0,0.0,0.0
394,1627748,Thon Maker,1610612749,MIL,8,7,1,89.0,42,0,0.0,24,0.444,0,0.0,14,0.583,0,0.0,0,0.0,0.571
395,204025,Tim Frazier,1610612740,NOP,11,4,7,137.0,23,4,0.286,11,0.4,2,0.083,0,0.0,0,0.0,0,0.0,0.355
396,203501,Tim Hardaway Jr.,1610612752,NYK,16,4,12,518.0,383,65,0.4,105,0.371,126,0.466,11,0.571,6,0.667,10,0.444,0.507
397,1627789,Timothe Luwawu-Cabarrot,1610612760,OKC,9,7,2,60.0,23,4,0.5,5,0.286,0,0.0,2,0.5,0,0.0,0,0.0,0.5
398,202699,Tobias Harris,1610612746,LAC,16,11,5,558.0,334,96,0.531,78,0.412,94,0.524,35,0.727,18,0.333,13,0.667,0.578
399,203107,Tomas Satoransky,1610612764,WAS,16,5,11,199.0,66,24,0.524,15,0.417,10,0.417,14,0.667,2,0.0,4,0.5,0.49
400,2225,Tony Parker,1610612766,CHA,15,8,7,277.0,147,64,0.545,16,0.316,44,0.44,2,0.0,0,0.0,0,0.0,0.492
401,203503,Tony Snell,1610612749,MIL,16,12,4,264.0,100,16,0.5,58,0.476,7,0.429,8,0.8,0,0.0,8,1.0,0.637
402,1628470,Torrey Craig,1610612743,DEN,13,9,4,205.0,49,4,0.5,12,0.182,0,0.0,13,0.6,0,0.0,2,1.0,0.459
403,1629027,Trae Young,1610612737,ATL,17,3,14,513.0,285,138,0.56,51,0.34,61,0.241,2,0.333,0,0.0,2,0.5,0.438
404,1626203,Treveon Graham,1610612751,BKN,2,1,1,27.0,0,0,0.0,0,0.0,0,0.0,0,0.0,0,0.0,0,0.0,0.0
405,2772,Trevor Ariza,1610612756,PHX,14,2,12,477.0,143,35,0.48,72,0.358,17,0.444,4,0.4,0,0.0,2,0.0,0.488
406,203504,Trey Burke,1610612752,NYK,14,3,11,296.0,170,64,0.547,28,0.345,58,0.375,2,0.333,3,1.0,4,0.667,0.493
407,1626168,Trey Lyles,1610612743,DEN,17,10,7,356.0,177,28,0.429,43,0.259,12,0.333,32,0.65,15,0.538,16,0.583,0.487
408,202684,Tristan Thompson,1610612739,CLE,15,2,13,419.0,152,10,0.286,0,0.0,6,0.5,102,0.641,7,0.375,28,0.52,0.54
409,1628972,Troy Brown Jr.,1610612764,WAS,8,2,6,42.0,20,2,0.143,0,0.0,5,0.4,2,1.0,0,0.0,0,0.0,0.5
410,203584,Troy Daniels,1610612756,PHX,5,1,4,40.0,14,0,0.0,6,0.25,3,0.25,3,0.5,0,0.0,3,1.0,0.433
411,1627786,Troy Williams,1610612758,SAC,8,3,5,137.0,55,4,0.4,24,0.364,2,0.5,0,0.0,0,0.0,2,1.0,0.581
412,1628416,Tyler Dorsey,1610612737,ATL,9,0,9,102.0,29,13,0.545,3,0.125,2,0.125,5,0.5,0,0.0,3,0.333,0.343
413,204020,Tyler Johnson,1610612748,MIA,16,6,10,435.0,183,41,0.391,67,0.324,23,0.344,10,0.833,0,0.0,7,0.6,0.506
414,1628399,Tyler Lydon,1610612743,DEN,5,5,0,17.0,9,0,0.0,3,1.0,0,0.0,1,0.0,0,0.0,2,1.0,1.0
415,1627755,Tyler Ulis,1610612741,CHI,1,0,1,1.0,0,0,0.0,0,0.0,0,0.0,0,0.0,0,0.0,0,0.0,0.0
416,201936,Tyreke Evans,1610612754,IND,16,10,6,332.0,176,41,0.367,54,0.439,41,0.383,0,0.0,2,0.333,2,0.5,0.463
417,1627820,Tyrone Wallace,1610612746,LAC,11,8,3,77.0,34,9,0.308,2,0.2,2,0.25,4,0.667,0,0.0,0,0.0,0.424
418,2199,Tyson Chandler,1610612747,LAL,13,6,7,219.0,43,0,0.0,0,0.0,0,0.0,37,0.517,0,0.0,2,0.0,0.556
419,1626145,Tyus Jones,1610612750,MIN,16,6,10,297.0,73,24,0.357,20,0.25,29,0.325,0,0.0,0,0.0,2,1.0,0.382
420,2617,Udonis Haslem,1610612748,MIA,2,2,0,6.0,2,0,0.0,0,0.0,0,0.0,2,0.5,0,0.0,0,0.0,0.25
421,203506,Victor Oladipo,1610612754,IND,16,10,6,518.0,343,71,0.408,69,0.368,130,0.404,7,0.6,0,0.0,12,0.625,0.505
422,1713,Vince Carter,1610612737,ATL,17,3,14,309.0,119,17,0.533,74,0.379,9,0.286,4,0.667,4,0.286,2,0.5,0.551
423,1629053,Vincent Edwards,1610612745,HOU,1,1,0,4.0,3,0,0.0,3,0.5,0,0.0,0,0.0,0,0.0,0,0.0,0.75
424,1627735,Wade Baldwin IV,1610612757,POR,5,4,1,23.0,2,0,0.0,0,0.0,0,0.0,0,0.0,0,0.0,0,0.0,0.143
425,201961,Wayne Ellington,1610612748,MIA,9,3,6,210.0,94,8,0.286,65,0.415,18,0.318,0,0.0,0,0.0,0,0.0,0.579
426,1627782,Wayne Selden,1610612763,MEM,16,11,5,265.0,100,30,0.591,33,0.333,15,0.438,4,0.4,0,0.0,2,1.0,0.536
427,1628976,Wendell Carter Jr.,1610612741,CHI,17,4,13,440.0,192,5,0.667,53,0.387,6,0.375,69,0.566,19,0.286,36,0.536,0.481
428,1628411,Wes Iwundu,1610612753,ORL,13,7,6,236.0,66,6,0.3,16,0.333,8,0.286,6,0.4,2,1.0,5,1.0,0.414
429,202325,Wesley Johnson,1610612740,NOP,11,7,4,221.0,64,2,0.0,32,0.458,19,0.533,8,1.0,0,0.0,4,0.5,0.641
430,202083,Wesley Matthews,1610612742,DAL,13,5,8,422.0,211,37,0.459,96,0.434,33,0.3,5,0.25,27,0.588,8,0.444,0.537
431,203115,Will Barton,1610612743,DEN,2,2,0,54.0,33,6,0.5,6,0.4,11,0.667,4,1.0,2,1.0,0,0.0,0.69
432,1626161,Willie Cauley-Stein,1610612758,SAC,17,9,8,490.0,254,21,0.346,17,0.381,4,0.222,108,0.607,50,0.59,48,0.404,0.531
433,1626195,Willy Hernangomez,1610612766,CHA,15,8,7,213.0,112,4,1.0,29,0.556,5,0.667,45,0.476,6,0.333,11,0.333,0.583
434,201163,Wilson Chandler,1610612755,PHI,8,7,1,154.0,35,10,0.8,15,0.455,2,0.25,2,0.333,2,1.0,2,1.0,0.569
435,1627812,Yogi Ferrell,1610612758,SAC,11,6,5,173.0,64,17,0.538,14,0.238,16,0.368,9,0.75,0,0.0,4,1.0,0.472
436,1629139,Yuta Watanabe,1610612763,MEM,2,2,0,12.0,2,0,0.0,0,0.0,0,0.0,0,0.0,0,0.0,0,0.0,0.0
437,1628380,Zach Collins,1610612757,POR,16,11,5,330.0,150,15,0.667,34,0.316,7,0.3,39,0.68,22,0.563,15,0.545,0.602
438,203897,Zach LaVine,1610612741,CHI,16,4,12,575.0,404,133,0.49,60,0.375,77,0.287,6,0.5,6,0.4,10,0.4,0.479
439,1629155,Zach Lofton,1610612765,DET,1,1,0,4.0,0,0,0.0,0,0.0,0,0.0,0,0.0,0,0.0,0,0.0,0.0
440,2585,Zaza Pachulia,1610612765,DET,14,8,6,181.0,53,2,0.5,8,0.4,2,1.0,22,0.261,2,0.25,8,0.375,0.326
441,1627753,Zhou Qi,1610612745,HOU,1,0,1,1.0,2,0,0.0,0,0.0,0,0.0,0,0.0,0,0.0,0,0.0,1.0
