,PLAYER_ID,PLAYER_NAME,TEAM_ID,TEAM_ABBREVIATION,AGE,G,MIN,CONTESTED_SHOTS,CONTESTED_SHOTS_2PT,CONTESTED_SHOTS_3PT,DEFLECTIONS,CHARGES_DRAWN,SCREEN_ASSISTS,SCREEN_AST_PTS,OFF_LOOSE_BALLS_RECOVERED,DEF_LOOSE_BALLS_RECOVERED,LOOSE_BALLS_RECOVERED,PCT_LOOSE_BALLS_RECOVERED_OFF,PCT_LOOSE_BALLS_RECOVERED_DEF,OFF_BOXOUTS,DEF_BOXOUTS,BOX_OUT_PLAYER_TEAM_REBS,BOX_OUT_PLAYER_REBS,BOX_OUTS,PCT_BOX_OUTS_OFF,PCT_BOX_OUTS_DEF,PCT_BOX_OUTS_TEAM_REB,PCT_BOX_OUTS_REB
0,201985,AJ Price,1610612750,MIN,27.0,28,99.0,0,0,0,0,0,0,0,0,0,0,0.0,0.0,0,0,0,0,0,0.0,0.0,0.0,0.0
1,201166,Aaron Brooks,1610612743,DEN,29.0,72,1557.0,0,0,0,0,0,0,0,0,0,0,0.0,0.0,0,0,0,0,0,0.0,0.0,0.0,0.0
2,201189,Aaron Gray,1610612758,SAC,29.0,37,354.0,0,0,0,0,0,0,0,0,0,0,0.0,0.0,0,0,0,0,0,0.0,0.0,0.0,0.0
3,203519,Adonis Thomas,1610612755,PHI,21.0,6,38.0,0,0,0,0,0,0,0,0,0,0,0.0,0.0,0,0,0,0,0,0.0,0.0,0.0,0.0
4,1733,Al Harrington,1610612764,WAS,34.0,34,511.0,0,0,0,0,0,0,0,0,0,0,0.0,0.0,0,0,0,0,0,0.0,0.0,0.0,0.0
5,201143,Al Horford,1610612737,ATL,28.0,29,958.0,0,0,0,0,0,0,0,0,0,0,0.0,0.0,0,0,0,0,0,0.0,0.0,0.0,0.0
6,2744,Al Jefferson,1610612766,CHA,29.0,73,2553.0,0,0,0,0,0,0,0,0,0,0,0.0,0.0,0,0,0,0,0,0.0,0.0,0.0,0.0
7,202329,Al-Farouq Aminu,1610612740,NOP,23.0,80,2045.0,0,0,0,0,0,0,0,0,0,0,0.0,0.0,0,0,0,0,0,0.0,0.0,0.0,0.0
8,101187,Alan Anderson,1610612751,BKN,31.0,78,1773.0,0,0,0,0,0,0,0,0,0,0,0.0,0.0,0,0,0,0,0,0.0,0.0,0.0,0.0
9,202692,Alec Burks,1610612762,UTA,22.0,78,2193.0,0,0,0,0,0,0,0,0,0,0,0.0,0.0,0,0,0,0,0,0.0,0.0,0.0,0.0
10,203458,Alex Len,1610612756,PHX,21.0,42,362.0,0,0,0,0,0,0,0,0,0,0,0.0,0.0,0,0,0,0,0,0.0,0.0,0.0,0.0
11,203144,Alexey Shved,1610612750,MIN,25.0,63,664.0,0,0,0,0,0,0,0,0,0,0,0.0,0.0,0,0,0,0,0,0.0,0.0,0.0,0.0
12,201582,Alexis Ajinca,1610612740,NOP,26.0,56,951.0,0,0,0,0,0,0,0,0,0,0,0.0,0.0,0,0,0,0,0,0.0,0.0,0.0,0.0
13,203459,Allen Crabbe,1610612757,POR,22.0,15,100.0,0,0,0,0,0,0,0,0,0,0,0.0,0.0,0,0,0,0,0,0.0,0.0,0.0,0.0
14,202087,Alonzo Gee,1610612739,CLE,27.0,65,1020.0,0,0,0,0,0,0,0,0,0,0,0.0,0.0,0,0,0,0,0,0.0,0.0,0.0,0.0
15,2405,Amar'e Stoudemire,1610612752,NYK,31.0,65,1466.0,0,0,0,0,0,0,0,0,0,0,0.0,0.0,0,0,0,0,0,0.0,0.0,0.0,0.0
16,101161,Amir Johnson,1610612761,TOR,27.0,77,2214.0,0,0,0,0,0,0,0,0,0,0,0.0,0.0,0,0,0,0,0,0.0,0.0,0.0,0.0
17,2760,Anderson Varejao,1610612739,CLE,31.0,65,1800.0,0,0,0,0,0,0,0,0,0,0,0.0,0.0,0,0,0,0,0,0.0,0.0,0.0,0.0
18,101154,Andray Blatche,1610612751,BKN,27.0,73,1618.0,0,0,0,0,0,0,0,0,0,0,0.0,0.0,0,0,0,0,0,0.0,0.0,0.0,0.0
19,203083,Andre Drummond,1610612765,DET,20.0,81,2619.0,0,0,0,0,0,0,0,0,0,0,0.0,0.0,0,0,0,0,0,0.0,0.0,0.0,0.0
20,2738,Andre Iguodala,1610612744,GSW,30.0,63,2040.0,0,0,0,0,0,0,0,0,0,0,0.0,0.0,0,0,0,0,0,0.0,0.0,0.0,0.0
21,1889,Andre Miller,1610612764,WAS,38.0,58,982.0,0,0,0,0,0,0,0,0,0,0,0.0,0.0,0,0,0,0,0,0.0,0.0,0.0,0.0
22,203460,Andre Roberson,1610612760,OKC,22.0,40,399.0,0,0,0,0,0,0,0,0,0,0,0.0,0.0,0,0,0,0,0,0.0,0.0,0.0,0.0
23,200745,Andrea Bargnani,1610612752,NYK,28.0,42,1257.0,0,0,0,0,0,0,0,0,0,0,0.0,0.0,0,0,0,0,0,0.0,0.0,0.0,0.0
24,1905,Andrei Kirilenko,1610612751,BKN,33.0,45,857.0,0,0,0,0,0,0,0,0,0,0,0.0,0.0,0,0,0,0,0,0.0,0.0,0.0,0.0
25,101106,Andrew Bogut,1610612744,GSW,29.0,67,1769.0,0,0,0,0,0,0,0,0,0,0,0.0,0.0,0,0,0,0,0,0.0,0.0,0.0,0.0
26,101115,Andrew Bynum,1610612754,IND,26.0,26,516.0,0,0,0,0,0,0,0,0,0,0,0.0,0.0,0,0,0,0,0,0.0,0.0,0.0,0.0
27,203094,Andrew Nicholson,1610612753,ORL,24.0,76,1174.0,0,0,0,0,0,0,0,0,0,0,0.0,0.0,0,0,0,0,0,0.0,0.0,0.0,0.0
28,2740,Andris Biedrins,1610612762,UTA,28.0,6,45.0,0,0,0,0,0,0,0,0,0,0,0.0,0.0,0,0,0,0,0,0.0,0.0,0.0,0.0
29,1712,Antawn Jamison,1610612746,LAC,38.0,22,248.0,0,0,0,0,0,0,0,0,0,0,0.0,0.0,0,0,0,0,0,0.0,0.0,0.0,0.0
30,203461,Anthony Bennett,1610612739,CLE,21.0,52,663.0,0,0,0,0,0,0,0,0,0,0,0.0,0.0,0,0,0,0,0,0.0,0.0,0.0,0.0
31,203076,Anthony Davis,1610612740,NOP,21.0,67,2358.0,0,0,0,0,0,0,0,0,0,0,0.0,0.0,0,0,0,0,0,0.0,0.0,0.0,0.0
32,201627,Anthony Morrow,1610612740,NOP,28.0,76,1426.0,0,0,0,0,0,0,0,0,0,0,0.0,0.0,0,0,0,0,0,0.0,0.0,0.0,0.0
33,201576,Anthony Randolph,1610612743,DEN,24.0,43,527.0,0,0,0,0,0,0,0,0,0,0,0.0,0.0,0,0,0,0,0,0.0,0.0,0.0,0.0
34,201229,Anthony Tolliver,1610612766,CHA,29.0,64,1298.0,0,0,0,0,0,0,0,0,0,0,0.0,0.0,0,0,0,0,0,0.0,0.0,0.0,0.0
35,203462,Archie Goodwin,1610612756,PHX,19.0,52,533.0,0,0,0,0,0,0,0,0,0,0,0.0,0.0,0,0,0,0,0,0.0,0.0,0.0,0.0
36,202620,Arinze Onuaku,1610612739,CLE,26.0,5,30.0,0,0,0,0,0,0,0,0,0,0,0.0,0.0,0,0,0,0,0,0.0,0.0,0.0,0.0
37,203102,Arnett Moultrie,1610612755,PHI,23.0,12,187.0,0,0,0,0,0,0,0,0,0,0,0.0,0.0,0,0,0,0,0,0.0,0.0,0.0,0.0
38,203382,Aron Baynes,1610612759,SAS,27.0,53,491.0,0,0,0,0,0,0,0,0,0,0,0.0,0.0,0,0,0,0,0,0.0,0.0,0.0,0.0
39,201167,Arron Afflalo,1610612753,ORL,28.0,73,2552.0,0,0,0,0,0,0,0,0,0,0,0.0,0.0,0,0,0,0,0,0.0,0.0,0.0,0.0
40,201948,Austin Daye,1610612759,SAS,26.0,22,148.0,0,0,0,0,0,0,0,0,0,0,0.0,0.0,0,0,0,0,0,0.0,0.0,0.0,0.0
41,203085,Austin Rivers,1610612740,NOP,21.0,69,1339.0,0,0,0,0,0,0,0,0,0,0,0.0,0.0,0,0,0,0,0,0.0,0.0,0.0,0.0
42,202340,Avery Bradley,1610612738,BOS,23.0,60,1855.0,0,0,0,0,0,0,0,0,0,0,0.0,0.0,0,0,0,0,0,0.0,0.0,0.0,0.0
43,2732,Ben Gordon,1610612766,CHA,31.0,19,279.0,0,0,0,0,0,0,0,0,0,0,0.0,0.0,0,0,0,0,0,0.0,0.0,0.0,0.0
44,203463,Ben McLemore,1610612758,SAC,21.0,82,2187.0,0,0,0,0,0,0,0,0,0,0,0.0,0.0,0,0,0,0,0,0.0,0.0,0.0,0.0
45,2757,Beno Udrih,1610612763,MEM,31.0,41,643.0,0,0,0,0,0,0,0,0,0,0,0.0,0.0,0,0,0,0,0,0.0,0.0,0.0,0.0
46,203108,Bernard James,1610612742,DAL,29.0,30,146.0,0,0,0,0,0,0,0,0,0,0,0.0,0.0,0,0,0,0,0,0.0,0.0,0.0,0.0
47,202687,Bismack Biyombo,1610612766,CHA,21.0,77,1072.0,0,0,0,0,0,0,0,0,0,0,0.0,0.0,0,0,0,0,0,0.0,0.0,0.0,0.0
48,201933,Blake Griffin,1610612746,LAC,25.0,80,2863.0,0,0,0,0,0,0,0,0,0,0,0.0,0.0,0,0,0,0,0,0.0,0.0,0.0,0.0
49,2564,Boris Diaw,1610612759,SAS,32.0,79,1974.0,0,0,0,0,0,0,0,0,0,0,0.0,0.0,0,0,0,0,0,0.0,0.0,0.0,0.0
50,203078,Bradley Beal,1610612764,WAS,21.0,73,2530.0,0,0,0,0,0,0,0,0,0,0,0.0,0.0,0,0,0,0,0,0.0,0.0,0.0,0.0
51,201148,Brandan Wright,1610612742,DAL,26.0,58,1077.0,0,0,0,0,0,0,0,0,0,0,0.0,0.0,0,0,0,0,0,0.0,0.0,0.0,0.0
52,101138,Brandon Bass,1610612738,BOS,29.0,82,2266.0,0,0,0,0,0,0,0,0,0,0,0.0,0.0,0,0,0,0,0,0.0,0.0,0.0,0.0
53,203561,Brandon Davies,1610612755,PHI,22.0,51,575.0,0,0,0,0,0,0,0,0,0,0,0.0,0.0,0,0,0,0,0,0.0,0.0,0.0,0.0
54,201943,Brandon Jennings,1610612765,DET,24.0,80,2728.0,0,0,0,0,0,0,0,0,0,0,0.0,0.0,0,0,0,0,0,0.0,0.0,0.0,0.0
55,202688,Brandon Knight,1610612749,MIL,22.0,72,2400.0,0,0,0,0,0,0,0,0,0,0,0.0,0.0,0,0,0,0,0,0.0,0.0,0.0,0.0
56,201575,Brandon Rush,1610612762,UTA,28.0,38,418.0,0,0,0,0,0,0,0,0,0,0,0.0,0.0,0,0,0,0,0,0.0,0.0,0.0,0.0
57,203148,Brian Roberts,1610612740,NOP,28.0,72,1667.0,0,0,0,0,0,0,0,0,0,0,0.0,0.0,0,0,0,0,0,0.0,0.0,0.0,0.0
58,201572,Brook Lopez,1610612751,BKN,26.0,17,533.0,0,0,0,0,0,0,0,0,0,0,0.0,0.0,0,0,0,0,0,0.0,0.0,0.0,0.0
59,201957,Byron Mullens,1610612755,PHI,25.0,45,414.0,0,0,0,0,0,0,0,0,0,0,0.0,0.0,0,0,0,0,0,0.0,0.0,0.0,0.0
60,201228,C.J. Watson,1610612754,IND,30.0,63,1193.0,0,0,0,0,0,0,0,0,0,0,0.0,0.0,0,0,0,0,0,0.0,0.0,0.0,0.0
61,203468,CJ McCollum,1610612757,POR,22.0,38,476.0,0,0,0,0,0,0,0,0,0,0,0.0,0.0,0,0,0,0,0,0.0,0.0,0.0,0.0
62,101139,CJ Miles,1610612739,CLE,27.0,51,984.0,0,0,0,0,0,0,0,0,0,0,0.0,0.0,0,0,0,0,0,0.0,0.0,0.0,0.0
63,201171,Carl Landry,1610612758,SAC,30.0,18,233.0,0,0,0,0,0,0,0,0,0,0,0.0,0.0,0,0,0,0,0,0.0,0.0,0.0,0.0
64,2430,Carlos Boozer,1610612741,CHI,32.0,76,2141.0,0,0,0,0,0,0,0,0,0,0,0.0,0.0,0,0,0,0,0,0.0,0.0,0.0,0.0
65,2546,Carmelo Anthony,1610612752,NYK,30.0,77,2982.0,0,0,0,0,0,0,0,0,0,0,0.0,0.0,0,0,0,0,0,0.0,0.0,0.0,0.0
66,2406,Caron Butler,1610612760,OKC,34.0,56,1419.0,0,0,0,0,0,0,0,0,0,0,0.0,0.0,0,0,0,0,0,0.0,0.0,0.0,0.0
67,203467,Carrick Felix,1610612739,CLE,23.0,7,38.0,0,0,0,0,0,0,0,0,0,0,0.0,0.0,0,0,0,0,0,0.0,0.0,0.0,0.0
68,201858,Cartier Martin,1610612737,ATL,29.0,59,870.0,0,0,0,0,0,0,0,0,0,0,0.0,0.0,0,0,0,0,0,0.0,0.0,0.0,0.0
69,203810,Casper Ware,1610612755,PHI,24.0,9,116.0,0,0,0,0,0,0,0,0,0,0,0.0,0.0,0,0,0,0,0,0.0,0.0,0.0,0.0
70,202718,Chandler Parsons,1610612745,HOU,25.0,74,2783.0,0,0,0,0,0,0,0,0,0,0,0.0,0.0,0,0,0,0,0,0.0,0.0,0.0,0.0
71,101112,Channing Frye,1610612756,PHX,31.0,82,2312.0,0,0,0,0,0,0,0,0,0,0,0.0,0.0,0,0,0,0,0,0.0,0.0,0.0,0.0
72,101111,Charlie Villanueva,1610612765,DET,29.0,20,180.0,0,0,0,0,0,0,0,0,0,0,0.0,0.0,0,0,0,0,0,0.0,0.0,0.0,0.0
73,201978,Chase Budinger,1610612750,MIN,26.0,41,751.0,0,0,0,0,0,0,0,0,0,0,0.0,0.0,0,0,0,0,0,0.0,0.0,0.0,0.0
74,1497,Chauncey Billups,1610612765,DET,37.0,19,309.0,0,0,0,0,0,0,0,0,0,0,0.0,0.0,0,0,0,0,0,0.0,0.0,0.0,0.0
75,2365,Chris Andersen,1610612748,MIA,35.0,72,1396.0,0,0,0,0,0,0,0,0,0,0,0.0,0.0,0,0,0,0,0,0.0,0.0,0.0,0.0
76,203569,Chris Babb,1610612738,BOS,24.0,14,132.0,0,0,0,0,0,0,0,0,0,0,0.0,0.0,0,0,0,0,0,0.0,0.0,0.0,0.0
77,2547,Chris Bosh,1610612748,MIA,30.0,79,2531.0,0,0,0,0,0,0,0,0,0,0,0.0,0.0,0,0,0,0,0,0.0,0.0,0.0,0.0
78,203142,Chris Copeland,1610612754,IND,30.0,41,265.0,0,0,0,0,0,0,0,0,0,0,0.0,0.0,0,0,0,0,0,0.0,0.0,0.0,0.0
79,201604,Chris Douglas-Roberts,1610612766,CHA,27.0,49,1016.0,0,0,0,0,0,0,0,0,0,0,0.0,0.0,0,0,0,0,0,0.0,0.0,0.0,0.0
80,203187,Chris Johnson,1610612738,BOS,24.0,40,789.0,0,0,0,0,0,0,0,0,0,0,0.0,0.0,0,0,0,0,0,0.0,0.0,0.0,0.0
81,2549,Chris Kaman,1610612747,LAL,32.0,39,736.0,0,0,0,0,0,0,0,0,0,0,0.0,0.0,0,0,0,0,0,0.0,0.0,0.0,0.0
82,101108,Chris Paul,1610612746,LAC,29.0,62,2171.0,0,0,0,0,0,0,0,0,0,0,0.0,0.0,0,0,0,0,0,0.0,0.0,0.0,0.0
83,202698,Chris Singleton,1610612764,WAS,24.0,25,250.0,0,0,0,0,0,0,0,0,0,0,0.0,0.0,0,0,0,0,0,0.0,0.0,0.0,0.0
84,203147,Chris Smith,1610612752,NYK,26.0,2,2.0,0,0,0,0,0,0,0,0,0,0,0.0,0.0,0,0,0,0,0,0.0,0.0,0.0,0.0
85,202874,Chris Wright,1610612749,MIL,25.0,8,126.0,0,0,0,0,0,0,0,0,0,0,0.0,0.0,0,0,0,0,0,0.0,0.0,0.0,0.0
86,101236,Chuck Hayes,1610612761,TOR,31.0,61,753.0,0,0,0,0,0,0,0,0,0,0,0.0,0.0,0,0,0,0,0,0.0,0.0,0.0,0.0
87,203469,Cody Zeller,1610612766,CHA,21.0,82,1417.0,0,0,0,0,0,0,0,0,0,0,0.0,0.0,0,0,0,0,0,0.0,0.0,0.0,0.0
88,202332,Cole Aldrich,1610612752,NYK,25.0,46,330.0,0,0,0,0,0,0,0,0,0,0,0.0,0.0,0,0,0,0,0,0.0,0.0,0.0,0.0
89,201147,Corey Brewer,1610612750,MIN,28.0,81,2609.0,0,0,0,0,0,0,0,0,0,0,0.0,0.0,0,0,0,0,0,0.0,0.0,0.0,0.0
90,202709,Cory Joseph,1610612759,SAS,22.0,68,936.0,0,0,0,0,0,0,0,0,0,0,0.0,0.0,0,0,0,0,0,0.0,0.0,0.0,0.0
91,201584,Courtney Lee,1610612763,MEM,28.0,79,1973.0,0,0,0,0,0,0,0,0,0,0,0.0,0.0,0,0,0,0,0,0.0,0.0,0.0,0.0
92,201571,D.J. Augustin,1610612741,CHI,26.0,71,1939.0,0,0,0,0,0,0,0,0,0,0,0.0,0.0,0,0,0,0,0,0.0,0.0,0.0,0.0
93,203474,DJ Stephens,1610612749,MIL,23.0,3,15.0,0,0,0,0,0,0,0,0,0,0,0.0,0.0,0,0,0,0,0,0.0,0.0,0.0,0.0
94,201591,DJ White,1610612766,CHA,27.0,2,10.0,0,0,0,0,0,0,0,0,0,0,0.0,0.0,0,0,0,0,0,0.0,0.0,0.0,0.0
95,203081,Damian Lillard,1610612757,POR,23.0,82,2937.0,0,0,0,0,0,0,0,0,0,0,0.0,0.0,0,0,0,0,0,0.0,0.0,0.0,0.0
96,202345,Damion James,1610612759,SAS,26.0,5,50.0,0,0,0,0,0,0,0,0,0,0,0.0,0.0,0,0,0,0,0,0.0,0.0,0.0,0.0
97,202350,Daniel Orton,1610612755,PHI,23.0,22,251.0,0,0,0,0,0,0,0,0,0,0,0.0,0.0,0,0,0,0,0,0.0,0.0,0.0,0.0
98,101122,Danny Granger,1610612746,LAC,31.0,41,848.0,0,0,0,0,0,0,0,0,0,0,0.0,0.0,0,0,0,0,0,0.0,0.0,0.0,0.0
99,201980,Danny Green,1610612759,SAS,27.0,68,1651.0,0,0,0,0,0,0,0,0,0,0,0.0,0.0,0,0,0,0,0,0.0,0.0,0.0,0.0
100,201967,Dante Cunningham,1610612750,MIN,27.0,81,1635.0,0,0,0,0,0,0,0,0,0,0,0.0,0.0,0,0,0,0,0,0.0,0.0,0.0,0.0
101,203130,Darius Johnson-Odom,1610612755,PHI,24.0,3,15.0,0,0,0,0,0,0,0,0,0,0,0.0,0.0,0,0,0,0,0,0.0,0.0,0.0,0.0
102,203121,Darius Miller,1610612740,NOP,24.0,45,723.0,0,0,0,0,0,0,0,0,0,0,0.0,0.0,0,0,0,0,0,0.0,0.0,0.0,0.0
103,202721,Darius Morris,1610612763,MEM,23.0,27,313.0,0,0,0,0,0,0,0,0,0,0,0.0,0.0,0,0,0,0,0,0.0,0.0,0.0,0.0
104,201589,Darrell Arthur,1610612743,DEN,26.0,68,1161.0,0,0,0,0,0,0,0,0,0,0,0.0,0.0,0,0,0,0,0,0.0,0.0,0.0,0.0
105,201954,Darren Collison,1610612746,LAC,26.0,80,2069.0,0,0,0,0,0,0,0,0,0,0,0.0,0.0,0,0,0,0,0,0.0,0.0,0.0,0.0
106,101135,David Lee,1610612744,GSW,31.0,69,2288.0,0,0,0,0,0,0,0,0,0,0,0.0,0.0,0,0,0,0,0,0.0,0.0,0.0,0.0
107,2561,David West,1610612754,IND,33.0,80,2472.0,0,0,0,0,0,0,0,0,0,0,0.0,0.0,0,0,0,0,0,0.0,0.0,0.0,0.0
108,201599,DeAndre Jordan,1610612746,LAC,25.0,82,2870.0,0,0,0,0,0,0,0,0,0,0,0.0,0.0,0,0,0,0,0,0.0,0.0,0.0,0.0
109,202732,DeAndre Liggins,1610612748,MIA,26.0,1,1.0,0,0,0,0,0,0,0,0,0,0,0.0,0.0,0,0,0,0,0,0.0,0.0,0.0,0.0
110,201971,DeJuan Blair,1610612742,DAL,25.0,78,1214.0,0,0,0,0,0,0,0,0,0,0,0.0,0.0,0,0,0,0,0,0.0,0.0,0.0,0.0
111,201942,DeMar DeRozan,1610612761,TOR,24.0,79,3017.0,0,0,0,0,0,0,0,0,0,0,0.0,0.0,0,0,0,0,0,0.0,0.0,0.0,0.0
112,202326,DeMarcus Cousins,1610612758,SAC,23.0,71,2298.0,0,0,0,0,0,0,0,0,0,0,0.0,0.0,0,0,0,0,0,0.0,0.0,0.0,0.0
113,201960,DeMarre Carroll,1610612737,ATL,27.0,73,2341.0,0,0,0,0,0,0,0,0,0,0,0.0,0.0,0,0,0,0,0,0.0,0.0,0.0,0.0
114,203471,Dennis Schroder,1610612737,ATL,20.0,49,641.0,0,0,0,0,0,0,0,0,0,0,0.0,0.0,0,0,0,0,0,0.0,0.0,0.0,0.0
115,965,Derek Fisher,1610612760,OKC,39.0,81,1428.0,0,0,0,0,0,0,0,0,0,0,0.0,0.0,0,0,0,0,0,0.0,0.0,0.0,0.0
116,101114,Deron Williams,1610612751,BKN,30.0,64,2059.0,0,0,0,0,0,0,0,0,0,0,0.0,0.0,0,0,0,0,0,0.0,0.0,0.0,0.0
117,202324,Derrick Favors,1610612762,UTA,22.0,73,2201.0,0,0,0,0,0,0,0,0,0,0,0.0,0.0,0,0,0,0,0,0.0,0.0,0.0,0.0
118,201565,Derrick Rose,1610612741,CHI,25.0,10,311.0,0,0,0,0,0,0,0,0,0,0,0.0,0.0,0,0,0,0,0,0.0,0.0,0.0,0.0
119,202682,Derrick Williams,1610612758,SAC,23.0,78,1820.0,0,0,0,0,0,0,0,0,0,0,0.0,0.0,0,0,0,0,0,0.0,0.0,0.0,0.0
120,2734,Devin Harris,1610612742,DAL,31.0,40,818.0,0,0,0,0,0,0,0,0,0,0,0.0,0.0,0,0,0,0,0,0.0,0.0,0.0,0.0
121,203473,Dewayne Dedmon,1610612753,ORL,24.0,31,390.0,0,0,0,0,0,0,0,0,0,0,0.0,0.0,0,0,0,0,0,0.0,0.0,0.0,0.0
122,202354,Dexter Pittman,1610612737,ATL,26.0,2,3.0,0,0,0,0,0,0,0,0,0,0,0.0,0.0,0,0,0,0,0,0.0,0.0,0.0,0.0
123,203197,Diante Garrett,1610612762,UTA,25.0,71,1048.0,0,0,0,0,0,0,0,0,0,0,0.0,0.0,0,0,0,0,0,0.0,0.0,0.0,0.0
124,203079,Dion Waiters,1610612739,CLE,22.0,70,2072.0,0,0,0,0,0,0,0,0,0,0,0.0,0.0,0,0,0,0,0,0.0,0.0,0.0,0.0
125,202091,Dionte Christmas,1610612756,PHX,27.0,31,198.0,0,0,0,0,0,0,0,0,0,0,0.0,0.0,0,0,0,0,0,0.0,0.0,0.0,0.0
126,1717,Dirk Nowitzki,1610612742,DAL,36.0,80,2628.0,0,0,0,0,0,0,0,0,0,0,0.0,0.0,0,0,0,0,0,0.0,0.0,0.0,0.0
127,202388,Donald Sloan,1610612754,IND,26.0,48,392.0,0,0,0,0,0,0,0,0,0,0,0.0,0.0,0,0,0,0,0,0.0,0.0,0.0,0.0
128,202700,Donatas Motiejunas,1610612745,HOU,23.0,62,952.0,0,0,0,0,0,0,0,0,0,0,0.0,0.0,0,0,0,0,0,0.0,0.0,0.0,0.0
129,2748,Dorell Wright,1610612757,POR,28.0,68,984.0,0,0,0,0,0,0,0,0,0,0,0.0,0.0,0,0,0,0,0,0.0,0.0,0.0,0.0
130,203117,Doron Lamb,1610612753,ORL,22.0,53,695.0,0,0,0,0,0,0,0,0,0,0,0.0,0.0,0,0,0,0,0,0.0,0.0,0.0,0.0
131,203110,Draymond Green,1610612744,GSW,24.0,82,1797.0,0,0,0,0,0,0,0,0,0,0,0.0,0.0,0,0,0,0,0,0.0,0.0,0.0,0.0
132,2400,Drew Gooden,1610612764,WAS,32.0,22,395.0,0,0,0,0,0,0,0,0,0,0,0.0,0.0,0,0,0,0,0,0.0,0.0,0.0,0.0
133,202779,Dwight Buycks,1610612761,TOR,25.0,14,146.0,0,0,0,0,0,0,0,0,0,0,0.0,0.0,0,0,0,0,0,0.0,0.0,0.0,0.0
134,2730,Dwight Howard,1610612745,HOU,28.0,71,2396.0,0,0,0,0,0,0,0,0,0,0,0.0,0.0,0,0,0,0,0,0.0,0.0,0.0,0.0
135,2548,Dwyane Wade,1610612748,MIA,32.0,54,1775.0,0,0,0,0,0,0,0,0,0,0,0.0,0.0,0,0,0,0,0,0.0,0.0,0.0,0.0
136,202734,E'Twaun Moore,1610612753,ORL,25.0,79,1506.0,0,0,0,0,0,0,0,0,0,0,0.0,0.0,0,0,0,0,0,0.0,0.0,0.0,0.0
137,201947,Earl Clark,1610612752,NYK,26.0,54,768.0,0,0,0,0,0,0,0,0,0,0,0.0,0.0,0,0,0,0,0,0.0,0.0,0.0,0.0
138,2248,Earl Watson,1610612757,POR,35.0,24,161.0,0,0,0,0,0,0,0,0,0,0,0.0,0.0,0,0,0,0,0,0.0,0.0,0.0,0.0
139,202334,Ed Davis,1610612763,MEM,25.0,63,956.0,0,0,0,0,0,0,0,0,0,0,0.0,0.0,0,0,0,0,0,0.0,0.0,0.0,0.0
140,202327,Ekpe Udoh,1610612749,MIL,27.0,42,804.0,0,0,0,0,0,0,0,0,0,0,0.0,0.0,0,0,0,0,0,0.0,0.0,0.0,0.0
141,203548,Elias Harris,1610612747,LAL,24.0,2,11.0,0,0,0,0,0,0,0,0,0,0,0.0,0.0,0,0,0,0,0,0.0,0.0,0.0,0.0
142,202343,Elliot Williams,1610612755,PHI,25.0,67,1157.0,0,0,0,0,0,0,0,0,0,0,0.0,0.0,0,0,0,0,0,0.0,0.0,0.0,0.0
143,1882,Elton Brand,1610612737,ATL,35.0,73,1414.0,0,0,0,0,0,0,0,0,0,0,0.0,0.0,0,0,0,0,0,0.0,0.0,0.0,0.0
144,202683,Enes Kanter,1610612762,UTA,22.0,80,2138.0,0,0,0,0,0,0,0,0,0,0,0.0,0.0,0,0,0,0,0,0.0,0.0,0.0,0.0
145,202339,Eric Bledsoe,1610612756,PHX,24.0,43,1416.0,0,0,0,0,0,0,0,0,0,0,0.0,0.0,0,0,0,0,0,0.0,0.0,0.0,0.0
146,201569,Eric Gordon,1610612740,NOP,25.0,64,2057.0,0,0,0,0,0,0,0,0,0,0,0.0,0.0,0,0,0,0,0,0.0,0.0,0.0,0.0
147,201953,Eric Maynor,1610612755,PHI,27.0,31,327.0,0,0,0,0,0,0,0,0,0,0,0.0,0.0,0,0,0,0,0,0.0,0.0,0.0,0.0
148,203513,Erik Murphy,1610612741,CHI,23.0,24,62.0,0,0,0,0,0,0,0,0,0,0,0.0,0.0,0,0,0,0,0,0.0,0.0,0.0,0.0
149,101141,Ersan Ilyasova,1610612749,MIL,27.0,55,1478.0,0,0,0,0,0,0,0,0,0,0,0.0,0.0,0,0,0,0,0,0.0,0.0,0.0,0.0
150,203095,Evan Fournier,1610612743,DEN,21.0,76,1504.0,0,0,0,0,0,0,0,0,0,0,0.0,0.0,0,0,0,0,0,0.0,0.0,0.0,0.0
151,202323,Evan Turner,1610612754,IND,25.0,81,2457.0,0,0,0,0,0,0,0,0,0,0,0.0,0.0,0,0,0,0,0,0.0,0.0,0.0,0.0
152,101128,Francisco Garcia,1610612745,HOU,32.0,55,1083.0,0,0,0,0,0,0,0,0,0,0,0.0,0.0,0,0,0,0,0,0.0,0.0,0.0,0.0
153,203539,Gal Mekel,1610612742,DAL,26.0,31,292.0,0,0,0,0,0,0,0,0,0,0,0.0,0.0,0,0,0,0,0,0.0,0.0,0.0,0.0
154,202066,Garrett Temple,1610612764,WAS,28.0,75,638.0,0,0,0,0,0,0,0,0,0,0,0.0,0.0,0,0,0,0,0,0.0,0.0,0.0,0.0
155,202390,Gary Neal,1610612766,CHA,29.0,52,1114.0,0,0,0,0,0,0,0,0,0,0,0.0,0.0,0,0,0,0,0,0.0,0.0,0.0,0.0
156,201588,George Hill,1610612754,IND,28.0,76,2434.0,0,0,0,0,0,0,0,0,0,0,0.0,0.0,0,0,0,0,0,0.0,0.0,0.0,0.0
157,101123,Gerald Green,1610612756,PHX,28.0,82,2330.0,0,0,0,0,0,0,0,0,0,0,0.0,0.0,0,0,0,0,0,0.0,0.0,0.0,0.0
158,201945,Gerald Henderson,1610612766,CHA,26.0,77,2461.0,0,0,0,0,0,0,0,0,0,0,0.0,0.0,0,0,0,0,0,0.0,0.0,0.0,0.0
159,2222,Gerald Wallace,1610612738,BOS,31.0,58,1416.0,0,0,0,0,0,0,0,0,0,0,0.0,0.0,0,0,0,0,0,0.0,0.0,0.0,0.0
160,203507,Giannis Antetokounmpo,1610612749,MIL,19.0,77,1897.0,0,0,0,0,0,0,0,0,0,0,0.0,0.0,0,0,0,0,0,0.0,0.0,0.0,0.0
161,203540,Gigi Datome,1610612765,DET,26.0,34,238.0,0,0,0,0,0,0,0,0,0,0,0.0,0.0,0,0,0,0,0,0.0,0.0,0.0,0.0
162,201175,Glen Davis,1610612746,LAC,28.0,68,1662.0,0,0,0,0,0,0,0,0,0,0,0.0,0.0,0,0,0,0,0,0.0,0.0,0.0,0.0
163,203318,Glen Rice,1610612764,WAS,23.0,11,109.0,0,0,0,0,0,0,0,0,0,0,0.0,0.0,0,0,0,0,0,0.0,0.0,0.0,0.0
164,201609,Goran Dragic,1610612756,PHX,28.0,76,2668.0,0,0,0,0,0,0,0,0,0,0,0.0,0.0,0,0,0,0,0,0.0,0.0,0.0,0.0
165,202330,Gordon Hayward,1610612762,UTA,24.0,77,2800.0,0,0,0,0,0,0,0,0,0,0,0.0,0.0,0,0,0,0,0,0.0,0.0,0.0,0.0
166,203476,Gorgui Dieng,1610612750,MIN,24.0,60,818.0,0,0,0,0,0,0,0,0,0,0,0.0,0.0,0,0,0,0,0,0.0,0.0,0.0,0.0
167,202328,Greg Monroe,1610612765,DET,24.0,82,2690.0,0,0,0,0,0,0,0,0,0,0,0.0,0.0,0,0,0,0,0,0.0,0.0,0.0,0.0
168,201141,Greg Oden,1610612748,MIA,26.0,23,212.0,0,0,0,0,0,0,0,0,0,0,0.0,0.0,0,0,0,0,0,0.0,0.0,0.0,0.0
169,202962,Greg Smith,1610612745,HOU,23.0,11,100.0,0,0,0,0,0,0,0,0,0,0,0.0,0.0,0,0,0,0,0,0.0,0.0,0.0,0.0
170,201880,Greg Stiemsma,1610612740,NOP,28.0,55,1007.0,0,0,0,0,0,0,0,0,0,0,0.0,0.0,0,0,0,0,0,0.0,0.0,0.0,0.0
171,202349,Greivis Vasquez,1610612761,TOR,27.0,79,1779.0,0,0,0,0,0,0,0,0,0,0,0.0,0.0,0,0,0,0,0,0.0,0.0,0.0,0.0
172,202970,Gustavo Ayon,1610612737,ATL,29.0,26,429.0,0,0,0,0,0,0,0,0,0,0,0.0,0.0,0,0,0,0,0,0.0,0.0,0.0,0.0
173,202380,Hamady Ndiaye,1610612758,SAC,27.0,14,74.0,0,0,0,0,0,0,0,0,0,0,0.0,0.0,0,0,0,0,0,0.0,0.0,0.0,0.0
174,203084,Harrison Barnes,1610612744,GSW,22.0,78,2204.0,0,0,0,0,0,0,0,0,0,0,0.0,0.0,0,0,0,0,0,0.0,0.0,0.0,0.0
175,201934,Hasheem Thabeet,1610612760,OKC,27.0,23,192.0,0,0,0,0,0,0,0,0,0,0,0.0,0.0,0,0,0,0,0,0.0,0.0,0.0,0.0
176,2045,Hedo Turkoglu,1610612746,LAC,35.0,38,392.0,0,0,0,0,0,0,0,0,0,0,0.0,0.0,0,0,0,0,0,0.0,0.0,0.0,0.0
177,203156,Henry Sims,1610612755,PHI,24.0,46,875.0,0,0,0,0,0,0,0,0,0,0,0.0,0.0,0,0,0,0,0,0.0,0.0,0.0,0.0
178,200756,Hilton Armstrong,1610612744,GSW,29.0,15,97.0,0,0,0,0,0,0,0,0,0,0,0.0,0.0,0,0,0,0,0,0.0,0.0,0.0,0.0
179,203138,Hollis Thompson,1610612755,PHI,23.0,77,1742.0,0,0,0,0,0,0,0,0,0,0,0.0,0.0,0,0,0,0,0,0.0,0.0,0.0,0.0
180,203546,Ian Clark,1610612762,UTA,23.0,23,172.0,0,0,0,0,0,0,0,0,0,0,0.0,0.0,0,0,0,0,0,0.0,0.0,0.0,0.0
181,101133,Ian Mahinmi,1610612754,IND,27.0,77,1248.0,0,0,0,0,0,0,0,0,0,0,0.0,0.0,0,0,0,0,0,0.0,0.0,0.0,0.0
182,202697,Iman Shumpert,1610612752,NYK,24.0,74,1962.0,0,0,0,0,0,0,0,0,0,0,0.0,0.0,0,0,0,0,0,0.0,0.0,0.0,0.0
183,203477,Isaiah Canaan,1610612745,HOU,23.0,22,252.0,0,0,0,0,0,0,0,0,0,0,0.0,0.0,0,0,0,0,0,0.0,0.0,0.0,0.0
184,202738,Isaiah Thomas,1610612758,SAC,25.0,72,2497.0,0,0,0,0,0,0,0,0,0,0,0.0,0.0,0,0,0,0,0,0.0,0.0,0.0,0.0
185,202397,Ish Smith,1610612756,PHX,25.0,70,1007.0,0,0,0,0,0,0,0,0,0,0,0.0,0.0,0,0,0,0,0,0.0,0.0,0.0,0.0
186,200826,J.J. Barea,1610612750,MIN,30.0,79,1471.0,0,0,0,0,0,0,0,0,0,0,0.0,0.0,0,0,0,0,0,0.0,0.0,0.0,0.0
187,201581,JJ Hickson,1610612743,DEN,25.0,69,1859.0,0,0,0,0,0,0,0,0,0,0,0.0,0.0,0,0,0,0,0,0.0,0.0,0.0,0.0
188,200755,JJ Redick,1610612746,LAC,30.0,35,987.0,0,0,0,0,0,0,0,0,0,0,0.0,0.0,0,0,0,0,0,0.0,0.0,0.0,0.0
189,2747,JR Smith,1610612752,NYK,28.0,74,2421.0,0,0,0,0,0,0,0,0,0,0,0.0,0.0,0,0,0,0,0,0.0,0.0,0.0,0.0
190,201580,JaVale McGee,1610612743,DEN,26.0,5,79.0,0,0,0,0,0,0,0,0,0,0,0.0,0.0,0,0,0,0,0,0.0,0.0,0.0,0.0
191,203109,Jae Crowder,1610612742,DAL,23.0,78,1254.0,0,0,0,0,0,0,0,0,0,0,0.0,0.0,0,0,0,0,0,0.0,0.0,0.0,0.0
192,203479,Jamaal Franklin,1610612763,MEM,22.0,21,162.0,0,0,0,0,0,0,0,0,0,0,0.0,0.0,0,0,0,0,0,0.0,0.0,0.0,0.0
193,2224,Jamaal Tinsley,1610612762,UTA,36.0,8,110.0,0,0,0,0,0,0,0,0,0,0,0.0,0.0,0,0,0,0,0,0.0,0.0,0.0,0.0
194,2037,Jamal Crawford,1610612746,LAC,34.0,69,2094.0,0,0,0,0,0,0,0,0,0,0,0.0,0.0,0,0,0,0,0,0.0,0.0,0.0,0.0
195,2749,Jameer Nelson,1610612753,ORL,32.0,68,2179.0,0,0,0,0,0,0,0,0,0,0,0.0,0.0,0,0,0,0,0,0.0,0.0,0.0,0.0
196,202341,James Anderson,1610612755,PHI,25.0,80,2309.0,0,0,0,0,0,0,0,0,0,0,0.0,0.0,0,0,0,0,0,0.0,0.0,0.0,0.0
197,201935,James Harden,1610612745,HOU,24.0,73,2777.0,0,0,0,0,0,0,0,0,0,0,0.0,0.0,0,0,0,0,0,0.0,0.0,0.0,0.0
198,201949,James Johnson,1610612763,MEM,27.0,52,956.0,0,0,0,0,0,0,0,0,0,0,0.0,0.0,0,0,0,0,0,0.0,0.0,0.0,0.0
199,2592,James Jones,1610612748,MIA,33.0,20,236.0,0,0,0,0,0,0,0,0,0,0,0.0,0.0,0,0,0,0,0,0.0,0.0,0.0,0.0
200,203263,James Nunnally,1610612755,PHI,23.0,13,165.0,0,0,0,0,0,0,0,0,0,0,0.0,0.0,0,0,0,0,0,0.0,0.0,0.0,0.0
201,203480,James Southerland,1610612740,NOP,24.0,4,30.0,0,0,0,0,0,0,0,0,0,0,0.0,0.0,0,0,0,0,0,0.0,0.0,0.0,0.0
202,202686,Jan Vesely,1610612743,DEN,24.0,54,776.0,0,0,0,0,0,0,0,0,0,0,0.0,0.0,0,0,0,0,0,0.0,0.0,0.0,0.0
203,2457,Jannero Pargo,1610612766,CHA,34.0,29,242.0,0,0,0,0,0,0,0,0,0,0,0.0,0.0,0,0,0,0,0,0.0,0.0,0.0,0.0
204,203099,Jared Cunningham,1610612758,SAC,23.0,13,80.0,0,0,0,0,0,0,0,0,0,0,0.0,0.0,0,0,0,0,0,0.0,0.0,0.0,0.0
205,201162,Jared Dudley,1610612746,LAC,28.0,74,1729.0,0,0,0,0,0,0,0,0,0,0,0.0,0.0,0,0,0,0,0,0.0,0.0,0.0,0.0
206,203096,Jared Sullinger,1610612738,BOS,22.0,74,2041.0,0,0,0,0,0,0,0,0,0,0,0.0,0.0,0,0,0,0,0,0.0,0.0,0.0,0.0
207,101127,Jarrett Jack,1610612739,CLE,30.0,80,2252.0,0,0,0,0,0,0,0,0,0,0,0.0,0.0,0,0,0,0,0,0.0,0.0,0.0,0.0
208,202363,Jarvis Varnado,1610612755,PHI,26.0,24,339.0,0,0,0,0,0,0,0,0,0,0,0.0,0.0,0,0,0,0,0,0.0,0.0,0.0,0.0
209,2215,Jason Collins,1610612751,BKN,35.0,22,172.0,0,0,0,0,0,0,0,0,0,0,0.0,0.0,0,0,0,0,0,0.0,0.0,0.0,0.0
210,101131,Jason Maxiell,1610612753,ORL,31.0,34,488.0,0,0,0,0,0,0,0,0,0,0,0.0,0.0,0,0,0,0,0,0.0,0.0,0.0,0.0
211,201160,Jason Smith,1610612740,NOP,28.0,31,830.0,0,0,0,0,0,0,0,0,0,0,0.0,0.0,0,0,0,0,0,0.0,0.0,0.0,0.0
212,1891,Jason Terry,1610612751,BKN,36.0,35,570.0,0,0,0,0,0,0,0,0,0,0,0.0,0.0,0,0,0,0,0,0.0,0.0,0.0,0.0
213,201574,Jason Thompson,1610612758,SAC,27.0,82,2007.0,0,0,0,0,0,0,0,0,0,0,0.0,0.0,0,0,0,0,0,0.0,0.0,0.0,0.0
214,202399,Jeff Adrien,1610612749,MIL,28.0,53,962.0,0,0,0,0,0,0,0,0,0,0,0.0,0.0,0,0,0,0,0,0.0,0.0,0.0,0.0
215,201965,Jeff Ayres,1610612759,SAS,27.0,73,952.0,0,0,0,0,0,0,0,0,0,0,0.0,0.0,0,0,0,0,0,0.0,0.0,0.0,0.0
216,201145,Jeff Green,1610612738,BOS,27.0,82,2805.0,0,0,0,0,0,0,0,0,0,0,0.0,0.0,0,0,0,0,0,0.0,0.0,0.0,0.0
217,201952,Jeff Teague,1610612737,ATL,26.0,79,2542.0,0,0,0,0,0,0,0,0,0,0,0.0,0.0,0,0,0,0,0,0.0,0.0,0.0,0.0
218,203481,Jeff Withey,1610612740,NOP,24.0,58,684.0,0,0,0,0,0,0,0,0,0,0,0.0,0.0,0,0,0,0,0,0.0,0.0,0.0,0.0
219,203106,Jeffery Taylor,1610612766,CHA,25.0,26,629.0,0,0,0,0,0,0,0,0,0,0,0.0,0.0,0,0,0,0,0,0.0,0.0,0.0,0.0
220,202379,Jeremy Evans,1610612762,UTA,26.0,66,1209.0,0,0,0,0,0,0,0,0,0,0,0.0,0.0,0,0,0,0,0,0.0,0.0,0.0,0.0
221,203087,Jeremy Lamb,1610612760,OKC,22.0,78,1538.0,0,0,0,0,0,0,0,0,0,0,0.0,0.0,0,0,0,0,0,0.0,0.0,0.0,0.0
222,202391,Jeremy Lin,1610612745,HOU,25.0,71,2054.0,0,0,0,0,0,0,0,0,0,0,0.0,0.0,0,0,0,0,0,0.0,0.0,0.0,0.0
223,202719,Jeremy Tyler,1610612752,NYK,23.0,41,398.0,0,0,0,0,0,0,0,0,0,0,0.0,0.0,0,0,0,0,0,0.0,0.0,0.0,0.0
224,979,Jermaine O'Neal,1610612744,GSW,35.0,44,883.0,0,0,0,0,0,0,0,0,0,0,0.0,0.0,0,0,0,0,0,0.0,0.0,0.0,0.0
225,201573,Jerryd Bayless,1610612738,BOS,25.0,72,1686.0,0,0,0,0,0,0,0,0,0,0,0.0,0.0,0,0,0,0,0,0.0,0.0,0.0,0.0
226,202690,Jimmer Fredette,1610612741,CHI,25.0,49,519.0,0,0,0,0,0,0,0,0,0,0,0.0,0.0,0,0,0,0,0,0.0,0.0,0.0,0.0
227,202710,Jimmy Butler,1610612741,CHI,24.0,67,2591.0,0,0,0,0,0,0,0,0,0,0,0.0,0.0,0,0,0,0,0,0.0,0.0,0.0,0.0
228,201149,Joakim Noah,1610612741,CHI,29.0,80,2820.0,0,0,0,0,0,0,0,0,0,0,0.0,0.0,0,0,0,0,0,0.0,0.0,0.0,0.0
229,201975,Jodie Meeks,1610612747,LAL,26.0,77,2556.0,0,0,0,0,0,0,0,0,0,0,0.0,0.0,0,0,0,0,0,0.0,0.0,0.0,0.0
230,2207,Joe Johnson,1610612751,BKN,33.0,79,2575.0,0,0,0,0,0,0,0,0,0,0,0.0,0.0,0,0,0,0,0,0.0,0.0,0.0,0.0
231,201202,Joel Anthony,1610612738,BOS,31.0,33,186.0,0,0,0,0,0,0,0,0,0,0,0.0,0.0,0,0,0,0,0,0.0,0.0,0.0,0.0
232,200777,Joel Freeland,1610612757,POR,27.0,52,727.0,0,0,0,0,0,0,0,0,0,0,0.0,0.0,0,0,0,0,0,0.0,0.0,0.0,0.0
233,203089,John Henson,1610612749,MIL,23.0,70,1856.0,0,0,0,0,0,0,0,0,0,0,0.0,0.0,0,0,0,0,0,0.0,0.0,0.0,0.0
234,203098,John Jenkins,1610612737,ATL,23.0,13,158.0,0,0,0,0,0,0,0,0,0,0,0.0,0.0,0,0,0,0,0,0.0,0.0,0.0,0.0
235,101249,John Lucas III,1610612762,UTA,31.0,42,591.0,0,0,0,0,0,0,0,0,0,0,0.0,0.0,0,0,0,0,0,0.0,0.0,0.0,0.0
236,2422,John Salmons,1610612761,TOR,34.0,78,1726.0,0,0,0,0,0,0,0,0,0,0,0.0,0.0,0,0,0,0,0,0.0,0.0,0.0,0.0
237,202322,John Wall,1610612764,WAS,23.0,82,2980.0,0,0,0,0,0,0,0,0,0,0,0.0,0.0,0,0,0,0,0,0.0,0.0,0.0,0.0
238,202720,Jon Leuer,1610612763,MEM,25.0,49,642.0,0,0,0,0,0,0,0,0,0,0,0.0,0.0,0,0,0,0,0,0.0,0.0,0.0,0.0
239,201973,Jonas Jerebko,1610612765,DET,27.0,64,741.0,0,0,0,0,0,0,0,0,0,0,0.0,0.0,0,0,0,0,0,0.0,0.0,0.0,0.0
240,202685,Jonas Valanciunas,1610612761,TOR,22.0,81,2282.0,0,0,0,0,0,0,0,0,0,0,0.0,0.0,0,0,0,0,0,0.0,0.0,0.0,0.0
241,202348,Jordan Crawford,1610612744,GSW,25.0,81,1860.0,0,0,0,0,0,0,0,0,0,0,0.0,0.0,0,0,0,0,0,0.0,0.0,0.0,0.0
242,200770,Jordan Farmar,1610612747,LAL,27.0,41,912.0,0,0,0,0,0,0,0,0,0,0,0.0,0.0,0,0,0,0,0,0.0,0.0,0.0,0.0
243,202706,Jordan Hamilton,1610612745,HOU,23.0,60,1020.0,0,0,0,0,0,0,0,0,0,0,0.0,0.0,0,0,0,0,0,0.0,0.0,0.0,0.0
244,201941,Jordan Hill,1610612747,LAL,26.0,72,1500.0,0,0,0,0,0,0,0,0,0,0,0.0,0.0,0,0,0,0,0,0.0,0.0,0.0,0.0
245,203268,Jorge Gutierrez,1610612751,BKN,25.0,15,244.0,0,0,0,0,0,0,0,0,0,0,0.0,0.0,0,0,0,0,0,0.0,0.0,0.0,0.0
246,101181,Jose Calderon,1610612742,DAL,32.0,81,2468.0,0,0,0,0,0,0,0,0,0,0,0.0,0.0,0,0,0,0,0,0.0,0.0,0.0,0.0
247,2735,Josh Childress,1610612740,NOP,31.0,4,24.0,0,0,0,0,0,0,0,0,0,0,0.0,0.0,0,0,0,0,0,0.0,0.0,0.0,0.0
248,202725,Josh Harrellson,1610612765,DET,25.0,32,317.0,0,0,0,0,0,0,0,0,0,0,0.0,0.0,0,0,0,0,0,0.0,0.0,0.0,0.0
249,201177,Josh McRoberts,1610612766,CHA,27.0,78,2360.0,0,0,0,0,0,0,0,0,0,0,0.0,0.0,0,0,0,0,0,0.0,0.0,0.0,0.0
250,2694,Josh Powell,1610612745,HOU,31.0,1,19.0,0,0,0,0,0,0,0,0,0,0,0.0,0.0,0,0,0,0,0,0.0,0.0,0.0,0.0
251,2746,Josh Smith,1610612765,DET,28.0,77,2730.0,0,0,0,0,0,0,0,0,0,0,0.0,0.0,0,0,0,0,0,0.0,0.0,0.0,0.0
252,201950,Jrue Holiday,1610612740,NOP,24.0,34,1143.0,0,0,0,0,0,0,0,0,0,0,0.0,0.0,0,0,0,0,0,0.0,0.0,0.0,0.0
253,202933,Julyan Stone,1610612761,TOR,25.0,21,120.0,0,0,0,0,0,0,0,0,0,0,0.0,0.0,0,0,0,0,0,0.0,0.0,0.0,0.0
254,203120,Justin Hamilton,1610612748,MIA,24.0,8,72.0,0,0,0,0,0,0,0,0,0,0,0.0,0.0,0,0,0,0,0,0.0,0.0,0.0,0.0
255,202695,Kawhi Leonard,1610612759,SAS,23.0,66,1923.0,0,0,0,0,0,0,0,0,0,0,0.0,0.0,0,0,0,0,0,0.0,0.0,0.0,0.0
256,2586,Keith Bogans,1610612738,BOS,34.0,6,55.0,0,0,0,0,0,0,0,0,0,0,0.0,0.0,0,0,0,0,0,0.0,0.0,0.0,0.0
257,203482,Kelly Olynyk,1610612738,BOS,23.0,70,1400.0,0,0,0,0,0,0,0,0,0,0,0.0,0.0,0,0,0,0,0,0.0,0.0,0.0,0.0
258,202689,Kemba Walker,1610612766,CHA,24.0,73,2614.0,0,0,0,0,0,0,0,0,0,0,0.0,0.0,0,0,0,0,0,0.0,0.0,0.0,0.0
259,203088,Kendall Marshall,1610612747,LAL,22.0,54,1564.0,0,0,0,0,0,0,0,0,0,0,0.0,0.0,0,0,0,0,0,0.0,0.0,0.0,0.0
260,2570,Kendrick Perkins,1610612760,OKC,29.0,62,1207.0,0,0,0,0,0,0,0,0,0,0,0.0,0.0,0,0,0,0,0,0.0,0.0,0.0,0.0
261,202702,Kenneth Faried,1610612743,DEN,24.0,80,2178.0,0,0,0,0,0,0,0,0,0,0,0.0,0.0,0,0,0,0,0,0.0,0.0,0.0,0.0
262,203145,Kent Bazemore,1610612747,LAL,24.0,67,911.0,0,0,0,0,0,0,0,0,0,0,0.0,0.0,0,0,0,0,0,0.0,0.0,0.0,0.0
263,203484,Kentavious Caldwell-Pope,1610612765,DET,21.0,80,1583.0,0,0,0,0,0,0,0,0,0,0,0.0,0.0,0,0,0,0,0,0.0,0.0,0.0,0.0
264,2030,Kenyon Martin,1610612752,NYK,36.0,32,633.0,0,0,0,0,0,0,0,0,0,0,0.0,0.0,0,0,0,0,0,0.0,0.0,0.0,0.0
265,201142,Kevin Durant,1610612760,OKC,25.0,81,3122.0,0,0,0,0,0,0,0,0,0,0,0.0,0.0,0,0,0,0,0,0.0,0.0,0.0,0.0
266,708,Kevin Garnett,1610612751,BKN,38.0,54,1109.0,0,0,0,0,0,0,0,0,0,0,0.0,0.0,0,0,0,0,0,0.0,0.0,0.0,0.0
267,201567,Kevin Love,1610612750,MIN,25.0,77,2797.0,0,0,0,0,0,0,0,0,0,0,0.0,0.0,0,0,0,0,0,0.0,0.0,0.0,0.0
268,2755,Kevin Martin,1610612750,MIN,31.0,68,2177.0,0,0,0,0,0,0,0,0,0,0,0.0,0.0,0,0,0,0,0,0.0,0.0,0.0,0.0
269,202338,Kevin Seraphin,1610612764,WAS,24.0,53,578.0,0,0,0,0,0,0,0,0,0,0,0.0,0.0,0,0,0,0,0,0.0,0.0,0.0,0.0
270,203114,Khris Middleton,1610612749,MIL,22.0,82,2460.0,0,0,0,0,0,0,0,0,0,0,0.0,0.0,0,0,0,0,0,0.0,0.0,0.0,0.0
271,2550,Kirk Hinrich,1610612741,CHI,33.0,73,2116.0,0,0,0,0,0,0,0,0,0,0,0.0,0.0,0,0,0,0,0,0.0,0.0,0.0,0.0
272,202691,Klay Thompson,1610612744,GSW,24.0,81,2868.0,0,0,0,0,0,0,0,0,0,0,0.0,0.0,0,0,0,0,0,0.0,0.0,0.0,0.0
273,977,Kobe Bryant,1610612747,LAL,35.0,6,177.0,0,0,0,0,0,0,0,0,0,0,0.0,0.0,0,0,0,0,0,0.0,0.0,0.0,0.0
274,201585,Kosta Koufos,1610612763,MEM,25.0,80,1349.0,0,0,0,0,0,0,0,0,0,0,0.0,0.0,0,0,0,0,0,0.0,0.0,0.0,0.0
275,2743,Kris Humphries,1610612738,BOS,29.0,69,1376.0,0,0,0,0,0,0,0,0,0,0,0.0,0.0,0,0,0,0,0,0.0,0.0,0.0,0.0
276,2594,Kyle Korver,1610612737,ATL,33.0,71,2408.0,0,0,0,0,0,0,0,0,0,0,0.0,0.0,0,0,0,0,0,0.0,0.0,0.0,0.0
277,200768,Kyle Lowry,1610612761,TOR,28.0,79,2862.0,0,0,0,0,0,0,0,0,0,0,0.0,0.0,0,0,0,0,0,0.0,0.0,0.0,0.0
278,203124,Kyle O'Quinn,1610612753,ORL,24.0,69,1188.0,0,0,0,0,0,0,0,0,0,0,0.0,0.0,0,0,0,0,0,0.0,0.0,0.0,0.0
279,202713,Kyle Singler,1610612765,DET,26.0,82,2337.0,0,0,0,0,0,0,0,0,0,0,0.0,0.0,0,0,0,0,0,0.0,0.0,0.0,0.0
280,202681,Kyrie Irving,1610612739,CLE,22.0,71,2496.0,0,0,0,0,0,0,0,0,0,0,0.0,0.0,0,0,0,0,0,0.0,0.0,0.0,0.0
281,200746,LaMarcus Aldridge,1610612757,POR,28.0,69,2499.0,0,0,0,0,0,0,0,0,0,0,0.0,0.0,0,0,0,0,0,0.0,0.0,0.0,0.0
282,202362,Lance Stephenson,1610612754,IND,23.0,78,2752.0,0,0,0,0,0,0,0,0,0,0,0.0,0.0,0,0,0,0,0,0.0,0.0,0.0,0.0
283,202498,Lance Thomas,1610612740,NOP,26.0,5,42.0,0,0,0,0,0,0,0,0,0,0,0.0,0.0,0,0,0,0,0,0.0,0.0,0.0,0.0
284,202361,Landry Fields,1610612761,TOR,26.0,30,322.0,0,0,0,0,0,0,0,0,0,0,0.0,0.0,0,0,0,0,0,0.0,0.0,0.0,0.0
285,202336,Larry Sanders,1610612749,MIL,25.0,23,584.0,0,0,0,0,0,0,0,0,0,0,0.0,0.0,0,0,0,0,0,0.0,0.0,0.0,0.0
286,202730,Lavoy Allen,1610612754,IND,25.0,65,1071.0,0,0,0,0,0,0,0,0,0,0,0.0,0.0,0,0,0,0,0,0.0,0.0,0.0,0.0
287,2544,LeBron James,1610612748,MIA,29.0,77,2902.0,0,0,0,0,0,0,0,0,0,0,0.0,0.0,0,0,0,0,0,0.0,0.0,0.0,0.0
288,2571,Leandro Barbosa,1610612756,PHX,31.0,20,368.0,0,0,0,0,0,0,0,0,0,0,0.0,0.0,0,0,0,0,0,0.0,0.0,0.0,0.0
289,203485,Lorenzo Brown,1610612755,PHI,23.0,26,224.0,0,0,0,0,0,0,0,0,0,0,0.0,0.0,0,0,0,0,0,0.0,0.0,0.0,0.0
290,200811,Lou Amundson,1610612741,CHI,31.0,19,185.0,0,0,0,0,0,0,0,0,0,0,0.0,0.0,0,0,0,0,0,0.0,0.0,0.0,0.0
291,101150,Lou Williams,1610612737,ATL,27.0,60,1445.0,0,0,0,0,0,0,0,0,0,0,0.0,0.0,0,0,0,0,0,0.0,0.0,0.0,0.0
292,201601,Luc Mbah a Moute,1610612750,MIN,27.0,64,1003.0,0,0,0,0,0,0,0,0,0,0,0.0,0.0,0,0,0,0,0,0.0,0.0,0.0,0.0
293,2449,Luis Scola,1610612754,IND,34.0,82,1399.0,0,0,0,0,0,0,0,0,0,0,0.0,0.0,0,0,0,0,0,0.0,0.0,0.0,0.0
294,202337,Luke Babbitt,1610612740,NOP,25.0,27,473.0,0,0,0,0,0,0,0,0,0,0,0.0,0.0,0,0,0,0,0,0.0,0.0,0.0,0.0
295,2557,Luke Ridnour,1610612766,CHA,33.0,61,1141.0,0,0,0,0,0,0,0,0,0,0,0.0,0.0,0,0,0,0,0,0.0,0.0,0.0,0.0
296,2736,Luol Deng,1610612739,CLE,29.0,63,2213.0,0,0,0,0,0,0,0,0,0,0,0.0,0.0,0,0,0,0,0,0.0,0.0,0.0,0.0
297,203146,Maalik Wayns,1610612746,LAC,23.0,2,9.0,0,0,0,0,0,0,0,0,0,0,0.0,0.0,0,0,0,0,0,0.0,0.0,0.0,0.0
298,202952,Malcolm Thomas,1610612762,UTA,25.0,8,63.0,0,0,0,0,0,0,0,0,0,0,0.0,0.0,0,0,0,0,0,0.0,0.0,0.0,0.0
299,202412,Manny Harris,1610612747,LAL,24.0,9,180.0,0,0,0,0,0,0,0,0,0,0,0.0,0.0,0,0,0,0,0,0.0,0.0,0.0,0.0
300,1938,Manu Ginobili,1610612759,SAS,36.0,68,1550.0,0,0,0,0,0,0,0,0,0,0,0.0,0.0,0,0,0,0,0,0.0,0.0,0.0,0.0
301,202705,MarShon Brooks,1610612747,LAL,25.0,35,317.0,0,0,0,0,0,0,0,0,0,0,0.0,0.0,0,0,0,0,0,0.0,0.0,0.0,0.0
302,201188,Marc Gasol,1610612763,MEM,29.0,59,1970.0,0,0,0,0,0,0,0,0,0,0,0.0,0.0,0,0,0,0,0,0.0,0.0,0.0,0.0
303,101162,Marcin Gortat,1610612764,WAS,30.0,81,2655.0,0,0,0,0,0,0,0,0,0,0,0.0,0.0,0,0,0,0,0,0.0,0.0,0.0,0.0
304,201158,Marco Belinelli,1610612759,SAS,28.0,80,2016.0,0,0,0,0,0,0,0,0,0,0,0.0,0.0,0,0,0,0,0,0.0,0.0,0.0,0.0
305,202694,Marcus Morris,1610612756,PHX,24.0,82,1800.0,0,0,0,0,0,0,0,0,0,0,0.0,0.0,0,0,0,0,0,0.0,0.0,0.0,0.0
306,201977,Marcus Thornton,1610612751,BKN,27.0,72,1741.0,0,0,0,0,0,0,0,0,0,0,0.0,0.0,0,0,0,0,0,0.0,0.0,0.0,0.0
307,201596,Mario Chalmers,1610612748,MIA,28.0,73,2178.0,0,0,0,0,0,0,0,0,0,0,0.0,0.0,0,0,0,0,0,0.0,0.0,0.0,0.0
308,202693,Markieff Morris,1610612756,PHX,24.0,81,2153.0,0,0,0,0,0,0,0,0,0,0,0.0,0.0,0,0,0,0,0,0.0,0.0,0.0,0.0
309,203104,Marquis Teague,1610612751,BKN,21.0,40,442.0,0,0,0,0,0,0,0,0,0,0,0.0,0.0,0,0,0,0,0,0.0,0.0,0.0,0.0
310,201578,Marreese Speights,1610612744,GSW,26.0,79,982.0,0,0,0,0,0,0,0,0,0,0,0.0,0.0,0,0,0,0,0,0.0,0.0,0.0,0.0
311,101110,Martell Webster,1610612764,WAS,27.0,78,2157.0,0,0,0,0,0,0,0,0,0,0,0.0,0.0,0,0,0,0,0,0.0,0.0,0.0,0.0
312,101107,Marvin Williams,1610612762,UTA,28.0,66,1674.0,0,0,0,0,0,0,0,0,0,0,0.0,0.0,0,0,0,0,0,0.0,0.0,0.0,0.0
313,203486,Mason Plumlee,1610612751,BKN,24.0,70,1275.0,0,0,0,0,0,0,0,0,0,0,0.0,0.0,0,0,0,0,0,0.0,0.0,0.0,0.0
314,2440,Matt Barnes,1610612746,LAC,34.0,63,1735.0,0,0,0,0,0,0,0,0,0,0,0.0,0.0,0,0,0,0,0,0.0,0.0,0.0,0.0
315,2588,Matt Bonner,1610612759,SAS,34.0,61,690.0,0,0,0,0,0,0,0,0,0,0,0.0,0.0,0,0,0,0,0,0.0,0.0,0.0,0.0
316,203521,Matthew Dellavedova,1610612739,CLE,23.0,72,1271.0,0,0,0,0,0,0,0,0,0,0,0.0,0.0,0,0,0,0,0,0.0,0.0,0.0,0.0
317,203090,Maurice Harkless,1610612753,ORL,21.0,80,1950.0,0,0,0,0,0,0,0,0,0,0,0.0,0.0,0,0,0,0,0,0.0,0.0,0.0,0.0
318,2408,Melvin Ely,1610612740,NOP,36.0,2,27.0,0,0,0,0,0,0,0,0,0,0,0.0,0.0,0,0,0,0,0,0.0,0.0,0.0,0.0
319,1897,Metta World Peace,1610612752,NYK,34.0,29,388.0,0,0,0,0,0,0,0,0,0,0,0.0,0.0,0,0,0,0,0,0.0,0.0,0.0,0.0
320,203086,Meyers Leonard,1610612757,POR,22.0,40,355.0,0,0,0,0,0,0,0,0,0,0,0.0,0.0,0,0,0,0,0,0.0,0.0,0.0,0.0
321,201563,Michael Beasley,1610612748,MIA,25.0,55,831.0,0,0,0,0,0,0,0,0,0,0,0.0,0.0,0,0,0,0,0,0.0,0.0,0.0,0.0
322,203487,Michael Carter-Williams,1610612755,PHI,22.0,70,2414.0,0,0,0,0,0,0,0,0,0,0,0.0,0.0,0,0,0,0,0,0.0,0.0,0.0,0.0
323,203077,Michael Kidd-Gilchrist,1610612766,CHA,20.0,62,1502.0,0,0,0,0,0,0,0,0,0,0,0.0,0.0,0,0,0,0,0,0.0,0.0,0.0,0.0
324,201144,Mike Conley,1610612763,MEM,26.0,73,2446.0,0,0,0,0,0,0,0,0,0,0,0.0,0.0,0,0,0,0,0,0.0,0.0,0.0,0.0
325,2399,Mike Dunleavy,1610612741,CHI,33.0,82,2584.0,0,0,0,0,0,0,0,0,0,0,0.0,0.0,0,0,0,0,0,0.0,0.0,0.0,0.0
326,200839,Mike Harris,1610612762,UTA,31.0,20,225.0,0,0,0,0,0,0,0,0,0,0,0.0,0.0,0,0,0,0,0,0.0,0.0,0.0,0.0
327,2229,Mike James,1610612741,CHI,39.0,11,77.0,0,0,0,0,0,0,0,0,0,0,0.0,0.0,0,0,0,0,0,0.0,0.0,0.0,0.0
328,2034,Mike Miller,1610612763,MEM,34.0,82,1707.0,0,0,0,0,0,0,0,0,0,0,0.0,0.0,0,0,0,0,0,0.0,0.0,0.0,0.0
329,203488,Mike Muscala,1610612737,ATL,22.0,20,215.0,0,0,0,0,0,0,0,0,0,0,0.0,0.0,0,0,0,0,0,0.0,0.0,0.0,0.0
330,203118,Mike Scott,1610612737,ATL,25.0,80,1482.0,0,0,0,0,0,0,0,0,0,0,0.0,0.0,0,0,0,0,0,0.0,0.0,0.0,0.0
331,203101,Miles Plumlee,1610612756,PHX,25.0,80,1964.0,0,0,0,0,0,0,0,0,0,0,0.0,0.0,0,0,0,0,0,0.0,0.0,0.0,0.0
332,203545,Miroslav Raduljica,1610612749,MIL,26.0,48,465.0,0,0,0,0,0,0,0,0,0,0,0.0,0.0,0,0,0,0,0,0.0,0.0,0.0,0.0
333,203141,Mirza Teletovic,1610612751,BKN,28.0,72,1396.0,0,0,0,0,0,0,0,0,0,0,0.0,0.0,0,0,0,0,0,0.0,0.0,0.0,0.0
334,2590,Mo Williams,1610612757,POR,31.0,74,1833.0,0,0,0,0,0,0,0,0,0,0,0.0,0.0,0,0,0,0,0,0.0,0.0,0.0,0.0
335,101145,Monta Ellis,1610612742,DAL,28.0,82,3023.0,0,0,0,0,0,0,0,0,0,0,0.0,0.0,0,0,0,0,0,0.0,0.0,0.0,0.0
336,201203,Mustafa Shakur,1610612760,OKC,29.0,3,11.0,0,0,0,0,0,0,0,0,0,0,0.0,0.0,0,0,0,0,0,0.0,0.0,0.0,0.0
337,201986,Nando De Colo,1610612761,TOR,27.0,47,494.0,0,0,0,0,0,0,0,0,0,0,0.0,0.0,0,0,0,0,0,0.0,0.0,0.0,0.0
338,101126,Nate Robinson,1610612743,DEN,30.0,44,866.0,0,0,0,0,0,0,0,0,0,0,0.0,0.0,0,0,0,0,0,0.0,0.0,0.0,0.0
339,203489,Nate Wolters,1610612749,MIL,23.0,58,1309.0,0,0,0,0,0,0,0,0,0,0,0.0,0.0,0,0,0,0,0,0.0,0.0,0.0,0.0
340,1737,Nazr Mohammed,1610612741,CHI,36.0,80,562.0,0,0,0,0,0,0,0,0,0,0,0.0,0.0,0,0,0,0,0,0.0,0.0,0.0,0.0
341,203517,Nemanja Nedovic,1610612744,GSW,23.0,24,142.0,0,0,0,0,0,0,0,0,0,0,0.0,0.0,0,0,0,0,0,0.0,0.0,0.0,0.0
342,2403,Nene,1610612764,WAS,31.0,53,1560.0,0,0,0,0,0,0,0,0,0,0,0.0,0.0,0,0,0,0,0,0.0,0.0,0.0,0.0
343,201979,Nick Calathes,1610612763,MEM,25.0,71,1173.0,0,0,0,0,0,0,0,0,0,0,0.0,0.0,0,0,0,0,0,0.0,0.0,0.0,0.0
344,2555,Nick Collison,1610612760,OKC,33.0,81,1353.0,0,0,0,0,0,0,0,0,0,0,0.0,0.0,0,0,0,0,0,0.0,0.0,0.0,0.0
345,201156,Nick Young,1610612747,LAL,29.0,64,1810.0,0,0,0,0,0,0,0,0,0,0,0.0,0.0,0,0,0,0,0,0.0,0.0,0.0,0.0
346,201587,Nicolas Batum,1610612757,POR,25.0,82,2956.0,0,0,0,0,0,0,0,0,0,0,0.0,0.0,0,0,0,0,0,0.0,0.0,0.0,0.0
347,201593,Nikola Pekovic,1610612750,MIN,28.0,54,1663.0,0,0,0,0,0,0,0,0,0,0,0.0,0.0,0,0,0,0,0,0.0,0.0,0.0,0.0
348,202696,Nikola Vucevic,1610612753,ORL,23.0,57,1812.0,0,0,0,0,0,0,0,0,0,0,0.0,0.0,0,0,0,0,0,0.0,0.0,0.0,0.0
349,202708,Norris Cole,1610612748,MIA,25.0,82,2014.0,0,0,0,0,0,0,0,0,0,0,0.0,0.0,0,0,0,0,0,0.0,0.0,0.0,0.0
350,201564,O.J. Mayo,1610612749,MIL,26.0,52,1346.0,0,0,0,0,0,0,0,0,0,0,0.0,0.0,0,0,0,0,0,0.0,0.0,0.0,0.0
351,203136,Ognjen Kuzmic,1610612744,GSW,24.0,21,92.0,0,0,0,0,0,0,0,0,0,0,0.0,0.0,0,0,0,0,0,0.0,0.0,0.0,0.0
352,201600,Omer Asik,1610612745,HOU,27.0,48,968.0,0,0,0,0,0,0,0,0,0,0,0.0,0.0,0,0,0,0,0,0.0,0.0,0.0,0.0
353,201956,Omri Casspi,1610612745,HOU,26.0,71,1283.0,0,0,0,0,0,0,0,0,0,0,0.0,0.0,0,0,0,0,0,0.0,0.0,0.0,0.0
354,203111,Orlando Johnson,1610612758,SAC,25.0,45,392.0,0,0,0,0,0,0,0,0,0,0,0.0,0.0,0,0,0,0,0,0.0,0.0,0.0,0.0
355,201785,Othyus Jeffers,1610612750,MIN,28.0,6,47.0,0,0,0,0,0,0,0,0,0,0,0.0,0.0,0,0,0,0,0,0.0,0.0,0.0,0.0
356,203490,Otto Porter Jr.,1610612764,WAS,21.0,37,319.0,0,0,0,0,0,0,0,0,0,0,0.0,0.0,0,0,0,0,0,0.0,0.0,0.0,0.0
357,200782,PJ Tucker,1610612756,PHX,29.0,81,2490.0,0,0,0,0,0,0,0,0,0,0,0.0,0.0,0,0,0,0,0,0.0,0.0,0.0,0.0
358,203143,Pablo Prigioni,1610612752,NYK,37.0,66,1283.0,0,0,0,0,0,0,0,0,0,0,0.0,0.0,0,0,0,0,0,0.0,0.0,0.0,0.0
359,201976,Patrick Beverley,1610612745,HOU,25.0,56,1751.0,0,0,0,0,0,0,0,0,0,0,0.0,0.0,0,0,0,0,0,0.0,0.0,0.0,0.0
360,202335,Patrick Patterson,1610612761,TOR,25.0,65,1532.0,0,0,0,0,0,0,0,0,0,0,0.0,0.0,0,0,0,0,0,0.0,0.0,0.0,0.0
361,201988,Patty Mills,1610612759,SAS,25.0,81,1527.0,0,0,0,0,0,0,0,0,0,0,0.0,0.0,0,0,0,0,0,0.0,0.0,0.0,0.0
362,2200,Pau Gasol,1610612747,LAL,33.0,60,1884.0,0,0,0,0,0,0,0,0,0,0,0.0,0.0,0,0,0,0,0,0.0,0.0,0.0,0.0
363,202331,Paul George,1610612754,IND,24.0,80,2898.0,0,0,0,0,0,0,0,0,0,0,0.0,0.0,0,0,0,0,0,0.0,0.0,0.0,0.0
364,200794,Paul Millsap,1610612737,ATL,29.0,74,2482.0,0,0,0,0,0,0,0,0,0,0,0.0,0.0,0,0,0,0,0,0.0,0.0,0.0,0.0
365,1718,Paul Pierce,1610612751,BKN,36.0,75,2098.0,0,0,0,0,0,0,0,0,0,0,0.0,0.0,0,0,0,0,0,0.0,0.0,0.0,0.0
366,203544,Pero Antic,1610612737,ATL,31.0,50,925.0,0,0,0,0,0,0,0,0,0,0,0.0,0.0,0,0,0,0,0,0.0,0.0,0.0,0.0
367,203103,Perry Jones III,1610612760,OKC,22.0,62,765.0,0,0,0,0,0,0,0,0,0,0,0.0,0.0,0,0,0,0,0,0.0,0.0,0.0,0.0
368,203491,Peyton Siva,1610612765,DET,23.0,24,224.0,0,0,0,0,0,0,0,0,0,0,0.0,0.0,0,0,0,0,0,0.0,0.0,0.0,0.0
369,203515,Phil Pressey,1610612738,BOS,23.0,75,1132.0,0,0,0,0,0,0,0,0,0,0,0.0,0.0,0,0,0,0,0,0.0,0.0,0.0,0.0
370,203112,Quincy Acy,1610612758,SAC,23.0,63,848.0,0,0,0,0,0,0,0,0,0,0,0.0,0.0,0,0,0,0,0,0.0,0.0,0.0,0.0
371,203113,Quincy Miller,1610612743,DEN,21.0,52,789.0,0,0,0,0,0,0,0,0,0,0,0.0,0.0,0,0,0,0,0,0.0,0.0,0.0,0.0
372,202347,Quincy Pondexter,1610612763,MEM,26.0,15,270.0,0,0,0,0,0,0,0,0,0,0,0.0,0.0,0,0,0,0,0,0.0,0.0,0.0,0.0
373,200765,Rajon Rondo,1610612738,BOS,28.0,30,998.0,0,0,0,0,0,0,0,0,0,0,0.0,0.0,0,0,0,0,0,0.0,0.0,0.0,0.0
374,201196,Ramon Sessions,1610612749,MIL,28.0,83,2214.0,0,0,0,0,0,0,0,0,0,0,0.0,0.0,0,0,0,0,0,0.0,0.0,0.0,0.0
375,200751,Randy Foye,1610612743,DEN,30.0,81,2485.0,0,0,0,0,0,0,0,0,0,0,0.0,0.0,0,0,0,0,0,0.0,0.0,0.0,0.0
376,1740,Rashard Lewis,1610612748,MIA,34.0,60,971.0,0,0,0,0,0,0,0,0,0,0,0.0,0.0,0,0,0,0,0,0.0,0.0,0.0,0.0
377,2446,Rasual Butler,1610612754,IND,35.0,50,378.0,0,0,0,0,0,0,0,0,0,0,0.0,0.0,0,0,0,0,0,0.0,0.0,0.0,0.0
378,951,Ray Allen,1610612748,MIA,38.0,73,1936.0,0,0,0,0,0,0,0,0,0,0,0.0,0.0,0,0,0,0,0,0.0,0.0,0.0,0.0
379,203492,Ray McCallum,1610612758,SAC,23.0,45,897.0,0,0,0,0,0,0,0,0,0,0,0.0,0.0,0,0,0,0,0,0.0,0.0,0.0,0.0
380,101109,Raymond Felton,1610612752,NYK,30.0,65,2017.0,0,0,0,0,0,0,0,0,0,0,0.0,0.0,0,0,0,0,0,0.0,0.0,0.0,0.0
381,203493,Reggie Bullock,1610612746,LAC,23.0,43,396.0,0,0,0,0,0,0,0,0,0,0,0.0,0.0,0,0,0,0,0,0.0,0.0,0.0,0.0
382,2501,Reggie Evans,1610612758,SAC,34.0,54,899.0,0,0,0,0,0,0,0,0,0,0,0.0,0.0,0,0,0,0,0,0.0,0.0,0.0,0.0
383,202704,Reggie Jackson,1610612760,OKC,24.0,80,2277.0,0,0,0,0,0,0,0,0,0,0,0.0,0.0,0,0,0,0,0,0.0,0.0,0.0,0.0
384,202130,Reggie Williams,1610612760,OKC,27.0,3,17.0,0,0,0,0,0,0,0,0,0,0,0.0,0.0,0,0,0,0,0,0.0,0.0,0.0,0.0
385,2210,Richard Jefferson,1610612762,UTA,34.0,82,2213.0,0,0,0,0,0,0,0,0,0,0,0.0,0.0,0,0,0,0,0,0.0,0.0,0.0,0.0
386,203495,Ricky Ledo,1610612742,DAL,21.0,11,33.0,0,0,0,0,0,0,0,0,0,0,0.0,0.0,0,0,0,0,0,0.0,0.0,0.0,0.0
387,201937,Ricky Rubio,1610612750,MIN,23.0,82,2638.0,0,0,0,0,0,0,0,0,0,0,0.0,0.0,0,0,0,0,0,0.0,0.0,0.0,0.0
388,203133,Robbie Hummel,1610612750,MIN,25.0,53,655.0,0,0,0,0,0,0,0,0,0,0,0.0,0.0,0,0,0,0,0,0.0,0.0,0.0,0.0
389,203496,Robert Covington,1610612745,HOU,23.0,7,34.0,0,0,0,0,0,0,0,0,0,0,0.0,0.0,0,0,0,0,0,0.0,0.0,0.0,0.0
390,203135,Robert Sacre,1610612747,LAL,25.0,65,1089.0,0,0,0,0,0,0,0,0,0,0,0.0,0.0,0,0,0,0,0,0.0,0.0,0.0,0.0
391,201577,Robin Lopez,1610612757,POR,26.0,82,2604.0,0,0,0,0,0,0,0,0,0,0,0.0,0.0,0,0,0,0,0,0.0,0.0,0.0,0.0
392,201155,Rodney Stuckey,1610612765,DET,28.0,73,1950.0,0,0,0,0,0,0,0,0,0,0,0.0,0.0,0,0,0,0,0,0.0,0.0,0.0,0.0
393,2427,Roger Mason Jr.,1610612748,MIA,33.0,25,260.0,0,0,0,0,0,0,0,0,0,0,0.0,0.0,0,0,0,0,0,0.0,0.0,0.0,0.0
394,200758,Ronnie Brewer,1610612741,CHI,29.0,24,160.0,0,0,0,0,0,0,0,0,0,0,0.0,0.0,0,0,0,0,0,0.0,0.0,0.0,0.0
395,101179,Ronnie Price,1610612753,ORL,31.0,31,377.0,0,0,0,0,0,0,0,0,0,0,0.0,0.0,0,0,0,0,0,0.0,0.0,0.0,0.0
396,101142,Ronny Turiaf,1610612750,MIN,31.0,31,606.0,0,0,0,0,0,0,0,0,0,0,0.0,0.0,0,0,0,0,0,0.0,0.0,0.0,0.0
397,201579,Roy Hibbert,1610612754,IND,27.0,81,2409.0,0,0,0,0,0,0,0,0,0,0,0.0,0.0,0,0,0,0,0,0.0,0.0,0.0,0.0
398,2767,Royal Ivey,1610612760,OKC,32.0,2,5.0,0,0,0,0,0,0,0,0,0,0,0.0,0.0,0,0,0,0,0,0.0,0.0,0.0,0.0
399,203091,Royce White,1610612758,SAC,23.0,3,9.0,0,0,0,0,0,0,0,0,0,0,0.0,0.0,0,0,0,0,0,0.0,0.0,0.0,0.0
400,200752,Rudy Gay,1610612758,SAC,27.0,73,2531.0,0,0,0,0,0,0,0,0,0,0,0.0,0.0,0,0,0,0,0,0.0,0.0,0.0,0.0
401,203497,Rudy Gobert,1610612762,UTA,22.0,45,434.0,0,0,0,0,0,0,0,0,0,0,0.0,0.0,0,0,0,0,0,0.0,0.0,0.0,0.0
402,201566,Russell Westbrook,1610612760,OKC,25.0,46,1412.0,0,0,0,0,0,0,0,0,0,0,0.0,0.0,0,0,0,0,0,0.0,0.0,0.0,0.0
403,201583,Ryan Anderson,1610612740,NOP,26.0,22,795.0,0,0,0,0,0,0,0,0,0,0,0.0,0.0,0,0,0,0,0,0.0,0.0,0.0,0.0
404,101155,Ryan Gomes,1610612760,OKC,31.0,5,34.0,0,0,0,0,0,0,0,0,0,0,0.0,0.0,0,0,0,0,0,0.0,0.0,0.0,0.0
405,200797,Ryan Hollins,1610612746,LAC,29.0,61,482.0,0,0,0,0,0,0,0,0,0,0,0.0,0.0,0,0,0,0,0,0.0,0.0,0.0,0.0
406,203527,Ryan Kelly,1610612747,LAL,23.0,59,1312.0,0,0,0,0,0,0,0,0,0,0,0.0,0.0,0,0,0,0,0,0.0,0.0,0.0,0.0
407,2223,Samuel Dalembert,1610612742,DAL,34.0,80,1614.0,0,0,0,0,0,0,0,0,0,0,0.0,0.0,0,0,0,0,0,0.0,0.0,0.0,0.0
408,2756,Sasha Vujacic,1610612746,LAC,30.0,2,10.0,0,0,0,0,0,0,0,0,0,0,0.0,0.0,0,0,0,0,0,0.0,0.0,0.0,0.0
409,203816,Scotty Hopson,1610612739,CLE,24.0,2,7.0,0,0,0,0,0,0,0,0,0,0,0.0,0.0,0,0,0,0,0,0.0,0.0,0.0,0.0
410,201586,Serge Ibaka,1610612760,OKC,24.0,81,2666.0,0,0,0,0,0,0,0,0,0,0,0.0,0.0,0,0,0,0,0,0.0,0.0,0.0,0.0
411,203508,Sergey Karasev,1610612739,CLE,20.0,22,156.0,0,0,0,0,0,0,0,0,0,0,0.0,0.0,0,0,0,0,0,0.0,0.0,0.0,0.0
412,203552,Seth Curry,1610612739,CLE,23.0,2,13.0,0,0,0,0,0,0,0,0,0,0,0.0,0.0,0,0,0,0,0,0.0,0.0,0.0,0.0
413,203498,Shabazz Muhammad,1610612750,MIN,21.0,37,290.0,0,0,0,0,0,0,0,0,0,0,0.0,0.0,0,0,0,0,0,0.0,0.0,0.0,0.0
414,2203,Shane Battier,1610612748,MIA,35.0,73,1468.0,0,0,0,0,0,0,0,0,0,0,0.0,0.0,0,0,0,0,0,0.0,0.0,0.0,0.0
415,202197,Shane Edwards,1610612739,CLE,27.0,2,12.0,0,0,0,0,0,0,0,0,0,0,0.0,0.0,0,0,0,0,0,0.0,0.0,0.0,0.0
416,203499,Shane Larkin,1610612742,DAL,21.0,48,489.0,0,0,0,0,0,0,0,0,0,0,0.0,0.0,0,0,0,0,0,0.0,0.0,0.0,0.0
417,200769,Shannon Brown,1610612752,NYK,28.0,29,251.0,0,0,0,0,0,0,0,0,0,0,0.0,0.0,0,0,0,0,0,0.0,0.0,0.0,0.0
418,2733,Shaun Livingston,1610612751,BKN,28.0,76,1974.0,0,0,0,0,0,0,0,0,0,0,0.0,0.0,0,0,0,0,0,0.0,0.0,0.0,0.0
419,101183,Shavlik Randolph,1610612756,PHX,30.0,14,95.0,0,0,0,0,0,0,0,0,0,0,0.0,0.0,0,0,0,0,0,0.0,0.0,0.0,0.0
420,1890,Shawn Marion,1610612742,DAL,36.0,76,2409.0,0,0,0,0,0,0,0,0,0,0,0.0,0.0,0,0,0,0,0,0.0,0.0,0.0,0.0
421,200761,Shawne Williams,1610612747,LAL,28.0,36,751.0,0,0,0,0,0,0,0,0,0,0,0.0,0.0,0,0,0,0,0,0.0,0.0,0.0,0.0
422,202714,Shelvin Mack,1610612737,ATL,24.0,73,1490.0,0,0,0,0,0,0,0,0,0,0,0.0,0.0,0,0,0,0,0,0.0,0.0,0.0,0.0
423,203524,Solomon Hill,1610612754,IND,23.0,28,226.0,0,0,0,0,0,0,0,0,0,0,0.0,0.0,0,0,0,0,0,0.0,0.0,0.0,0.0
424,200780,Solomon Jones,1610612753,ORL,29.0,11,85.0,0,0,0,0,0,0,0,0,0,0,0.0,0.0,0,0,0,0,0,0.0,0.0,0.0,0.0
425,201150,Spencer Hawes,1610612739,CLE,26.0,80,2470.0,0,0,0,0,0,0,0,0,0,0,0.0,0.0,0,0,0,0,0,0.0,0.0,0.0,0.0
426,201939,Stephen Curry,1610612744,GSW,26.0,78,2846.0,0,0,0,0,0,0,0,0,0,0,0.0,0.0,0,0,0,0,0,0.0,0.0,0.0,0.0
427,1536,Stephen Jackson,1610612746,LAC,36.0,9,107.0,0,0,0,0,0,0,0,0,0,0,0.0,0.0,0,0,0,0,0,0.0,0.0,0.0,0.0
428,2581,Steve Blake,1610612744,GSW,34.0,55,1498.0,0,0,0,0,0,0,0,0,0,0,0.0,0.0,0,0,0,0,0,0.0,0.0,0.0,0.0
429,959,Steve Nash,1610612747,LAL,40.0,15,313.0,0,0,0,0,0,0,0,0,0,0,0.0,0.0,0,0,0,0,0,0.0,0.0,0.0,0.0
430,200779,Steve Novak,1610612761,TOR,31.0,54,540.0,0,0,0,0,0,0,0,0,0,0,0.0,0.0,0,0,0,0,0,0.0,0.0,0.0,0.0
431,203500,Steven Adams,1610612760,OKC,20.0,81,1197.0,0,0,0,0,0,0,0,0,0,0,0.0,0.0,0,0,0,0,0,0.0,0.0,0.0,0.0
432,201959,Taj Gibson,1610612741,CHI,29.0,82,2351.0,0,0,0,0,0,0,0,0,0,0,0.0,0.0,0,0,0,0,0,0.0,0.0,0.0,0.0
433,2419,Tayshaun Prince,1610612763,MEM,34.0,76,1948.0,0,0,0,0,0,0,0,0,0,0,0.0,0.0,0,0,0,0,0,0.0,0.0,0.0,0.0
434,203093,Terrence Jones,1610612745,HOU,22.0,76,2078.0,0,0,0,0,0,0,0,0,0,0,0.0,0.0,0,0,0,0,0,0.0,0.0,0.0,0.0
435,203082,Terrence Ross,1610612761,TOR,23.0,81,2159.0,0,0,0,0,0,0,0,0,0,0,0.0,0.0,0,0,0,0,0,0.0,0.0,0.0,0.0
436,200757,Thabo Sefolosha,1610612760,OKC,30.0,61,1584.0,0,0,0,0,0,0,0,0,0,0,0.0,0.0,0,0,0,0,0,0.0,0.0,0.0,0.0
437,201152,Thaddeus Young,1610612755,PHI,26.0,79,2718.0,0,0,0,0,0,0,0,0,0,0,0.0,0.0,0,0,0,0,0,0.0,0.0,0.0,0.0
438,203080,Thomas Robinson,1610612757,POR,23.0,70,873.0,0,0,0,0,0,0,0,0,0,0,0.0,0.0,0,0,0,0,0,0.0,0.0,0.0,0.0
439,201168,Tiago Splitter,1610612759,SAS,29.0,59,1271.0,0,0,0,0,0,0,0,0,0,0,0.0,0.0,0,0,0,0,0,0.0,0.0,0.0,0.0
440,1495,Tim Duncan,1610612759,SAS,38.0,74,2158.0,0,0,0,0,0,0,0,0,0,0,0.0,0.0,0,0,0,0,0,0.0,0.0,0.0,0.0
441,203501,Tim Hardaway Jr.,1610612752,NYK,22.0,81,1875.0,0,0,0,0,0,0,0,0,0,0,0.0,0.0,0,0,0,0,0,0.0,0.0,0.0,0.0
442,202389,Timofey Mozgov,1610612743,DEN,27.0,82,1770.0,0,0,0,0,0,0,0,0,0,0,0.0,0.0,0,0,0,0,0,0.0,0.0,0.0,0.0
443,202699,Tobias Harris,1610612753,ORL,21.0,61,1850.0,0,0,0,0,0,0,0,0,0,0,0.0,0.0,0,0,0,0,0,0.0,0.0,0.0,0.0
444,201962,Toney Douglas,1610612748,MIA,28.0,51,675.0,0,0,0,0,0,0,0,0,0,0,0.0,0.0,0,0,0,0,0,0.0,0.0,0.0,0.0
445,2754,Tony Allen,1610612763,MEM,32.0,55,1278.0,0,0,0,0,0,0,0,0,0,0,0.0,0.0,0,0,0,0,0,0.0,0.0,0.0,0.0
446,203502,Tony Mitchell,1610612765,DET,22.0,21,79.0,0,0,0,0,0,0,0,0,0,0,0.0,0.0,0,0,0,0,0,0.0,0.0,0.0,0.0
447,203183,Tony Mitchell,1610612749,MIL,24.0,3,10.0,0,0,0,0,0,0,0,0,0,0,0.0,0.0,0,0,0,0,0,0.0,0.0,0.0,0.0
448,2225,Tony Parker,1610612759,SAS,32.0,68,1997.0,0,0,0,0,0,0,0,0,0,0,0.0,0.0,0,0,0,0,0,0.0,0.0,0.0,0.0
449,203503,Tony Snell,1610612741,CHI,22.0,77,1231.0,0,0,0,0,0,0,0,0,0,0,0.0,0.0,0,0,0,0,0,0.0,0.0,0.0,0.0
450,203100,Tony Wroten,1610612755,PHI,21.0,72,1765.0,0,0,0,0,0,0,0,0,0,0,0.0,0.0,0,0,0,0,0,0.0,0.0,0.0,0.0
451,203129,Tornike Shengelia,1610612741,CHI,22.0,26,155.0,0,0,0,0,0,0,0,0,0,0,0.0,0.0,0,0,0,0,0,0.0,0.0,0.0,0.0
452,203315,Toure' Murry,1610612752,NYK,24.0,51,372.0,0,0,0,0,0,0,0,0,0,0,0.0,0.0,0,0,0,0,0,0.0,0.0,0.0,0.0
453,2566,Travis Outlaw,1610612758,SAC,29.0,63,1065.0,0,0,0,0,0,0,0,0,0,0,0.0,0.0,0,0,0,0,0,0.0,0.0,0.0,0.0
454,2772,Trevor Ariza,1610612764,WAS,28.0,77,2723.0,0,0,0,0,0,0,0,0,0,0,0.0,0.0,0,0,0,0,0,0.0,0.0,0.0,0.0
455,202344,Trevor Booker,1610612764,WAS,26.0,72,1553.0,0,0,0,0,0,0,0,0,0,0,0.0,0.0,0,0,0,0,0,0.0,0.0,0.0,0.0
456,203504,Trey Burke,1610612762,UTA,21.0,70,2262.0,0,0,0,0,0,0,0,0,0,0,0.0,0.0,0,0,0,0,0,0.0,0.0,0.0,0.0
457,202684,Tristan Thompson,1610612739,CLE,23.0,82,2594.0,0,0,0,0,0,0,0,0,0,0,0.0,0.0,0,0,0,0,0,0.0,0.0,0.0,0.0
458,203584,Troy Daniels,1610612745,HOU,22.0,5,75.0,0,0,0,0,0,0,0,0,0,0,0.0,0.0,0,0,0,0,0,0.0,0.0,0.0,0.0
459,201951,Ty Lawson,1610612743,DEN,26.0,62,2222.0,0,0,0,0,0,0,0,0,0,0,0.0,0.0,0,0,0,0,0,0.0,0.0,0.0,0.0
460,201946,Tyler Hansbrough,1610612761,TOR,28.0,64,978.0,0,0,0,0,0,0,0,0,0,0,0.0,0.0,0,0,0,0,0,0.0,0.0,0.0,0.0
461,203092,Tyler Zeller,1610612739,CLE,24.0,70,1049.0,0,0,0,0,0,0,0,0,0,0,0.0,0.0,0,0,0,0,0,0.0,0.0,0.0,0.0
462,201936,Tyreke Evans,1610612740,NOP,24.0,72,2028.0,0,0,0,0,0,0,0,0,0,0,0.0,0.0,0,0,0,0,0,0.0,0.0,0.0,0.0
463,203116,Tyshawn Taylor,1610612751,BKN,24.0,23,270.0,0,0,0,0,0,0,0,0,0,0,0.0,0.0,0,0,0,0,0,0.0,0.0,0.0,0.0
464,2199,Tyson Chandler,1610612752,NYK,31.0,55,1662.0,0,0,0,0,0,0,0,0,0,0,0.0,0.0,0,0,0,0,0,0.0,0.0,0.0,0.0
465,2617,Udonis Haslem,1610612748,MIA,34.0,46,653.0,0,0,0,0,0,0,0,0,0,0,0.0,0.0,0,0,0,0,0,0.0,0.0,0.0,0.0
466,203505,Vander Blue,1610612738,BOS,21.0,3,15.0,0,0,0,0,0,0,0,0,0,0,0.0,0.0,0,0,0,0,0,0.0,0.0,0.0,0.0
467,203139,Viacheslav Kravtsov,1610612756,PHX,26.0,20,59.0,0,0,0,0,0,0,0,0,0,0,0.0,0.0,0,0,0,0,0,0.0,0.0,0.0,0.0
468,201964,Victor Claver,1610612757,POR,25.0,21,184.0,0,0,0,0,0,0,0,0,0,0,0.0,0.0,0,0,0,0,0,0.0,0.0,0.0,0.0
469,203506,Victor Oladipo,1610612753,ORL,22.0,80,2487.0,0,0,0,0,0,0,0,0,0,0,0.0,0.0,0,0,0,0,0,0.0,0.0,0.0,0.0
470,1713,Vince Carter,1610612742,DAL,37.0,81,1973.0,0,0,0,0,0,0,0,0,0,0,0.0,0.0,0,0,0,0,0,0.0,0.0,0.0,0.0
471,203543,Vitor Faverani,1610612738,BOS,26.0,37,488.0,0,0,0,0,0,0,0,0,0,0,0.0,0.0,0,0,0,0,0,0.0,0.0,0.0,0.0
472,201961,Wayne Ellington,1610612742,DAL,26.0,45,393.0,0,0,0,0,0,0,0,0,0,0,0.0,0.0,0,0,0,0,0,0.0,0.0,0.0,0.0
473,202325,Wesley Johnson,1610612747,LAL,26.0,79,2240.0,0,0,0,0,0,0,0,0,0,0,0.0,0.0,0,0,0,0,0,0.0,0.0,0.0,0.0
474,202083,Wesley Matthews,1610612757,POR,27.0,82,2780.0,0,0,0,0,0,0,0,0,0,0,0.0,0.0,0,0,0,0,0,0.0,0.0,0.0,0.0
475,203115,Will Barton,1610612757,POR,23.0,41,387.0,0,0,0,0,0,0,0,0,0,0,0.0,0.0,0,0,0,0,0,0.0,0.0,0.0,0.0
476,101198,Will Bynum,1610612765,DET,31.0,56,1054.0,0,0,0,0,0,0,0,0,0,0,0.0,0.0,0,0,0,0,0,0.0,0.0,0.0,0.0
477,2584,Willie Green,1610612746,LAC,32.0,55,869.0,0,0,0,0,0,0,0,0,0,0,0.0,0.0,0,0,0,0,0,0.0,0.0,0.0,0.0
478,201163,Wilson Chandler,1610612743,DEN,27.0,62,1927.0,0,0,0,0,0,0,0,0,0,0,0.0,0.0,0,0,0,0,0,0.0,0.0,0.0,0.0
479,202333,Xavier Henry,1610612747,LAL,23.0,43,908.0,0,0,0,0,0,0,0,0,0,0,0.0,0.0,0,0,0,0,0,0.0,0.0,0.0,0.0
480,2216,Zach Randolph,1610612763,MEM,32.0,79,2705.0,0,0,0,0,0,0,0,0,0,0,0.0,0.0,0,0,0,0,0,0.0,0.0,0.0,0.0
481,2585,Zaza Pachulia,1610612749,MIL,30.0,53,1325.0,0,0,0,0,0,0,0,0,0,0,0.0,0.0,0,0,0,0,0,0.0,0.0,0.0,0.0
