,PLAYER_ID,PLAYER_NAME,TEAM_ID,TEAM_ABBREVIATION,GP,W,L,MIN,TOUCHES,PAINT_TOUCHES,PAINT_TOUCH_FGM,PAINT_TOUCH_FGA,PAINT_TOUCH_FG_PCT,PAINT_TOUCH_FTM,PAINT_TOUCH_FTA,PAINT_TOUCH_FT_PCT,PAINT_TOUCH_PTS,PAINT_TOUCH_PTS_PCT,PAINT_TOUCH_PASSES,PAINT_TOUCH_PASSES_PCT,PAINT_TOUCH_AST,PAINT_TOUCH_AST_PCT,PAINT_TOUCH_TOV,PAINT_TOUCH_TOV_PCT,PAINT_TOUCH_FOULS,PAINT_TOUCH_FOULS_PCT
0,203932,Aaron Gordon,1610612753,ORL,16,8,8,520.0,881,75,32,46,0.696,7,10,0.7,72,0.96,17,0.227,3,0.04,1,0.013,5,0.067
1,1628988,Aaron Holiday,1610612754,IND,7,6,1,52.0,82,0,0,0,0.0,0,0,0.0,0,0.0,0,0.0,0,0.0,0,0.0,0,0.0
2,1627846,Abdel Nader,1610612760,OKC,6,5,1,11.0,22,0,0,0,0.0,0,0,0.0,0,0.0,0,0.0,0,0.0,0,0.0,0,0.0
3,201143,Al Horford,1610612738,BOS,17,9,8,501.0,909,83,25,36,0.694,0,2,0.0,50,0.602,40,0.482,4,0.048,1,0.012,1,0.012
4,202329,Al-Farouq Aminu,1610612757,POR,16,11,5,476.0,579,29,6,12,0.5,5,6,0.833,18,0.621,12,0.414,3,0.103,1,0.034,3,0.103
5,202692,Alec Burks,1610612762,UTA,13,7,6,193.0,266,13,4,5,0.8,3,3,1.0,12,0.923,5,0.385,1,0.077,0,0.0,2,0.154
6,203518,Alex Abrines,1610612760,OKC,14,9,5,303.0,277,1,0,0,0.0,0,0,0.0,0,0.0,1,1.0,0,0.0,0,0.0,0,0.0
7,203458,Alex Len,1610612737,ATL,17,3,14,371.0,673,111,42,70,0.6,9,13,0.692,94,0.847,18,0.162,2,0.018,11,0.099,10,0.09
8,1627816,Alex Poythress,1610612737,ATL,13,3,10,195.0,356,35,12,18,0.667,3,4,0.75,27,0.771,13,0.371,0,0.0,1,0.029,2,0.057
9,1628035,Alfonzo McKinnie,1610612744,GSW,16,12,4,251.0,317,26,10,19,0.526,1,2,0.5,21,0.808,4,0.154,0,0.0,1,0.038,1,0.038
10,1628993,Alize Johnson,1610612754,IND,3,2,1,9.0,15,0,0,0,0.0,0,0,0.0,0,0.0,0,0.0,0,0.0,0,0.0,0,0.0
11,203459,Allen Crabbe,1610612751,BKN,16,7,9,379.0,433,8,2,3,0.667,0,0,0.0,4,0.5,3,0.375,0,0.0,2,0.25,0,0.0
12,1629019,Allonzo Trier,1610612752,NYK,17,4,13,411.0,564,7,2,3,0.667,0,0,0.0,4,0.571,3,0.429,1,0.143,0,0.0,0,0.0
13,101161,Amir Johnson,1610612755,PHI,19,12,7,189.0,375,36,14,22,0.636,3,6,0.5,32,0.889,6,0.167,1,0.028,4,0.111,3,0.083
14,203083,Andre Drummond,1610612765,DET,14,8,6,470.0,779,188,79,137,0.577,13,21,0.619,171,0.91,16,0.085,5,0.027,10,0.053,15,0.08
15,2738,Andre Iguodala,1610612744,GSW,16,10,6,345.0,591,14,5,5,1.0,0,2,0.0,10,0.714,6,0.429,2,0.143,0,0.0,1,0.071
16,1626150,Andrew Harrison,1610612739,CLE,5,2,3,67.0,140,1,0,0,0.0,0,0,0.0,0,0.0,1,1.0,0,0.0,0,0.0,0,0.0
17,203952,Andrew Wiggins,1610612750,MIN,13,6,7,436.0,557,20,7,14,0.5,0,0,0.0,14,0.7,3,0.15,0,0.0,0,0.0,1,0.05
18,1629014,Anfernee Simons,1610612757,POR,4,3,1,22.0,28,0,0,0,0.0,0,0,0.0,0,0.0,0,0.0,0,0.0,0,0.0,0,0.0
19,1627790,Ante Zizic,1610612739,CLE,13,2,11,117.0,128,30,14,23,0.609,3,6,0.5,31,1.033,2,0.067,0,0.0,2,0.067,3,0.1
20,203076,Anthony Davis,1610612740,NOP,14,10,4,526.0,985,135,57,93,0.613,13,18,0.722,130,0.963,18,0.133,4,0.03,5,0.037,10,0.074
21,201229,Anthony Tolliver,1610612750,MIN,14,5,9,267.0,366,10,3,5,0.6,0,0,0.0,6,0.6,3,0.3,0,0.0,0,0.0,0,0.0
22,1628469,Antonio Blakeney,1610612741,CHI,17,4,13,319.0,328,5,2,3,0.667,0,0,0.0,4,0.8,1,0.2,0,0.0,1,0.2,0,0.0
23,203382,Aron Baynes,1610612738,BOS,14,7,7,193.0,269,41,7,19,0.368,4,4,1.0,18,0.439,16,0.39,2,0.049,1,0.024,2,0.049
24,203085,Austin Rivers,1610612764,WAS,16,5,11,370.0,530,7,0,2,0.0,0,0,0.0,0,0.0,5,0.714,2,0.286,0,0.0,1,0.143
25,202340,Avery Bradley,1610612746,LAC,10,6,4,267.0,267,19,6,12,0.5,0,0,0.0,13,0.684,4,0.211,1,0.053,3,0.158,0,0.0
26,1628389,Bam Adebayo,1610612748,MIA,16,6,10,282.0,389,73,25,40,0.625,9,12,0.75,60,0.822,12,0.164,1,0.014,6,0.082,9,0.123
27,203463,Ben McLemore,1610612758,SAC,5,3,2,24.0,32,0,0,0,0.0,0,0,0.0,0,0.0,0,0.0,0,0.0,0,0.0,0,0.0
28,1627732,Ben Simmons,1610612755,PHI,18,12,6,594.0,1445,80,27,43,0.628,6,8,0.75,61,0.763,23,0.288,5,0.063,1,0.013,5,0.063
29,202687,Bismack Biyombo,1610612766,CHA,8,3,5,68.0,95,20,5,8,0.625,2,4,0.5,12,0.6,7,0.35,0,0.0,2,0.1,2,0.1
30,201933,Blake Griffin,1610612765,DET,14,8,6,501.0,1304,49,15,27,0.556,2,2,1.0,32,0.653,10,0.204,2,0.041,2,0.041,2,0.041
31,1626246,Boban Marjanovic,1610612746,LAC,13,8,5,152.0,282,64,35,48,0.729,3,6,0.5,77,1.203,8,0.125,1,0.016,1,0.016,6,0.094
32,1626171,Bobby Portis,1610612741,CHI,4,1,3,113.0,210,21,2,5,0.4,2,2,1.0,6,0.286,9,0.429,2,0.095,2,0.095,1,0.048
33,203992,Bogdan Bogdanovic,1610612758,SAC,6,2,4,132.0,259,6,1,1,1.0,0,0,0.0,2,0.333,4,0.667,1,0.167,0,0.0,0,0.0
34,202711,Bojan Bogdanovic,1610612754,IND,17,11,6,519.0,589,19,11,14,0.786,0,0,0.0,23,1.211,3,0.158,0,0.0,1,0.053,1,0.053
35,202954,Brad Wanamaker,1610612738,BOS,4,3,1,24.0,39,1,0,0,0.0,0,0,0.0,0,0.0,1,1.0,0,0.0,0,0.0,0,0.0
36,203078,Bradley Beal,1610612764,WAS,16,5,11,540.0,977,26,11,15,0.733,6,8,0.75,28,1.077,6,0.231,0,0.0,0,0.0,4,0.154
37,1627742,Brandon Ingram,1610612747,LAL,12,7,5,376.0,622,34,11,16,0.688,2,4,0.5,24,0.706,12,0.353,3,0.088,2,0.059,2,0.059
38,201572,Brook Lopez,1610612749,MIL,16,12,4,435.0,544,42,15,22,0.682,2,2,1.0,36,0.857,16,0.381,0,0.0,2,0.048,1,0.024
39,1628971,Bruce Brown,1610612765,DET,8,3,5,104.0,128,9,5,6,0.833,2,2,1.0,12,1.333,2,0.222,0,0.0,0,0.0,1,0.111
40,1627854,Bryn Forbes,1610612759,SAS,16,8,8,462.0,743,0,0,0,0.0,0,0,0.0,0,0.0,0,0.0,0,0.0,0,0.0,0,0.0
41,1627741,Buddy Hield,1610612758,SAC,17,9,8,527.0,921,22,9,12,0.75,0,0,0.0,18,0.818,8,0.364,2,0.091,1,0.045,0,0.0
42,203710,C.J. Williams,1610612750,MIN,6,2,4,53.0,50,1,1,1,1.0,0,0,0.0,2,2.0,0,0.0,0,0.0,0,0.0,0,0.0
43,203468,CJ McCollum,1610612757,POR,16,11,5,529.0,801,11,2,5,0.4,0,0,0.0,4,0.364,5,0.455,1,0.091,0,0.0,0,0.0
44,101139,CJ Miles,1610612761,TOR,13,11,2,196.0,212,3,1,2,0.5,0,0,0.0,2,0.667,1,0.333,0,0.0,0,0.0,0,0.0
45,1628403,Caleb Swanigan,1610612757,POR,8,6,2,85.0,131,28,6,17,0.353,1,2,0.5,13,0.464,8,0.286,1,0.036,2,0.071,2,0.071
46,1626166,Cameron Payne,1610612741,CHI,15,3,12,324.0,704,14,3,4,0.75,0,0,0.0,7,0.5,9,0.643,0,0.0,0,0.0,1,0.071
47,1627747,Caris LeVert,1610612751,BKN,14,6,8,416.0,748,26,7,15,0.467,0,0,0.0,14,0.538,7,0.269,0,0.0,2,0.077,0,0.0
48,2546,Carmelo Anthony,1610612745,HOU,10,4,6,294.0,324,12,3,8,0.375,0,0,0.0,6,0.5,3,0.25,0,0.0,1,0.083,0,0.0
49,1626224,Cedi Osman,1610612739,CLE,13,1,12,391.0,650,11,3,7,0.429,0,2,0.0,6,0.545,2,0.182,0,0.0,0,0.0,1,0.091
50,1628990,Chandler Hutchison,1610612741,CHI,16,4,12,309.0,453,18,7,11,0.636,6,8,0.75,20,1.111,2,0.111,0,0.0,0,0.0,4,0.222
51,202718,Chandler Parsons,1610612763,MEM,3,2,1,46.0,69,1,0,0,0.0,0,0,0.0,0,0.0,1,1.0,0,0.0,0,0.0,0,0.0
52,101112,Channing Frye,1610612739,CLE,3,1,2,31.0,56,0,0,0,0.0,0,0,0.0,0,0.0,0,0.0,0,0.0,0,0.0,0,0.0
53,1627767,Cheick Diallo,1610612740,NOP,12,6,6,122.0,202,42,14,21,0.667,8,10,0.8,36,0.857,13,0.31,0,0.0,2,0.048,4,0.095
54,1629002,Chimezie Metu,1610612759,SAS,9,3,6,54.0,78,9,2,3,0.667,0,0,0.0,4,0.444,4,0.444,0,0.0,2,0.222,0,0.0
55,1628449,Chris Boucher,1610612761,TOR,2,1,1,9.0,20,2,1,1,1.0,1,2,0.5,3,1.5,0,0.0,0,0.0,0,0.0,1,0.5
56,101108,Chris Paul,1610612745,HOU,13,8,5,448.0,1014,6,1,1,1.0,0,0,0.0,2,0.333,4,0.667,1,0.167,1,0.167,0,0.0
57,1626174,Christian Wood,1610612749,MIL,4,4,0,19.0,35,3,1,2,0.5,0,0,0.0,2,0.667,1,0.333,0,0.0,0,0.0,0,0.0
58,203991,Clint Capela,1610612745,HOU,15,8,7,500.0,876,197,75,122,0.615,10,16,0.625,161,0.817,36,0.183,4,0.02,12,0.061,12,0.061
59,203469,Cody Zeller,1610612766,CHA,16,8,8,390.0,722,84,30,48,0.625,4,4,1.0,65,0.774,29,0.345,5,0.06,3,0.036,2,0.024
60,1629012,Collin Sexton,1610612739,CLE,15,2,13,396.0,788,10,2,7,0.286,2,2,1.0,7,0.7,1,0.1,1,0.1,1,0.1,0,0.0
61,202709,Cory Joseph,1610612754,IND,17,11,6,441.0,806,4,0,0,0.0,0,0,0.0,0,0.0,3,0.75,2,0.5,0,0.0,0,0.0
62,1626245,Cristiano Felicio,1610612741,CHI,13,3,10,195.0,260,36,13,22,0.591,2,2,1.0,28,0.778,10,0.278,1,0.028,2,0.056,1,0.028
63,1626156,D'Angelo Russell,1610612751,BKN,17,7,10,470.0,1105,9,1,4,0.25,0,0,0.0,2,0.222,4,0.444,0,0.0,0,0.0,0,0.0
64,201571,D.J. Augustin,1610612753,ORL,17,9,8,466.0,972,17,5,9,0.556,0,0,0.0,10,0.588,7,0.412,1,0.059,0,0.0,0,0.0
65,1627745,Damian Jones,1610612744,GSW,18,12,6,310.0,372,73,32,41,0.78,1,4,0.25,65,0.89,21,0.288,2,0.027,3,0.041,5,0.068
66,203081,Damian Lillard,1610612757,POR,16,11,5,553.0,1176,18,5,10,0.5,5,5,1.0,15,0.833,3,0.167,0,0.0,1,0.056,3,0.167
67,1627814,Damion Lee,1610612744,GSW,6,3,3,61.0,82,0,0,0,0.0,0,0,0.0,0,0.0,0,0.0,0,0.0,0,0.0,0,0.0
68,1628422,Damyean Dotson,1610612752,NYK,15,3,12,404.0,477,8,4,7,0.571,0,0,0.0,9,1.125,1,0.125,0,0.0,0,0.0,0,0.0
69,1627772,Daniel Hamilton,1610612737,ATL,1,0,1,8.0,6,0,0,0,0.0,0,0,0.0,0,0.0,0,0.0,0,0.0,0,0.0,0,0.0
70,1628464,Daniel Theis,1610612738,BOS,9,5,4,104.0,167,35,17,24,0.708,3,4,0.75,38,1.086,6,0.171,0,0.0,2,0.057,2,0.057
71,201568,Danilo Gallinari,1610612746,LAC,15,10,5,463.0,872,36,13,25,0.52,2,2,1.0,30,0.833,7,0.194,1,0.028,0,0.0,1,0.028
72,201980,Danny Green,1610612761,TOR,17,13,4,474.0,544,15,7,9,0.778,0,0,0.0,14,0.933,3,0.2,0,0.0,2,0.133,0,0.0
73,201967,Dante Cunningham,1610612759,SAS,16,8,8,359.0,485,34,8,18,0.444,2,2,1.0,18,0.529,12,0.353,2,0.059,1,0.029,2,0.059
74,203957,Dante Exum,1610612762,UTA,17,8,9,297.0,601,16,1,2,0.5,0,0,0.0,2,0.125,12,0.75,1,0.063,0,0.0,0,0.0
75,203967,Dario Saric,1610612750,MIN,16,10,6,472.0,782,50,11,20,0.55,7,8,0.875,29,0.58,14,0.28,1,0.02,6,0.12,4,0.08
76,203121,Darius Miller,1610612740,NOP,13,10,3,249.0,229,1,1,1,1.0,0,0,0.0,2,2.0,0,0.0,0,0.0,0,0.0,0,0.0
77,201954,Darren Collison,1610612754,IND,17,11,6,463.0,908,6,3,4,0.75,0,0,0.0,6,1.0,1,0.167,1,0.167,1,0.167,0,0.0
78,1629133,Daryl Macon,1610612742,DAL,1,0,1,1.0,0,0,0,0,0.0,0,0,0.0,0,0.0,0,0.0,0,0.0,0,0.0,0,0.0
79,1628021,David Nwaba,1610612739,CLE,11,2,9,151.0,171,12,3,5,0.6,0,0,0.0,6,0.5,6,0.5,0,0.0,0,0.0,0,0.0
80,202722,Davis Bertans,1610612759,SAS,14,7,7,217.0,327,9,3,3,1.0,2,2,1.0,8,0.889,5,0.556,0,0.0,0,0.0,1,0.111
81,1628432,Davon Reed,1610612754,IND,1,1,0,2.0,0,0,0,0,0.0,0,0,0.0,0,0.0,0,0.0,0,0.0,0,0.0,0,0.0
82,1628368,De'Aaron Fox,1610612758,SAC,17,9,8,554.0,1346,9,1,2,0.5,0,0,0.0,2,0.222,5,0.556,2,0.222,1,0.111,0,0.0
83,1629001,De'Anthony Melton,1610612756,PHX,4,1,3,42.0,95,0,0,0,0.0,0,0,0.0,0,0.0,0,0.0,0,0.0,0,0.0,0,0.0
84,201599,DeAndre Jordan,1610612742,DAL,16,7,9,518.0,906,170,52,84,0.619,27,30,0.9,131,0.771,48,0.282,11,0.065,10,0.059,13,0.076
85,1627761,DeAndre' Bembry,1610612737,ATL,17,3,14,394.0,541,26,4,12,0.333,4,6,0.667,12,0.462,8,0.308,0,0.0,1,0.038,3,0.115
86,201942,DeMar DeRozan,1610612759,SAS,16,8,8,588.0,1012,17,9,12,0.75,0,0,0.0,18,1.059,2,0.118,0,0.0,3,0.176,0,0.0
87,201960,DeMarre Carroll,1610612751,BKN,6,2,4,126.0,153,1,1,1,1.0,0,0,0.0,2,2.0,0,0.0,0,0.0,0,0.0,0,0.0
88,1629152,DeVaughn Akoon-Purcell,1610612743,DEN,4,4,0,13.0,6,0,0,0,0.0,0,0,0.0,0,0.0,0,0.0,0,0.0,0,0.0,0,0.0
89,1629028,Deandre Ayton,1610612756,PHX,16,3,13,517.0,862,150,67,89,0.753,4,6,0.667,142,0.947,42,0.28,10,0.067,5,0.033,4,0.027
90,1626153,Delon Wright,1610612761,TOR,12,8,4,197.0,325,11,3,5,0.6,0,0,0.0,6,0.545,6,0.545,0,0.0,0,0.0,0,0.0
91,203471,Dennis Schroder,1610612760,OKC,16,10,6,483.0,1068,12,1,1,1.0,0,0,0.0,2,0.167,5,0.417,1,0.083,4,0.333,0,0.0
92,1628372,Dennis Smith Jr.,1610612742,DAL,15,7,8,428.0,1107,21,7,12,0.583,0,0,0.0,14,0.667,4,0.19,0,0.0,3,0.143,0,0.0
93,1629126,Deonte Burton,1610612760,OKC,7,4,3,43.0,45,1,0,1,0.0,0,0,0.0,0,0.0,0,0.0,0,0.0,0,0.0,0,0.0
94,202324,Derrick Favors,1610612762,UTA,16,7,9,370.0,544,121,41,62,0.661,8,14,0.571,90,0.744,42,0.347,2,0.017,4,0.033,9,0.074
95,1627884,Derrick Jones Jr.,1610612748,MIA,11,3,8,164.0,258,23,12,16,0.75,2,4,0.5,26,1.13,2,0.087,1,0.043,3,0.13,0,0.0
96,201565,Derrick Rose,1610612750,MIN,15,6,9,453.0,829,19,3,9,0.333,3,4,0.75,9,0.474,8,0.421,0,0.0,0,0.0,2,0.105
97,1628401,Derrick White,1610612759,SAS,7,2,5,149.0,293,1,1,1,1.0,0,0,0.0,2,2.0,0,0.0,0,0.0,0,0.0,0,0.0
98,1626164,Devin Booker,1610612756,PHX,13,3,10,471.0,944,14,3,9,0.333,0,0,0.0,6,0.429,2,0.143,0,0.0,0,0.0,1,0.071
99,2734,Devin Harris,1610612742,DAL,6,4,2,85.0,139,4,1,1,1.0,0,0,0.0,2,0.5,2,0.5,1,0.25,0,0.0,0,0.0
100,1628984,Devonte' Graham,1610612766,CHA,3,0,3,25.0,50,0,0,0,0.0,0,0,0.0,0,0.0,0,0.0,0,0.0,0,0.0,0,0.0
101,203473,Dewayne Dedmon,1610612737,ATL,11,2,9,223.0,440,50,19,29,0.655,8,10,0.8,46,0.92,10,0.2,3,0.06,1,0.02,5,0.1
102,1628415,Dillon Brooks,1610612763,MEM,11,7,4,208.0,241,15,5,10,0.5,0,0,0.0,10,0.667,3,0.2,0,0.0,1,0.067,0,0.0
103,1627734,Domantas Sabonis,1610612754,IND,16,10,6,392.0,849,104,42,60,0.7,2,2,1.0,91,0.875,24,0.231,5,0.048,7,0.067,5,0.048
104,1628378,Donovan Mitchell,1610612762,UTA,15,8,7,508.0,732,21,8,13,0.615,0,0,0.0,16,0.762,6,0.286,0,0.0,2,0.095,0,0.0
105,1628978,Donte DiVincenzo,1610612749,MIL,14,10,4,254.0,370,23,8,11,0.727,2,2,1.0,19,0.826,10,0.435,2,0.087,0,0.0,1,0.043
106,1627827,Dorian Finney-Smith,1610612742,DAL,16,7,9,430.0,474,36,16,21,0.762,0,0,0.0,32,0.889,12,0.333,2,0.056,2,0.056,0,0.0
107,203926,Doug McDermott,1610612754,IND,17,11,6,278.0,257,4,3,3,1.0,0,0,0.0,6,1.5,1,0.25,0,0.0,0,0.0,0,0.0
108,1627733,Dragan Bender,1610612756,PHX,6,1,5,26.0,39,4,2,3,0.667,0,0,0.0,4,1.0,0,0.0,0,0.0,1,0.25,0,0.0
109,203110,Draymond Green,1610612744,GSW,13,10,3,396.0,904,31,7,15,0.467,1,2,0.5,15,0.484,9,0.29,3,0.097,2,0.065,2,0.065
110,1629234,Drew Eubanks,1610612759,SAS,3,0,3,13.0,11,3,1,1,1.0,2,2,1.0,4,1.333,1,0.333,0,0.0,0,0.0,1,0.333
111,1629130,Duncan Robinson,1610612748,MIA,3,2,1,17.0,21,0,0,0,0.0,0,0,0.0,0,0.0,0,0.0,0,0.0,0,0.0,0,0.0
112,1628407,Dwayne Bacon,1610612766,CHA,9,6,3,109.0,108,0,0,0,0.0,0,0,0.0,0,0.0,0,0.0,0,0.0,0,0.0,0,0.0
113,2730,Dwight Howard,1610612764,WAS,9,4,5,230.0,387,65,27,39,0.692,9,20,0.45,64,0.985,8,0.123,0,0.0,4,0.062,10,0.154
114,203939,Dwight Powell,1610612742,DAL,15,7,8,239.0,441,75,27,36,0.75,12,16,0.75,69,0.92,17,0.227,1,0.013,4,0.053,10,0.133
115,2548,Dwyane Wade,1610612748,MIA,9,4,5,231.0,484,24,7,11,0.636,0,0,0.0,14,0.583,11,0.458,2,0.083,0,0.0,1,0.042
116,1629058,Dzanan Musa,1610612751,BKN,6,3,3,22.0,23,0,0,0,0.0,0,0,0.0,0,0.0,0,0.0,0,0.0,0,0.0,0,0.0
117,202734,E'Twaun Moore,1610612740,NOP,17,10,7,534.0,725,50,27,37,0.73,1,4,0.25,55,1.1,8,0.16,2,0.04,1,0.02,2,0.04
118,202334,Ed Davis,1610612751,BKN,17,7,10,296.0,514,81,32,52,0.615,4,6,0.667,70,0.864,18,0.222,2,0.025,2,0.025,4,0.049
119,1628410,Edmond Sumner,1610612754,IND,5,4,1,20.0,19,0,0,0,0.0,0,0,0.0,0,0.0,0,0.0,0,0.0,0,0.0,0,0.0
120,202327,Ekpe Udoh,1610612762,UTA,13,6,7,62.0,58,10,4,5,0.8,0,0,0.0,8,0.8,2,0.2,1,0.1,3,0.3,1,0.1
121,203901,Elfrid Payton,1610612740,NOP,6,5,1,152.0,330,6,3,5,0.6,0,0,0.0,6,1.0,1,0.167,0,0.0,0,0.0,0,0.0
122,1629059,Elie Okobo,1610612756,PHX,11,2,9,166.0,428,1,0,0,0.0,0,0,0.0,0,0.0,0,0.0,0,0.0,1,1.0,0,0.0
123,1626144,Emmanuel Mudiay,1610612752,NYK,10,3,7,204.0,402,9,1,5,0.2,0,0,0.0,2,0.222,4,0.444,2,0.222,0,0.0,0,0.0
124,202683,Enes Kanter,1610612752,NYK,17,4,13,448.0,841,126,48,76,0.632,7,8,0.875,105,0.833,25,0.198,3,0.024,11,0.087,5,0.04
125,202339,Eric Bledsoe,1610612749,MIL,16,12,4,464.0,843,32,7,12,0.583,6,6,1.0,20,0.625,15,0.469,1,0.031,2,0.063,3,0.094
126,201569,Eric Gordon,1610612745,HOU,12,6,6,385.0,468,6,1,5,0.2,0,0,0.0,2,0.333,1,0.167,0,0.0,0,0.0,0,0.0
127,101141,Ersan Ilyasova,1610612749,MIL,16,12,4,349.0,551,57,19,33,0.576,5,6,0.833,43,0.754,17,0.298,1,0.018,2,0.035,5,0.088
128,203095,Evan Fournier,1610612753,ORL,17,9,8,501.0,729,29,13,21,0.619,0,0,0.0,27,0.931,3,0.103,0,0.0,4,0.138,0,0.0
129,202323,Evan Turner,1610612757,POR,16,11,5,412.0,931,16,6,10,0.6,0,0,0.0,12,0.75,4,0.25,0,0.0,0,0.0,0,0.0
130,1628402,Frank Jackson,1610612740,NOP,11,6,5,129.0,183,3,1,2,0.5,0,0,0.0,2,0.667,1,0.333,0,0.0,0,0.0,0,0.0
131,1626163,Frank Kaminsky,1610612766,CHA,5,3,2,26.0,52,3,0,1,0.0,2,2,1.0,2,0.667,1,0.333,0,0.0,0,0.0,1,0.333
132,1628412,Frank Mason,1610612758,SAC,16,8,8,242.0,552,7,4,6,0.667,0,0,0.0,8,1.143,1,0.143,0,0.0,0,0.0,0,0.0
133,1628373,Frank Ntilikina,1610612752,NYK,17,4,13,421.0,769,1,1,1,1.0,0,0,0.0,2,2.0,0,0.0,0,0.0,0,0.0,0,0.0
134,1627832,Fred VanVleet,1610612761,TOR,13,10,3,310.0,577,10,3,5,0.6,0,0,0.0,6,0.6,3,0.3,1,0.1,1,0.1,0,0.0
135,1627788,Furkan Korkmaz,1610612755,PHI,12,7,5,132.0,125,3,0,1,0.0,0,0,0.0,0,0.0,2,0.667,0,0.0,0,0.0,0,0.0
136,202066,Garrett Temple,1610612763,MEM,16,11,5,515.0,724,14,7,9,0.778,4,6,0.667,19,1.357,1,0.071,0,0.0,1,0.071,2,0.143
137,1629109,Gary Clark,1610612745,HOU,14,7,7,241.0,245,8,2,2,1.0,0,0,0.0,5,0.625,6,0.75,1,0.125,0,0.0,0,0.0
138,203914,Gary Harris,1610612743,DEN,17,10,7,571.0,763,21,7,11,0.636,0,0,0.0,14,0.667,7,0.333,2,0.095,0,0.0,1,0.048
139,1629018,Gary Trent Jr.,1610612757,POR,2,1,1,13.0,11,0,0,0,0.0,0,0,0.0,0,0.0,0,0.0,0,0.0,0,0.0,0,0.0
140,201588,George Hill,1610612739,CLE,10,1,9,265.0,565,12,4,4,1.0,0,0,0.0,8,0.667,7,0.583,1,0.083,0,0.0,0,0.0
141,1627777,Georges Niang,1610612762,UTA,15,8,7,119.0,200,7,2,3,0.667,2,2,1.0,6,0.857,2,0.286,0,0.0,0,0.0,1,0.143
142,101123,Gerald Green,1610612745,HOU,13,6,7,220.0,273,9,5,6,0.833,0,0,0.0,10,1.111,3,0.333,0,0.0,0,0.0,0,0.0
143,203507,Giannis Antetokounmpo,1610612749,MIL,15,11,4,497.0,1204,131,43,61,0.705,11,17,0.647,97,0.74,37,0.282,3,0.023,7,0.053,8,0.061
144,203922,Glenn Robinson III,1610612765,DET,13,7,6,226.0,277,11,4,4,1.0,2,2,1.0,10,0.909,4,0.364,0,0.0,2,0.182,1,0.091
145,201609,Goran Dragic,1610612748,MIA,12,5,7,369.0,774,15,2,9,0.222,3,4,0.75,7,0.467,3,0.2,0,0.0,1,0.067,3,0.2
146,202330,Gordon Hayward,1610612738,BOS,16,8,8,432.0,709,38,12,17,0.706,4,4,1.0,28,0.737,16,0.421,3,0.079,3,0.079,2,0.053
147,203476,Gorgui Dieng,1610612750,MIN,17,7,10,225.0,447,51,16,25,0.64,10,12,0.833,42,0.824,16,0.314,2,0.039,2,0.039,8,0.157
148,1628960,Grayson Allen,1610612762,UTA,11,4,7,117.0,119,2,1,2,0.5,0,0,0.0,2,1.0,0,0.0,0,0.0,0,0.0,0,0.0
149,202328,Greg Monroe,1610612761,TOR,8,5,3,58.0,115,26,11,18,0.611,1,2,0.5,23,0.885,6,0.231,1,0.038,0,0.0,1,0.038
150,1627824,Guerschon Yabusele,1610612738,BOS,9,6,3,38.0,59,4,1,2,0.5,0,0,0.0,2,0.5,2,0.5,0,0.0,0,0.0,0,0.0
151,1628977,Hamidou Diallo,1610612760,OKC,15,9,6,216.0,188,30,9,22,0.409,1,2,0.5,19,0.633,3,0.1,0,0.0,1,0.033,2,0.067
152,203084,Harrison Barnes,1610612742,DAL,12,5,7,377.0,513,15,8,12,0.667,0,0,0.0,17,1.133,2,0.133,0,0.0,0,0.0,1,0.067
153,1628385,Harry Giles III,1610612758,SAC,13,6,7,131.0,241,34,14,25,0.56,0,0,0.0,28,0.824,4,0.118,1,0.029,3,0.088,0,0.0
154,202355,Hassan Whiteside,1610612748,MIA,15,5,10,421.0,585,149,59,102,0.578,16,28,0.571,136,0.913,17,0.114,2,0.013,3,0.02,14,0.094
155,1627740,Henry Ellenson,1610612765,DET,1,0,1,8.0,19,0,0,0,0.0,0,0,0.0,0,0.0,0,0.0,0,0.0,0,0.0,0,0.0
156,203546,Ian Clark,1610612740,NOP,16,9,7,269.0,430,11,3,9,0.333,2,2,1.0,8,0.727,1,0.091,1,0.091,0,0.0,1,0.091
157,101133,Ian Mahinmi,1610612764,WAS,11,4,7,161.0,221,42,8,18,0.444,16,21,0.762,31,0.738,7,0.167,1,0.024,2,0.048,10,0.238
158,1628387,Ike Anigbogu,1610612754,IND,1,1,0,3.0,6,0,0,0,0.0,0,0,0.0,0,0.0,0,0.0,0,0.0,0,0.0,0,0.0
159,202697,Iman Shumpert,1610612758,SAC,15,7,8,378.0,483,8,3,4,0.75,0,0,0.0,6,0.75,2,0.25,1,0.125,1,0.125,1,0.125
160,1628515,Isaiah Briscoe,1610612753,ORL,7,3,4,52.0,83,0,0,0,0.0,0,0,0.0,0,0.0,0,0.0,0,0.0,0,0.0,0,0.0
161,203477,Isaiah Canaan,1610612756,PHX,15,3,12,419.0,880,4,1,2,0.5,0,0,0.0,2,0.5,1,0.25,0,0.0,1,0.25,0,0.0
162,1628392,Isaiah Hartenstein,1610612745,HOU,14,7,7,127.0,175,41,9,21,0.429,5,6,0.833,24,0.585,14,0.341,4,0.098,2,0.049,2,0.049
163,202397,Ish Smith,1610612765,DET,14,8,6,366.0,809,6,0,1,0.0,0,0,0.0,0,0.0,4,0.667,0,0.0,0,0.0,0,0.0
164,1628397,Ivan Rabb,1610612763,MEM,8,6,2,53.0,105,12,5,6,0.833,0,0,0.0,10,0.833,5,0.417,0,0.0,0,0.0,0,0.0
165,1627826,Ivica Zubac,1610612747,LAL,5,3,2,40.0,56,15,4,7,0.571,0,0,0.0,9,0.6,6,0.4,0,0.0,0,0.0,1,0.067
166,200826,J.J. Barea,1610612742,DAL,15,7,8,282.0,846,5,2,2,1.0,0,0,0.0,4,0.8,3,0.6,1,0.2,0,0.0,0,0.0
167,200755,JJ Redick,1610612755,PHI,19,12,7,591.0,784,10,5,8,0.625,0,0,0.0,10,1.0,2,0.2,0,0.0,0,0.0,0,0.0
168,2747,JR Smith,1610612739,CLE,11,1,10,222.0,312,3,0,1,0.0,0,0,0.0,0,0.0,2,0.667,1,0.333,0,0.0,0,0.0
169,203210,JaMychal Green,1610612763,MEM,4,3,1,75.0,165,19,7,15,0.467,4,4,1.0,18,0.947,2,0.105,0,0.0,0,0.0,2,0.105
170,201580,JaVale McGee,1610612747,LAL,16,9,7,400.0,566,146,77,109,0.706,6,10,0.6,160,1.096,21,0.144,3,0.021,3,0.021,5,0.034
171,203953,Jabari Parker,1610612741,CHI,17,4,13,521.0,1239,45,11,18,0.611,5,6,0.833,27,0.6,16,0.356,2,0.044,2,0.044,3,0.067
172,1628980,Jacob Evans,1610612744,GSW,10,8,2,60.0,87,1,0,1,0.0,0,0,0.0,0,0.0,0,0.0,0,0.0,0,0.0,0,0.0
173,203109,Jae Crowder,1610612762,UTA,17,8,9,493.0,843,30,10,14,0.714,2,6,0.333,22,0.733,13,0.433,2,0.067,0,0.0,3,0.1
174,1626143,Jahlil Okafor,1610612740,NOP,8,4,4,59.0,96,19,8,13,0.615,0,0,0.0,17,0.895,3,0.158,0,0.0,2,0.105,0,0.0
175,1627774,Jake Layman,1610612757,POR,16,11,5,254.0,263,18,12,13,0.923,0,0,0.0,24,1.333,4,0.222,0,0.0,0,0.0,0,0.0
176,1627751,Jakob Poeltl,1610612759,SAS,12,4,8,135.0,226,48,11,22,0.5,1,4,0.25,23,0.479,18,0.375,4,0.083,2,0.042,3,0.063
177,1628973,Jalen Brunson,1610612742,DAL,15,6,9,208.0,360,9,2,4,0.5,0,0,0.0,4,0.444,4,0.444,0,0.0,0,0.0,0,0.0
178,2037,Jamal Crawford,1610612756,PHX,14,2,12,166.0,277,0,0,0,0.0,0,0,0.0,0,0.0,0,0.0,0,0.0,0,0.0,0,0.0
179,1627750,Jamal Murray,1610612743,DEN,17,10,7,560.0,1240,43,7,13,0.538,0,0,0.0,14,0.326,28,0.651,2,0.047,2,0.047,0,0.0
180,203516,James Ennis III,1610612745,HOU,12,8,4,292.0,240,20,6,12,0.5,0,0,0.0,13,0.65,7,0.35,1,0.05,0,0.0,0,0.0
181,201935,James Harden,1610612745,HOU,12,7,5,430.0,1017,8,1,3,0.333,3,3,1.0,5,0.625,4,0.5,2,0.25,0,0.0,1,0.125
182,201949,James Johnson,1610612748,MIA,1,0,1,15.0,26,0,0,0,0.0,0,0,0.0,0,0.0,0,0.0,0,0.0,0,0.0,0,0.0
183,203263,James Nunnally,1610612750,MIN,6,2,4,40.0,42,1,0,0,0.0,0,0,0.0,0,0.0,1,1.0,0,0.0,0,0.0,0,0.0
184,201162,Jared Dudley,1610612751,BKN,17,7,10,415.0,700,15,3,7,0.429,1,2,0.5,7,0.467,7,0.467,1,0.067,0,0.0,2,0.133
185,1629123,Jared Terrell,1610612750,MIN,1,0,1,21.0,38,0,0,0,0.0,0,0,0.0,0,0.0,0,0.0,0,0.0,0,0.0,0,0.0
186,1626185,Jarell Martin,1610612753,ORL,10,5,5,118.0,186,8,2,5,0.4,0,0,0.0,5,0.625,3,0.375,0,0.0,0,0.0,0,0.0
187,1628991,Jaren Jackson Jr.,1610612763,MEM,16,11,5,404.0,682,107,41,62,0.661,12,16,0.75,96,0.897,24,0.224,3,0.028,8,0.075,6,0.056
188,1628386,Jarrett Allen,1610612751,BKN,15,7,8,403.0,608,120,48,73,0.658,13,20,0.65,110,0.917,29,0.242,6,0.05,5,0.042,13,0.108
189,201160,Jason Smith,1610612764,WAS,10,3,7,111.0,219,19,8,11,0.727,0,0,0.0,17,0.895,8,0.421,2,0.105,0,0.0,0,0.0
190,1629121,Jaylen Adams,1610612737,ATL,4,1,3,13.0,6,0,0,0,0.0,0,0,0.0,0,0.0,0,0.0,0,0.0,0,0.0,0,0.0
191,1627759,Jaylen Brown,1610612738,BOS,16,8,8,455.0,472,35,8,19,0.421,0,0,0.0,17,0.486,13,0.371,0,0.0,1,0.029,0,0.0
192,1628537,Jaylen Morris,1610612749,MIL,1,1,0,3.0,4,0,0,0,0.0,0,0,0.0,0,0.0,0,0.0,0,0.0,0,0.0,0,0.0
193,1628369,Jayson Tatum,1610612738,BOS,17,9,8,547.0,771,42,6,16,0.375,2,2,1.0,14,0.333,19,0.452,2,0.048,2,0.048,3,0.071
194,201145,Jeff Green,1610612764,WAS,16,5,11,392.0,548,52,27,37,0.73,6,6,1.0,62,1.192,10,0.192,0,0.0,1,0.019,4,0.077
195,201952,Jeff Teague,1610612750,MIN,11,6,5,350.0,762,9,2,4,0.5,0,0,0.0,4,0.444,3,0.333,1,0.111,0,0.0,1,0.111
196,203924,Jerami Grant,1610612760,OKC,16,10,6,476.0,726,47,18,23,0.783,7,8,0.875,46,0.979,14,0.298,5,0.106,4,0.085,5,0.106
197,203087,Jeremy Lamb,1610612766,CHA,16,8,8,416.0,544,23,9,15,0.6,2,4,0.5,20,0.87,5,0.217,0,0.0,0,0.0,2,0.087
198,202391,Jeremy Lin,1610612737,ATL,17,3,14,301.0,690,3,0,2,0.0,0,0,0.0,0,0.0,0,0.0,0,0.0,1,0.333,0,0.0
199,1626170,Jerian Grant,1610612753,ORL,17,9,8,327.0,621,3,0,0,0.0,0,0,0.0,0,0.0,3,1.0,0,0.0,0,0.0,0,0.0
200,1629010,Jerome Robinson,1610612746,LAC,8,5,3,40.0,43,0,0,0,0.0,0,0,0.0,0,0.0,0,0.0,0,0.0,0,0.0,0,0.0
201,202710,Jimmy Butler,1610612755,PHI,14,6,8,501.0,807,47,20,25,0.8,1,2,0.5,42,0.894,17,0.362,3,0.064,3,0.064,1,0.021
202,203925,Joe Harris,1610612751,BKN,17,7,10,494.0,647,20,7,11,0.636,0,0,0.0,14,0.7,5,0.25,2,0.1,0,0.0,0,0.0
203,204060,Joe Ingles,1610612762,UTA,17,8,9,558.0,915,14,0,0,0.0,0,0,0.0,0,0.0,10,0.714,1,0.071,4,0.286,0,0.0
204,203954,Joel Embiid,1610612755,PHI,19,12,7,664.0,1478,133,37,74,0.5,13,17,0.765,86,0.647,33,0.248,5,0.038,4,0.03,8,0.06
205,1628381,John Collins,1610612737,ATL,2,0,2,33.0,51,11,4,4,1.0,5,6,0.833,13,1.182,2,0.182,1,0.091,1,0.091,3,0.273
206,203089,John Henson,1610612749,MIL,14,10,4,188.0,286,41,16,24,0.667,1,2,0.5,34,0.829,12,0.293,1,0.024,2,0.049,1,0.024
207,204066,John Holland,1610612739,CLE,1,0,1,1.0,2,0,0,0,0.0,0,0,0.0,0,0.0,0,0.0,0,0.0,0,0.0,0,0.0
208,202322,John Wall,1610612764,WAS,16,5,11,557.0,1333,8,2,6,0.333,1,2,0.5,5,0.625,0,0.0,0,0.0,0,0.0,1,0.125
209,1629140,Johnathan Williams,1610612747,LAL,6,3,3,85.0,111,24,9,13,0.692,2,4,0.5,20,0.833,7,0.292,2,0.083,1,0.042,2,0.083
210,202720,Jon Leuer,1610612765,DET,6,3,3,46.0,67,13,7,9,0.778,2,2,1.0,16,1.231,2,0.154,0,0.0,1,0.077,0,0.0
211,1628413,Jonah Bolden,1610612755,PHI,6,3,3,40.0,49,1,1,1,1.0,0,0,0.0,2,2.0,0,0.0,0,0.0,0,0.0,0,0.0
212,201973,Jonas Jerebko,1610612744,GSW,18,12,6,332.0,582,38,13,16,0.813,4,4,1.0,30,0.789,16,0.421,1,0.026,1,0.026,3,0.079
213,202685,Jonas Valanciunas,1610612761,TOR,17,13,4,324.0,600,91,38,64,0.594,8,8,1.0,85,0.934,13,0.143,5,0.055,6,0.066,8,0.088
214,1628371,Jonathan Isaac,1610612753,ORL,11,5,6,233.0,401,24,10,17,0.588,3,4,0.75,23,0.958,4,0.167,0,0.0,0,0.0,2,0.083
215,203613,Jonathon Simmons,1610612753,ORL,15,9,6,340.0,444,16,4,9,0.444,2,2,1.0,11,0.688,5,0.313,3,0.188,1,0.063,1,0.063
216,1628395,Jordan Bell,1610612744,GSW,17,11,6,197.0,354,24,6,9,0.667,0,0,0.0,12,0.5,13,0.542,2,0.083,2,0.083,0,0.0
217,203903,Jordan Clarkson,1610612739,CLE,15,2,13,365.0,562,18,6,10,0.6,3,3,1.0,15,0.833,4,0.222,0,0.0,3,0.167,1,0.056
218,1628070,Jordan Loyd,1610612761,TOR,2,1,1,14.0,22,1,0,0,0.0,0,0,0.0,0,0.0,1,1.0,0,0.0,0,0.0,0,0.0
219,203895,Jordan McRae,1610612764,WAS,4,1,3,22.0,25,0,0,0,0.0,0,0,0.0,0,0.0,0,0.0,0,0.0,0,0.0,0,0.0
220,101181,Jose Calderon,1610612765,DET,11,5,6,125.0,206,2,0,0,0.0,0,0,0.0,0,0.0,2,1.0,0,0.0,0,0.0,0,0.0
221,1628404,Josh Hart,1610612747,LAL,16,9,7,422.0,525,9,2,5,0.4,0,0,0.0,4,0.444,3,0.333,0,0.0,0,0.0,0,0.0
222,1628367,Josh Jackson,1610612756,PHX,16,3,13,276.0,443,6,3,4,0.75,0,0,0.0,6,1.0,0,0.0,0,0.0,0,0.0,0,0.0
223,1629006,Josh Okogie,1610612750,MIN,14,6,8,327.0,304,13,3,8,0.375,0,0,0.0,6,0.462,4,0.308,1,0.077,1,0.077,0,0.0
224,1626196,Josh Richardson,1610612748,MIA,16,6,10,556.0,1150,18,2,4,0.5,0,0,0.0,4,0.222,13,0.722,0,0.0,0,0.0,0,0.0
225,201950,Jrue Holiday,1610612740,NOP,17,10,7,611.0,1438,26,9,15,0.6,0,0,0.0,18,0.692,8,0.308,1,0.038,2,0.077,0,0.0
226,1627823,Juancho Hernangomez,1610612743,DEN,16,9,7,376.0,421,47,12,20,0.6,1,4,0.25,27,0.574,20,0.426,1,0.021,1,0.021,1,0.021
227,203944,Julius Randle,1610612740,NOP,17,10,7,435.0,883,89,41,61,0.672,10,13,0.769,92,1.034,11,0.124,3,0.034,5,0.056,8,0.09
228,1626147,Justin Anderson,1610612737,ATL,1,0,1,3.0,0,0,0,0,0.0,0,0,0.0,0,0.0,0,0.0,0,0.0,0,0.0,0,0.0
229,203200,Justin Holiday,1610612741,CHI,17,4,13,594.0,613,18,3,5,0.6,0,0,0.0,6,0.333,9,0.5,4,0.222,0,0.0,1,0.056
230,1628382,Justin Jackson,1610612758,SAC,16,9,7,341.0,430,11,6,8,0.75,1,2,0.5,13,1.182,1,0.091,1,0.091,1,0.091,1,0.091
231,1626159,Justise Winslow,1610612748,MIA,12,4,8,337.0,726,16,2,7,0.286,0,0,0.0,4,0.25,9,0.563,2,0.125,0,0.0,1,0.063
232,203994,Jusuf Nurkic,1610612757,POR,16,11,5,413.0,851,124,48,84,0.571,13,16,0.813,110,0.887,16,0.129,2,0.016,9,0.073,13,0.105
233,1626157,Karl-Anthony Towns,1610612750,MIN,17,7,10,577.0,1215,98,32,60,0.533,9,11,0.818,74,0.755,20,0.204,4,0.041,9,0.092,7,0.071
234,202695,Kawhi Leonard,1610612761,TOR,12,9,3,403.0,593,26,8,12,0.667,5,6,0.833,22,0.846,7,0.269,3,0.115,3,0.115,3,0.115
235,1628966,Keita Bates-Diop,1610612750,MIN,2,0,2,18.0,11,0,0,0,0.0,0,0,0.0,0,0.0,0,0.0,0,0.0,0,0.0,0,0.0
236,203482,Kelly Olynyk,1610612748,MIA,16,6,10,289.0,614,26,6,9,0.667,0,0,0.0,12,0.462,10,0.385,3,0.115,0,0.0,1,0.038
237,1626162,Kelly Oubre Jr.,1610612764,WAS,16,5,11,412.0,532,22,8,12,0.667,6,8,0.75,23,1.045,5,0.227,0,0.0,0,0.0,4,0.182
238,202689,Kemba Walker,1610612766,CHA,16,8,8,564.0,1324,6,1,3,0.333,0,0,0.0,2,0.333,3,0.5,0,0.0,0,0.0,0,0.0
239,202702,Kenneth Faried,1610612751,BKN,6,2,4,35.0,35,7,6,7,0.857,0,0,0.0,12,1.714,0,0.0,0,0.0,0,0.0,0,0.0
240,1629026,Kenrich Williams,1610612740,NOP,5,3,2,27.0,27,0,0,0,0.0,0,0,0.0,0,0.0,0,0.0,0,0.0,0,0.0,0,0.0
241,203145,Kent Bazemore,1610612737,ATL,17,3,14,476.0,708,9,7,8,0.875,0,0,0.0,14,1.556,1,0.111,0,0.0,0,0.0,0,0.0
242,203484,Kentavious Caldwell-Pope,1610612747,LAL,16,9,7,315.0,434,15,6,9,0.667,2,2,1.0,15,1.0,5,0.333,1,0.067,0,0.0,1,0.067
243,201142,Kevin Durant,1610612744,GSW,18,12,6,626.0,1276,25,12,17,0.706,2,2,1.0,26,1.04,4,0.16,0,0.0,2,0.08,0,0.0
244,1628989,Kevin Huerter,1610612737,ATL,16,3,13,298.0,302,16,6,9,0.667,0,0,0.0,12,0.75,7,0.438,2,0.125,0,0.0,1,0.063
245,1628995,Kevin Knox,1610612752,NYK,10,2,8,193.0,240,11,5,8,0.625,2,2,1.0,12,1.091,2,0.182,1,0.091,0,0.0,1,0.091
246,201567,Kevin Love,1610612739,CLE,4,0,4,136.0,275,24,8,15,0.533,4,4,1.0,20,0.833,5,0.208,2,0.083,0,0.0,2,0.083
247,1626172,Kevon Looney,1610612744,GSW,18,12,6,331.0,494,83,28,42,0.667,11,14,0.786,67,0.807,26,0.313,5,0.06,6,0.072,8,0.096
248,203920,Khem Birch,1610612753,ORL,6,2,4,34.0,33,4,1,1,1.0,0,0,0.0,2,0.5,3,0.75,1,0.25,0,0.0,0,0.0
249,203114,Khris Middleton,1610612749,MIL,16,12,4,500.0,857,28,8,16,0.5,2,2,1.0,18,0.643,10,0.357,2,0.071,0,0.0,1,0.036
250,1629017,Khyri Thomas,1610612765,DET,2,2,0,11.0,18,0,0,0,0.0,0,0,0.0,0,0.0,0,0.0,0,0.0,0,0.0,0,0.0
251,202691,Klay Thompson,1610612744,GSW,18,12,6,614.0,846,27,16,20,0.8,3,4,0.75,36,1.333,2,0.074,0,0.0,2,0.074,3,0.111
252,201585,Kosta Koufos,1610612758,SAC,7,4,3,98.0,166,20,9,13,0.692,0,0,0.0,18,0.9,6,0.3,1,0.05,0,0.0,0,0.0
253,1627739,Kris Dunn,1610612741,CHI,1,0,1,30.0,67,0,0,0,0.0,0,0,0.0,0,0.0,0,0.0,0,0.0,0,0.0,0,0.0
254,203937,Kyle Anderson,1610612763,MEM,16,11,5,462.0,687,49,14,26,0.538,7,12,0.583,35,0.714,13,0.265,3,0.061,2,0.041,7,0.143
255,2594,Kyle Korver,1610612739,CLE,12,1,11,187.0,213,4,1,1,1.0,0,0,0.0,2,0.5,1,0.25,0,0.0,1,0.25,1,0.25
256,1628398,Kyle Kuzma,1610612747,LAL,16,9,7,486.0,685,49,23,37,0.622,5,6,0.833,51,1.041,5,0.102,1,0.02,2,0.041,5,0.102
257,200768,Kyle Lowry,1610612761,TOR,17,13,4,578.0,1229,26,5,7,0.714,3,4,0.75,13,0.5,11,0.423,4,0.154,2,0.077,2,0.077
258,203124,Kyle O'Quinn,1610612754,IND,10,6,4,55.0,126,14,4,8,0.5,4,4,1.0,12,0.857,4,0.286,2,0.143,0,0.0,2,0.143
259,202681,Kyrie Irving,1610612738,BOS,16,9,7,522.0,1186,43,7,16,0.438,1,2,0.5,16,0.372,24,0.558,0,0.0,0,0.0,0,0.0
260,200746,LaMarcus Aldridge,1610612759,SAS,16,8,8,562.0,978,139,44,81,0.543,22,26,0.846,112,0.806,30,0.216,3,0.022,6,0.043,13,0.094
261,202362,Lance Stephenson,1610612747,LAL,16,9,7,264.0,433,13,6,8,0.75,1,2,0.5,13,1.0,4,0.308,0,0.0,0,0.0,1,0.077
262,202498,Lance Thomas,1610612752,NYK,11,3,8,167.0,274,10,2,4,0.5,0,0,0.0,4,0.4,4,0.4,0,0.0,1,0.1,1,0.1
263,1629013,Landry Shamet,1610612755,PHI,19,12,7,398.0,390,10,4,7,0.571,0,0,0.0,8,0.8,2,0.2,0,0.0,0,0.0,0,0.0
264,204038,Langston Galloway,1610612765,DET,13,8,5,323.0,371,8,1,1,1.0,0,0,0.0,2,0.25,6,0.75,0,0.0,1,0.125,0,0.0
265,1626204,Larry Nance Jr.,1610612739,CLE,13,2,11,287.0,510,71,20,34,0.588,4,6,0.667,46,0.648,25,0.352,6,0.085,5,0.07,3,0.042
266,2544,LeBron James,1610612747,LAL,16,9,7,555.0,1259,44,23,32,0.719,2,2,1.0,48,1.091,8,0.182,1,0.023,1,0.023,3,0.068
267,1628366,Lonzo Ball,1610612747,LAL,16,9,7,416.0,834,29,9,10,0.9,1,1,1.0,19,0.655,16,0.552,2,0.069,1,0.034,1,0.034
268,203485,Lorenzo Brown,1610612761,TOR,11,9,2,99.0,201,3,3,3,1.0,0,0,0.0,6,2.0,0,0.0,0,0.0,0,0.0,0,0.0
269,101150,Lou Williams,1610612746,LAC,16,11,5,428.0,809,19,1,4,0.25,1,2,0.5,3,0.158,13,0.684,0,0.0,0,0.0,2,0.105
270,201601,Luc Mbah a Moute,1610612746,LAC,4,2,2,61.0,63,3,2,3,0.667,0,0,0.0,4,1.333,0,0.0,0,0.0,0,0.0,0,0.0
271,1629029,Luka Doncic,1610612742,DAL,16,7,9,542.0,1085,31,9,10,0.9,0,0,0.0,18,0.581,17,0.548,6,0.194,2,0.065,0,0.0
272,1628379,Luke Kennard,1610612765,DET,3,3,0,43.0,46,1,1,1,1.0,0,0,0.0,2,2.0,0,0.0,0,0.0,0,0.0,0,0.0
273,1628436,Luke Kornet,1610612752,NYK,4,1,3,13.0,10,0,0,0,0.0,0,0,0.0,0,0.0,0,0.0,0,0.0,0,0.0,0,0.0
274,2736,Luol Deng,1610612750,MIN,2,0,2,19.0,34,4,1,2,0.5,0,0,0.0,2,0.5,2,0.5,0,0.0,0,0.0,0,0.0
275,1627781,Malachi Richardson,1610612761,TOR,10,7,3,64.0,81,1,0,1,0.0,0,0,0.0,0,0.0,0,0.0,0,0.0,0,0.0,1,1.0
276,1627763,Malcolm Brogdon,1610612749,MIL,16,12,4,480.0,849,37,6,9,0.667,0,0,0.0,12,0.324,25,0.676,2,0.054,1,0.027,0,0.0
277,1627736,Malik Beasley,1610612743,DEN,17,10,7,304.0,315,8,3,3,1.0,0,0,0.0,6,0.75,5,0.625,0,0.0,0,0.0,0,0.0
278,1628370,Malik Monk,1610612766,CHA,16,8,8,344.0,488,10,5,6,0.833,0,0,0.0,11,1.1,4,0.4,0,0.0,0,0.0,0,0.0
279,202705,MarShon Brooks,1610612763,MEM,15,10,5,211.0,355,12,6,7,0.857,2,2,1.0,14,1.167,2,0.167,0,0.0,1,0.083,1,0.083
280,201188,Marc Gasol,1610612763,MEM,16,11,5,550.0,1359,98,24,48,0.5,9,10,0.9,60,0.612,31,0.316,4,0.041,4,0.041,7,0.071
281,101162,Marcin Gortat,1610612746,LAC,13,9,4,226.0,481,56,17,34,0.5,9,10,0.9,43,0.768,15,0.268,0,0.0,0,0.0,4,0.071
282,201158,Marco Belinelli,1610612759,SAS,16,8,8,364.0,537,23,9,17,0.529,2,2,1.0,20,0.87,4,0.174,0,0.0,0,0.0,0,0.0
283,1629094,Marcus Derrickson,1610612744,GSW,2,1,1,8.0,10,0,0,0,0.0,0,0,0.0,0,0.0,0,0.0,0,0.0,0,0.0,0,0.0
284,202694,Marcus Morris,1610612738,BOS,16,8,8,413.0,627,20,5,8,0.625,1,2,0.5,11,0.55,6,0.3,0,0.0,2,0.1,2,0.1
285,203935,Marcus Smart,1610612738,BOS,17,9,8,396.0,593,33,2,5,0.4,4,6,0.667,8,0.242,22,0.667,2,0.061,0,0.0,3,0.091
286,1626209,Mario Hezonja,1610612752,NYK,15,4,11,297.0,495,17,9,13,0.692,1,2,0.5,19,1.118,1,0.059,0,0.0,1,0.059,1,0.059
287,1628365,Markelle Fultz,1610612755,PHI,19,12,7,427.0,863,41,8,16,0.5,1,2,0.5,17,0.415,19,0.463,7,0.171,2,0.049,1,0.024
288,202693,Markieff Morris,1610612764,WAS,15,5,10,377.0,476,32,9,13,0.692,7,8,0.875,25,0.781,10,0.313,4,0.125,2,0.063,4,0.125
289,1627737,Marquese Chriss,1610612745,HOU,5,3,2,24.0,37,4,2,3,0.667,0,0,0.0,4,1.0,1,0.25,1,0.25,0,0.0,0,0.0
290,1628963,Marvin Bagley III,1610612758,SAC,17,9,8,388.0,567,77,35,53,0.66,10,12,0.833,81,1.052,6,0.078,1,0.013,4,0.052,6,0.078
291,101107,Marvin Williams,1610612766,CHA,16,8,8,380.0,525,18,7,12,0.583,0,2,0.0,14,0.778,3,0.167,2,0.111,2,0.111,0,0.0
292,203486,Mason Plumlee,1610612743,DEN,17,10,7,281.0,534,66,22,30,0.733,2,4,0.5,46,0.697,28,0.424,0,0.0,2,0.03,3,0.045
293,203521,Matthew Dellavedova,1610612749,MIL,7,7,0,43.0,95,1,0,0,0.0,0,0,0.0,0,0.0,0,0.0,0,0.0,1,1.0,0,0.0
294,203090,Maurice Harkless,1610612757,POR,5,3,2,88.0,125,9,3,4,0.75,0,0,0.0,6,0.667,4,0.444,0,0.0,0,0.0,0,0.0
295,1628467,Maxi Kleber,1610612742,DAL,16,7,9,295.0,411,27,10,15,0.667,1,2,0.5,22,0.815,6,0.222,0,0.0,2,0.074,1,0.037
296,1628982,Melvin Frazier Jr.,1610612753,ORL,2,1,1,11.0,7,0,0,0,0.0,0,0,0.0,0,0.0,0,0.0,0,0.0,0,0.0,0,0.0
297,203086,Meyers Leonard,1610612757,POR,13,9,4,139.0,233,27,10,17,0.588,2,2,1.0,25,0.926,5,0.185,0,0.0,3,0.111,2,0.074
298,201563,Michael Beasley,1610612747,LAL,4,1,3,20.0,35,4,2,3,0.667,0,0,0.0,4,1.0,1,0.25,0,0.0,0,0.0,0,0.0
299,203487,Michael Carter-Williams,1610612745,HOU,9,4,5,102.0,213,4,1,1,1.0,0,2,0.0,2,0.5,2,0.5,1,0.25,0,0.0,1,0.25
300,203077,Michael Kidd-Gilchrist,1610612766,CHA,13,7,6,265.0,396,48,17,28,0.607,10,12,0.833,45,0.938,14,0.292,4,0.083,0,0.0,7,0.146
301,1628969,Mikal Bridges,1610612756,PHX,16,3,13,318.0,341,6,3,5,0.6,1,2,0.5,7,1.167,0,0.0,0,0.0,0,0.0,1,0.167
302,201144,Mike Conley,1610612763,MEM,16,11,5,534.0,1285,17,4,8,0.5,2,2,1.0,10,0.588,5,0.294,1,0.059,0,0.0,0,0.0
303,203488,Mike Muscala,1610612755,PHI,13,8,5,310.0,591,22,7,9,0.778,2,2,1.0,16,0.727,8,0.364,4,0.182,1,0.045,1,0.045
304,203118,Mike Scott,1610612746,LAC,16,11,5,243.0,349,9,6,8,0.75,0,0,0.0,12,1.333,0,0.0,0,0.0,1,0.111,0,0.0
305,1628970,Miles Bridges,1610612766,CHA,15,7,8,312.0,359,28,18,21,0.857,1,2,0.5,37,1.321,4,0.143,2,0.071,2,0.071,1,0.036
306,203101,Miles Plumlee,1610612737,ATL,10,0,10,116.0,224,50,21,29,0.724,3,8,0.375,47,0.94,16,0.32,2,0.04,1,0.02,4,0.08
307,1628462,Milos Teodosic,1610612746,LAC,8,5,3,82.0,166,2,1,1,1.0,0,0,0.0,2,1.0,1,0.5,0,0.0,0,0.0,0,0.0
308,1629011,Mitchell Robinson,1610612752,NYK,15,4,11,273.0,216,68,26,45,0.578,2,2,1.0,54,0.794,15,0.221,0,0.0,4,0.059,3,0.044
309,1628964,Mo Bamba,1610612753,ORL,17,9,8,301.0,483,62,28,40,0.7,3,4,0.75,59,0.952,12,0.194,1,0.016,2,0.032,3,0.048
310,1628420,Monte Morris,1610612743,DEN,17,10,7,406.0,861,29,2,5,0.4,0,0,0.0,4,0.138,22,0.759,3,0.103,1,0.034,0,0.0
311,1626149,Montrezl Harrell,1610612746,LAC,16,11,5,389.0,685,134,59,88,0.67,10,14,0.714,132,0.985,23,0.172,3,0.022,4,0.03,11,0.082
312,1629021,Moritz Wagner,1610612747,LAL,1,0,1,2.0,2,0,0,0,0.0,0,0,0.0,0,0.0,0,0.0,0,0.0,0,0.0,0,0.0
313,1626167,Myles Turner,1610612754,IND,17,11,6,452.0,758,58,18,32,0.563,7,8,0.875,45,0.776,15,0.259,6,0.103,2,0.034,8,0.138
314,1628513,Naz Mitrou-Long,1610612762,UTA,1,0,1,4.0,3,0,0,0,0.0,0,0,0.0,0,0.0,0,0.0,0,0.0,0,0.0,0,0.0
315,202357,Nemanja Bjelica,1610612758,SAC,17,9,8,429.0,750,34,15,24,0.625,0,0,0.0,30,0.882,5,0.147,0,0.0,2,0.059,1,0.029
316,203457,Nerlens Noel,1610612760,OKC,15,10,5,208.0,302,60,23,39,0.59,2,4,0.5,48,0.8,16,0.267,1,0.017,1,0.017,4,0.067
317,201587,Nicolas Batum,1610612766,CHA,16,8,8,500.0,729,26,8,14,0.571,1,2,0.5,17,0.654,9,0.346,1,0.038,1,0.038,1,0.038
318,203917,Nik Stauskas,1610612757,POR,16,11,5,290.0,361,8,4,5,0.8,0,0,0.0,8,1.0,3,0.375,0,0.0,0,0.0,0,0.0
319,203999,Nikola Jokic,1610612743,DEN,17,10,7,506.0,1364,87,29,41,0.707,1,2,0.5,62,0.713,31,0.356,3,0.034,5,0.057,4,0.046
320,202703,Nikola Mirotic,1610612740,NOP,15,8,7,468.0,881,64,31,47,0.66,4,4,1.0,67,1.047,11,0.172,0,0.0,3,0.047,3,0.047
321,202696,Nikola Vucevic,1610612753,ORL,17,9,8,518.0,1191,152,67,104,0.644,8,8,1.0,146,0.961,32,0.211,7,0.046,6,0.039,4,0.026
322,203943,Noah Vonleh,1610612752,NYK,17,4,13,394.0,772,60,16,30,0.533,11,15,0.733,43,0.717,17,0.283,2,0.033,4,0.067,8,0.133
323,1626181,Norman Powell,1610612761,TOR,11,10,1,164.0,206,5,3,5,0.6,0,0,0.0,6,1.2,0,0.0,0,0.0,0,0.0,0,0.0
324,1628384,OG Anunoby,1610612761,TOR,13,10,3,297.0,295,17,7,12,0.583,0,0,0.0,14,0.824,5,0.294,1,0.059,0,0.0,0,0.0
325,1629016,Omari Spellman,1610612737,ATL,16,3,13,314.0,623,49,14,30,0.467,3,4,0.75,32,0.653,11,0.224,0,0.0,0,0.0,3,0.061
326,201956,Omri Casspi,1610612763,MEM,10,8,2,109.0,233,15,4,8,0.5,3,6,0.5,11,0.733,2,0.133,0,0.0,0,0.0,2,0.133
327,203490,Otto Porter Jr.,1610612764,WAS,15,4,11,420.0,524,27,14,21,0.667,2,2,1.0,30,1.111,5,0.185,0,0.0,0,0.0,1,0.037
328,200782,PJ Tucker,1610612745,HOU,15,8,7,533.0,542,24,4,9,0.444,0,0,0.0,8,0.333,14,0.583,4,0.167,0,0.0,0,0.0
329,1627783,Pascal Siakam,1610612761,TOR,17,13,4,489.0,722,59,27,36,0.75,4,4,1.0,59,1.0,19,0.322,2,0.034,1,0.017,1,0.017
330,1626192,Pat Connaughton,1610612749,MIL,13,9,4,223.0,336,35,11,18,0.611,4,4,1.0,26,0.743,13,0.371,1,0.029,0,0.0,2,0.057
331,201976,Patrick Beverley,1610612746,LAC,16,11,5,422.0,784,17,2,5,0.4,0,0,0.0,4,0.235,11,0.647,2,0.118,1,0.059,1,0.059
332,202335,Patrick Patterson,1610612760,OKC,16,10,6,270.0,394,24,6,18,0.333,4,6,0.667,17,0.708,0,0.0,0,0.0,1,0.042,4,0.167
333,201988,Patty Mills,1610612759,SAS,16,8,8,419.0,827,8,3,7,0.429,0,0,0.0,6,0.75,0,0.0,0,0.0,1,0.125,0,0.0
334,2200,Pau Gasol,1610612759,SAS,9,6,3,157.0,409,23,6,8,0.75,5,6,0.833,17,0.739,9,0.391,2,0.087,1,0.043,2,0.087
335,202331,Paul George,1610612760,OKC,16,10,6,568.0,910,31,5,11,0.455,4,4,1.0,14,0.452,13,0.419,4,0.129,3,0.097,2,0.065
336,200794,Paul Millsap,1610612743,DEN,17,10,7,449.0,651,89,22,43,0.512,5,8,0.625,49,0.551,39,0.438,1,0.011,1,0.011,3,0.034
337,202347,Quincy Pondexter,1610612759,SAS,13,5,8,87.0,110,7,3,5,0.6,0,0,0.0,6,0.857,2,0.286,0,0.0,0,0.0,0,0.0
338,1626188,Quinn Cook,1610612744,GSW,15,9,6,270.0,654,5,1,4,0.25,0,0,0.0,2,0.4,0,0.0,0,0.0,0,0.0,0,0.0
339,200765,Rajon Rondo,1610612747,LAL,11,6,5,278.0,668,21,5,8,0.625,0,0,0.0,10,0.476,11,0.524,1,0.048,2,0.095,0,0.0
340,203526,Raul Neto,1610612762,UTA,1,0,1,9.0,9,0,0,0,0.0,0,0,0.0,0,0.0,0,0.0,0,0.0,0,0.0,0,0.0
341,1629034,Ray Spalding,1610612742,DAL,1,0,1,1.0,1,0,0,0,0.0,0,0,0.0,0,0.0,0,0.0,0,0.0,0,0.0,0,0.0
342,101109,Raymond Felton,1610612760,OKC,10,6,4,125.0,290,2,0,0,0.0,0,0,0.0,0,0.0,2,1.0,0,0.0,0,0.0,0,0.0
343,203493,Reggie Bullock,1610612765,DET,11,7,4,307.0,419,15,2,8,0.25,2,2,1.0,6,0.4,5,0.333,1,0.067,1,0.067,2,0.133
344,202704,Reggie Jackson,1610612765,DET,14,8,6,407.0,954,7,3,4,0.75,0,0,0.0,7,1.0,3,0.429,0,0.0,0,0.0,0,0.0
345,1626158,Richaun Holmes,1610612756,PHX,15,2,13,165.0,178,37,14,21,0.667,2,6,0.333,30,0.811,8,0.216,1,0.027,4,0.108,1,0.027
346,201937,Ricky Rubio,1610612762,UTA,17,8,9,508.0,1178,18,1,1,1.0,0,0,0.0,2,0.111,13,0.722,0,0.0,1,0.056,0,0.0
347,203496,Robert Covington,1610612750,MIN,16,10,6,542.0,572,20,5,10,0.5,0,0,0.0,10,0.5,6,0.3,1,0.05,0,0.0,0,0.0
348,1629057,Robert Williams III,1610612738,BOS,5,3,2,15.0,24,5,2,2,1.0,0,0,0.0,4,0.8,2,0.4,0,0.0,0,0.0,0,0.0
349,201577,Robin Lopez,1610612741,CHI,11,2,9,173.0,167,32,7,13,0.538,1,2,0.5,15,0.469,13,0.406,1,0.031,4,0.125,1,0.031
350,1629066,Rodions Kurucs,1610612751,BKN,7,3,4,82.0,103,9,3,6,0.5,0,0,0.0,6,0.667,2,0.222,0,0.0,1,0.111,0,0.0
351,203918,Rodney Hood,1610612739,CLE,15,2,13,402.0,542,12,5,6,0.833,4,4,1.0,14,1.167,4,0.333,0,0.0,0,0.0,3,0.25
352,203585,Rodney McGruder,1610612748,MIA,16,6,10,534.0,741,31,8,15,0.533,0,0,0.0,19,0.613,14,0.452,3,0.097,0,0.0,0,0.0
353,1627758,Ron Baker,1610612752,NYK,9,2,7,92.0,152,5,1,1,1.0,1,2,0.5,3,0.6,3,0.6,2,0.4,0,0.0,1,0.2
354,1626178,Rondae Hollis-Jefferson,1610612751,BKN,13,5,8,265.0,526,46,16,27,0.593,0,0,0.0,32,0.696,10,0.217,3,0.065,3,0.065,4,0.087
355,1626220,Royce O'Neale,1610612762,UTA,17,8,9,250.0,291,18,4,6,0.667,0,0,0.0,8,0.444,10,0.556,1,0.056,2,0.111,1,0.056
356,200752,Rudy Gay,1610612759,SAS,12,7,5,326.0,548,18,8,12,0.667,0,0,0.0,17,0.944,4,0.222,0,0.0,0,0.0,0,0.0
357,203497,Rudy Gobert,1610612762,UTA,17,8,9,549.0,860,190,77,110,0.7,18,34,0.529,177,0.932,45,0.237,5,0.026,8,0.042,19,0.1
358,201566,Russell Westbrook,1610612760,OKC,8,5,3,257.0,669,17,8,10,0.8,0,0,0.0,19,1.118,4,0.235,1,0.059,2,0.118,0,0.0
359,201583,Ryan Anderson,1610612756,PHX,12,3,9,244.0,508,11,2,5,0.4,0,0,0.0,5,0.455,4,0.364,1,0.091,0,0.0,0,0.0
360,1627853,Ryan Arcidiacono,1610612741,CHI,16,4,12,424.0,728,7,1,1,1.0,1,2,0.5,3,0.429,4,0.571,1,0.143,1,0.143,1,0.143
361,1629151,Ryan Broekhoff,1610612742,DAL,8,4,4,25.0,19,0,0,0,0.0,0,0,0.0,0,0.0,0,0.0,0,0.0,0,0.0,0,0.0
362,1626257,Salah Mejri,1610612742,DAL,3,2,1,12.0,23,1,1,1,1.0,0,0,0.0,2,2.0,0,0.0,0,0.0,0,0.0,0,0.0
363,1626155,Sam Dekker,1610612739,CLE,9,1,8,169.0,272,15,6,10,0.6,1,2,0.5,13,0.867,4,0.267,1,0.067,0,0.0,1,0.067
364,1628400,Semi Ojeleye,1610612738,BOS,11,7,4,99.0,92,5,4,4,1.0,0,0,0.0,8,1.6,1,0.2,0,0.0,0,0.0,0,0.0
365,201586,Serge Ibaka,1610612761,TOR,16,13,3,429.0,644,105,49,67,0.731,11,14,0.786,110,1.048,21,0.2,3,0.029,6,0.057,9,0.086
366,203552,Seth Curry,1610612757,POR,14,10,4,239.0,289,1,0,0,0.0,0,0,0.0,0,0.0,1,1.0,0,0.0,0,0.0,0,0.0
367,203894,Shabazz Napier,1610612751,BKN,13,5,8,198.0,386,6,2,4,0.5,0,0,0.0,4,0.667,1,0.167,0,0.0,0,0.0,0,0.0
368,1628983,Shai Gilgeous-Alexander,1610612746,LAC,16,11,5,438.0,862,8,2,4,0.5,0,0,0.0,4,0.5,1,0.125,0,0.0,1,0.125,1,0.125
369,1627885,Shaquille Harrison,1610612741,CHI,8,2,6,136.0,337,8,2,4,0.5,0,2,0.0,4,0.5,3,0.375,2,0.25,0,0.0,1,0.125
370,2733,Shaun Livingston,1610612744,GSW,9,5,4,144.0,273,17,6,9,0.667,2,2,1.0,14,0.824,5,0.294,0,0.0,1,0.059,1,0.059
371,202714,Shelvin Mack,1610612763,MEM,16,11,5,416.0,981,15,7,8,0.875,0,0,0.0,14,0.933,7,0.467,1,0.067,0,0.0,0,0.0
372,1628414,Sindarius Thornwell,1610612746,LAC,5,5,0,43.0,24,1,1,1,1.0,0,0,0.0,2,2.0,0,0.0,0,0.0,0,0.0,0,0.0
373,1627746,Skal Labissiere,1610612758,SAC,6,2,4,35.0,48,4,1,1,1.0,4,4,1.0,6,1.5,1,0.25,0,0.0,0,0.0,2,0.5
374,203524,Solomon Hill,1610612740,NOP,8,4,4,142.0,210,3,2,3,0.667,0,0,0.0,4,1.333,0,0.0,0,0.0,0,0.0,0,0.0
375,203915,Spencer Dinwiddie,1610612751,BKN,17,7,10,468.0,918,7,1,1,1.0,0,0,0.0,2,0.286,5,0.714,2,0.286,0,0.0,0,0.0
376,1626169,Stanley Johnson,1610612765,DET,13,7,6,313.0,543,14,3,7,0.429,0,0,0.0,6,0.429,3,0.214,0,0.0,1,0.071,0,0.0
377,201939,Stephen Curry,1610612744,GSW,12,10,2,399.0,921,17,3,5,0.6,2,2,1.0,8,0.471,9,0.529,2,0.118,2,0.118,1,0.059
378,1628425,Sterling Brown,1610612749,MIL,9,9,0,57.0,59,6,1,3,0.333,2,2,1.0,4,0.667,1,0.167,0,0.0,0,0.0,1,0.167
379,203500,Steven Adams,1610612760,OKC,15,9,6,507.0,675,183,69,103,0.67,14,23,0.609,152,0.831,44,0.24,5,0.027,13,0.071,11,0.06
380,1629004,Svi Mykhailiuk,1610612747,LAL,8,4,4,78.0,72,0,0,0,0.0,0,0,0.0,0,0.0,0,0.0,0,0.0,0,0.0,0,0.0
381,204456,T.J. McConnell,1610612755,PHI,13,7,6,184.0,330,3,0,0,0.0,2,2,1.0,2,0.667,2,0.667,1,0.333,0,0.0,1,0.333
382,203933,T.J. Warren,1610612756,PHX,15,2,13,447.0,820,32,8,12,0.667,4,4,1.0,20,0.625,18,0.563,0,0.0,0,0.0,2,0.063
383,1628388,TJ Leaf,1610612754,IND,10,8,2,66.0,74,11,3,5,0.6,0,0,0.0,6,0.545,5,0.455,1,0.091,1,0.091,0,0.0
384,201959,Taj Gibson,1610612750,MIN,17,7,10,459.0,652,113,45,74,0.608,8,10,0.8,100,0.885,27,0.239,6,0.053,3,0.027,5,0.044
385,1627752,Taurean Prince,1610612737,ATL,14,3,11,412.0,589,7,3,5,0.6,0,0,0.0,6,0.857,1,0.143,0,0.0,1,0.143,0,0.0
386,1628390,Terrance Ferguson,1610612760,OKC,14,9,5,313.0,198,15,6,8,0.75,0,0,0.0,12,0.8,6,0.4,0,0.0,0,0.0,0,0.0
387,203082,Terrence Ross,1610612753,ORL,17,9,8,423.0,462,7,3,7,0.429,0,0,0.0,6,0.857,0,0.0,0,0.0,0,0.0,0,0.0
388,1626179,Terry Rozier,1610612738,BOS,17,9,8,393.0,732,19,4,4,1.0,2,2,1.0,10,0.526,14,0.737,1,0.053,0,0.0,2,0.105
389,200757,Thabo Sefolosha,1610612762,UTA,5,0,5,44.0,54,2,0,0,0.0,0,0,0.0,0,0.0,2,1.0,1,0.5,0,0.0,0,0.0
390,201152,Thaddeus Young,1610612754,IND,17,11,6,478.0,655,67,26,42,0.619,1,2,0.5,54,0.806,15,0.224,5,0.075,3,0.045,2,0.03
391,1629033,Theo Pinson,1610612751,BKN,2,1,1,10.0,13,0,0,0,0.0,0,0,0.0,0,0.0,0,0.0,0,0.0,0,0.0,0,0.0
392,1628418,Thomas Bryant,1610612764,WAS,6,2,4,32.0,72,17,7,10,0.7,4,4,1.0,18,1.059,3,0.176,0,0.0,1,0.059,2,0.118
393,1629118,Thomas Welsh,1610612743,DEN,3,3,0,7.0,5,0,0,0,0.0,0,0,0.0,0,0.0,0,0.0,0,0.0,0,0.0,0,0.0
394,1627748,Thon Maker,1610612749,MIL,8,7,1,89.0,141,18,7,12,0.583,0,0,0.0,14,0.778,3,0.167,0,0.0,1,0.056,0,0.0
395,204025,Tim Frazier,1610612740,NOP,11,4,7,137.0,331,4,0,0,0.0,0,0,0.0,0,0.0,2,0.5,0,0.0,1,0.25,0,0.0
396,203501,Tim Hardaway Jr.,1610612752,NYK,16,4,12,518.0,918,11,4,7,0.571,2,2,1.0,11,1.0,2,0.182,0,0.0,1,0.091,1,0.091
397,1627789,Timothe Luwawu-Cabarrot,1610612760,OKC,9,7,2,60.0,43,2,1,2,0.5,0,0,0.0,2,1.0,0,0.0,0,0.0,0,0.0,0,0.0
398,202699,Tobias Harris,1610612746,LAC,16,11,5,558.0,943,35,16,22,0.727,1,2,0.5,35,1.0,11,0.314,1,0.029,1,0.029,1,0.029
399,203107,Tomas Satoransky,1610612764,WAS,16,5,11,199.0,430,18,4,6,0.667,6,6,1.0,14,0.778,8,0.444,3,0.167,1,0.056,1,0.056
400,2225,Tony Parker,1610612766,CHA,15,8,7,277.0,659,5,0,1,0.0,2,2,1.0,2,0.4,2,0.4,1,0.2,0,0.0,1,0.2
401,203503,Tony Snell,1610612749,MIL,16,12,4,264.0,283,10,4,5,0.8,0,0,0.0,8,0.8,4,0.4,0,0.0,0,0.0,0,0.0
402,1628470,Torrey Craig,1610612743,DEN,13,9,4,205.0,199,21,6,10,0.6,1,2,0.5,13,0.619,7,0.333,1,0.048,1,0.048,1,0.048
403,1629027,Trae Young,1610612737,ATL,17,3,14,513.0,1361,11,1,3,0.333,0,0,0.0,2,0.182,8,0.727,4,0.364,0,0.0,1,0.091
404,1626203,Treveon Graham,1610612751,BKN,2,1,1,27.0,28,1,0,0,0.0,0,0,0.0,0,0.0,1,1.0,0,0.0,0,0.0,0,0.0
405,2772,Trevor Ariza,1610612756,PHX,14,2,12,477.0,710,6,2,5,0.4,0,0,0.0,4,0.667,1,0.167,0,0.0,0,0.0,0,0.0
406,203504,Trey Burke,1610612752,NYK,14,3,11,296.0,673,4,1,3,0.333,0,0,0.0,2,0.5,1,0.25,0,0.0,0,0.0,0,0.0
407,1626168,Trey Lyles,1610612743,DEN,17,10,7,356.0,637,41,13,20,0.65,6,8,0.75,32,0.78,13,0.317,0,0.0,3,0.073,2,0.049
408,202684,Tristan Thompson,1610612739,CLE,15,2,13,419.0,699,136,50,78,0.641,2,6,0.333,102,0.75,40,0.294,10,0.074,7,0.051,7,0.051
409,1628972,Troy Brown Jr.,1610612764,WAS,8,2,6,42.0,55,1,1,1,1.0,0,0,0.0,2,2.0,0,0.0,0,0.0,0,0.0,0,0.0
410,203584,Troy Daniels,1610612756,PHX,5,1,4,40.0,53,2,1,2,0.5,0,0,0.0,3,1.5,0,0.0,0,0.0,0,0.0,0,0.0
411,1627786,Troy Williams,1610612758,SAC,8,3,5,137.0,142,4,0,2,0.0,0,0,0.0,0,0.0,1,0.25,0,0.0,0,0.0,0,0.0
412,1628416,Tyler Dorsey,1610612737,ATL,9,0,9,102.0,104,5,2,4,0.5,0,0,0.0,5,1.0,1,0.2,0,0.0,0,0.0,0,0.0
413,204020,Tyler Johnson,1610612748,MIA,16,6,10,435.0,645,15,5,6,0.833,0,0,0.0,10,0.667,7,0.467,1,0.067,1,0.067,0,0.0
414,1628399,Tyler Lydon,1610612743,DEN,5,5,0,17.0,8,1,0,0,0.0,1,2,0.5,1,1.0,0,0.0,0,0.0,0,0.0,1,1.0
415,1627755,Tyler Ulis,1610612741,CHI,1,0,1,1.0,0,0,0,0,0.0,0,0,0.0,0,0.0,0,0.0,0,0.0,0,0.0,0,0.0
416,201936,Tyreke Evans,1610612754,IND,16,10,6,332.0,519,6,0,2,0.0,0,0,0.0,0,0.0,2,0.333,0,0.0,1,0.167,0,0.0
417,1627820,Tyrone Wallace,1610612746,LAC,11,8,3,77.0,120,4,2,3,0.667,0,0,0.0,4,1.0,1,0.25,0,0.0,0,0.0,0,0.0
418,2199,Tyson Chandler,1610612747,LAL,13,6,7,219.0,267,58,15,29,0.517,7,9,0.778,37,0.638,19,0.328,3,0.052,3,0.052,7,0.121
419,1626145,Tyus Jones,1610612750,MIN,16,6,10,297.0,663,3,0,0,0.0,0,0,0.0,0,0.0,1,0.333,0,0.0,2,0.667,0,0.0
420,2617,Udonis Haslem,1610612748,MIA,2,2,0,6.0,13,2,1,2,0.5,0,0,0.0,2,1.0,0,0.0,0,0.0,0,0.0,0,0.0
421,203506,Victor Oladipo,1610612754,IND,16,10,6,518.0,934,12,3,5,0.6,1,2,0.5,7,0.583,3,0.25,1,0.083,1,0.083,1,0.083
422,1713,Vince Carter,1610612737,ATL,17,3,14,309.0,562,9,2,3,0.667,0,0,0.0,4,0.444,5,0.556,1,0.111,1,0.111,0,0.0
423,1629053,Vincent Edwards,1610612745,HOU,1,1,0,4.0,5,0,0,0,0.0,0,0,0.0,0,0.0,0,0.0,0,0.0,0,0.0,0,0.0
424,1627735,Wade Baldwin IV,1610612757,POR,5,4,1,23.0,50,2,0,0,0.0,0,0,0.0,0,0.0,2,1.0,1,0.5,0,0.0,0,0.0
425,201961,Wayne Ellington,1610612748,MIA,9,3,6,210.0,246,3,0,1,0.0,0,0,0.0,0,0.0,2,0.667,0,0.0,0,0.0,0,0.0
426,1627782,Wayne Selden,1610612763,MEM,16,11,5,265.0,296,7,2,5,0.4,0,0,0.0,4,0.571,1,0.143,0,0.0,0,0.0,0,0.0
427,1628976,Wendell Carter Jr.,1610612741,CHI,17,4,13,440.0,663,114,30,53,0.566,11,18,0.611,69,0.605,42,0.368,10,0.088,6,0.053,9,0.079
428,1628411,Wes Iwundu,1610612753,ORL,13,7,6,236.0,215,14,2,5,0.4,2,2,1.0,6,0.429,6,0.429,1,0.071,1,0.071,2,0.143
429,202325,Wesley Johnson,1610612740,NOP,11,7,4,221.0,232,7,3,3,1.0,2,2,1.0,8,1.143,3,0.429,1,0.143,0,0.0,1,0.143
430,202083,Wesley Matthews,1610612742,DAL,13,5,8,422.0,533,15,1,4,0.25,3,4,0.75,5,0.333,6,0.4,1,0.067,1,0.067,2,0.133
431,203115,Will Barton,1610612743,DEN,2,2,0,54.0,111,2,2,2,1.0,0,0,0.0,4,2.0,0,0.0,0,0.0,0,0.0,0,0.0
432,1626161,Willie Cauley-Stein,1610612758,SAC,17,9,8,490.0,787,142,51,84,0.607,5,12,0.417,108,0.761,37,0.261,5,0.035,5,0.035,7,0.049
433,1626195,Willy Hernangomez,1610612766,CHA,15,8,7,213.0,469,65,20,42,0.476,5,8,0.625,45,0.692,11,0.169,2,0.031,4,0.062,5,0.077
434,201163,Wilson Chandler,1610612755,PHI,8,7,1,154.0,162,7,1,3,0.333,0,0,0.0,2,0.286,2,0.286,0,0.0,1,0.143,0,0.0
435,1627812,Yogi Ferrell,1610612758,SAC,11,6,5,173.0,285,7,3,4,0.75,2,2,1.0,9,1.286,1,0.143,0,0.0,1,0.143,1,0.143
436,1629139,Yuta Watanabe,1610612763,MEM,2,2,0,12.0,18,1,0,0,0.0,0,0,0.0,0,0.0,1,1.0,0,0.0,0,0.0,0,0.0
437,1628380,Zach Collins,1610612757,POR,16,11,5,330.0,516,47,17,25,0.68,5,6,0.833,39,0.83,14,0.298,2,0.043,4,0.085,2,0.043
438,203897,Zach LaVine,1610612741,CHI,16,4,12,575.0,1036,11,3,6,0.5,0,0,0.0,6,0.545,3,0.273,2,0.182,0,0.0,0,0.0
439,1629155,Zach Lofton,1610612765,DET,1,1,0,4.0,5,0,0,0,0.0,0,0,0.0,0,0.0,0,0.0,0,0.0,0,0.0,0,0.0
440,2585,Zaza Pachulia,1610612765,DET,14,8,6,181.0,299,48,6,23,0.261,9,10,0.9,22,0.458,17,0.354,1,0.021,1,0.021,3,0.063
441,1627753,Zhou Qi,1610612745,HOU,1,0,1,1.0,0,0,0,0,0.0,0,0,0.0,0,0.0,0,0.0,0,0.0,0,0.0,0,0.0
