,PLAYER_ID,PLAYER_NAME,TEAM_ID,TEAM_ABBREVIATION,GP,W,L,MIN,PULL_UP_FGM,PULL_UP_FGA,PULL_UP_FG_PCT,PULL_UP_FG3M,PULL_UP_FG3A,PULL_UP_FG3_PCT,PULL_UP_PTS,PULL_UP_EFG_PCT
0,203932,Aaron Gordon,1610612753,ORL,16,8,8,520.0,22,59,0.373,8,18,0.444,52,0.441
1,1628988,Aaron Holiday,1610612754,IND,7,6,1,52.0,3,8,0.375,1,3,0.333,7,0.438
2,1627846,Abdel Nader,1610612760,OKC,6,5,1,11.0,0,0,0.0,0,0,0.0,0,0.0
3,201143,Al Horford,1610612738,BOS,17,9,8,501.0,4,9,0.444,0,0,0.0,8,0.444
4,202329,Al-Farouq Aminu,1610612757,POR,16,11,5,476.0,1,10,0.1,0,3,0.0,2,0.1
5,202692,Alec Burks,1610612762,UTA,13,7,6,193.0,6,20,0.3,3,6,0.5,15,0.375
6,203518,Alex Abrines,1610612760,OKC,14,9,5,303.0,3,9,0.333,1,4,0.25,7,0.389
7,203458,Alex Len,1610612737,ATL,17,3,14,371.0,0,1,0.0,0,1,0.0,0,0.0
8,1627816,Alex Poythress,1610612737,ATL,13,3,10,195.0,0,0,0.0,0,0,0.0,0,0.0
9,1628035,Alfonzo McKinnie,1610612744,GSW,16,12,4,251.0,5,9,0.556,0,1,0.0,10,0.556
10,1628993,Alize Johnson,1610612754,IND,3,2,1,9.0,1,2,0.5,0,0,0.0,2,0.5
11,203459,Allen Crabbe,1610612751,BKN,16,7,9,379.0,4,29,0.138,0,4,0.0,8,0.138
12,1629019,Allonzo Trier,1610612752,NYK,17,4,13,411.0,24,60,0.4,2,8,0.25,50,0.417
13,101161,Amir Johnson,1610612755,PHI,19,12,7,189.0,0,0,0.0,0,0,0.0,0,0.0
14,203083,Andre Drummond,1610612765,DET,14,8,6,470.0,2,11,0.182,0,2,0.0,4,0.182
15,2738,Andre Iguodala,1610612744,GSW,16,10,6,345.0,4,14,0.286,1,3,0.333,9,0.321
16,1626150,Andrew Harrison,1610612739,CLE,5,2,3,67.0,1,7,0.143,1,5,0.2,3,0.214
17,203952,Andrew Wiggins,1610612750,MIN,13,6,7,436.0,25,90,0.278,5,14,0.357,55,0.306
18,1629014,Anfernee Simons,1610612757,POR,4,3,1,22.0,1,3,0.333,0,1,0.0,2,0.333
19,1627790,Ante Zizic,1610612739,CLE,13,2,11,117.0,0,0,0.0,0,0,0.0,0,0.0
20,203076,Anthony Davis,1610612740,NOP,14,10,4,526.0,19,52,0.365,1,2,0.5,39,0.375
21,201229,Anthony Tolliver,1610612750,MIN,14,5,9,267.0,1,1,1.0,0,0,0.0,2,1.0
22,1628469,Antonio Blakeney,1610612741,CHI,17,4,13,319.0,30,82,0.366,4,11,0.364,64,0.39
23,203382,Aron Baynes,1610612738,BOS,14,7,7,193.0,0,0,0.0,0,0,0.0,0,0.0
24,203085,Austin Rivers,1610612764,WAS,16,5,11,370.0,4,27,0.148,2,18,0.111,10,0.185
25,202340,Avery Bradley,1610612746,LAC,10,6,4,267.0,10,31,0.323,1,8,0.125,21,0.339
26,1628389,Bam Adebayo,1610612748,MIA,16,6,10,282.0,1,4,0.25,0,1,0.0,2,0.25
27,203463,Ben McLemore,1610612758,SAC,5,3,2,24.0,0,2,0.0,0,1,0.0,0,0.0
28,1627732,Ben Simmons,1610612755,PHI,18,12,6,594.0,5,26,0.192,0,0,0.0,10,0.192
29,202687,Bismack Biyombo,1610612766,CHA,8,3,5,68.0,0,0,0.0,0,0,0.0,0,0.0
30,201933,Blake Griffin,1610612765,DET,14,8,6,501.0,24,64,0.375,14,25,0.56,62,0.484
31,1626246,Boban Marjanovic,1610612746,LAC,13,8,5,152.0,1,1,1.0,0,0,0.0,2,1.0
32,1626171,Bobby Portis,1610612741,CHI,4,1,3,113.0,0,6,0.0,0,0,0.0,0,0.0
33,203992,Bogdan Bogdanovic,1610612758,SAC,6,2,4,132.0,10,24,0.417,1,3,0.333,21,0.438
34,202711,Bojan Bogdanovic,1610612754,IND,17,11,6,519.0,22,44,0.5,5,9,0.556,49,0.557
35,202954,Brad Wanamaker,1610612738,BOS,4,3,1,24.0,1,5,0.2,0,1,0.0,2,0.2
36,203078,Bradley Beal,1610612764,WAS,16,5,11,540.0,36,93,0.387,8,22,0.364,80,0.43
37,1627742,Brandon Ingram,1610612747,LAL,12,7,5,376.0,24,55,0.436,0,0,0.0,48,0.436
38,201572,Brook Lopez,1610612749,MIL,16,12,4,435.0,7,21,0.333,5,14,0.357,19,0.452
39,1628971,Bruce Brown,1610612765,DET,8,3,5,104.0,0,1,0.0,0,1,0.0,0,0.0
40,1627854,Bryn Forbes,1610612759,SAS,16,8,8,462.0,33,76,0.434,10,23,0.435,76,0.5
41,1627741,Buddy Hield,1610612758,SAC,17,9,8,527.0,47,112,0.42,6,18,0.333,100,0.446
42,203710,C.J. Williams,1610612750,MIN,6,2,4,53.0,2,5,0.4,0,0,0.0,4,0.4
43,203468,CJ McCollum,1610612757,POR,16,11,5,529.0,66,132,0.5,7,30,0.233,139,0.527
44,101139,CJ Miles,1610612761,TOR,13,11,2,196.0,3,11,0.273,1,5,0.2,7,0.318
45,1628403,Caleb Swanigan,1610612757,POR,8,6,2,85.0,0,2,0.0,0,0,0.0,0,0.0
46,1626166,Cameron Payne,1610612741,CHI,15,3,12,324.0,10,29,0.345,5,9,0.556,25,0.431
47,1627747,Caris LeVert,1610612751,BKN,14,6,8,416.0,22,57,0.386,9,20,0.45,53,0.465
48,2546,Carmelo Anthony,1610612745,HOU,10,4,6,294.0,15,41,0.366,3,9,0.333,33,0.402
49,1626224,Cedi Osman,1610612739,CLE,13,1,12,391.0,13,40,0.325,4,12,0.333,30,0.375
50,1628990,Chandler Hutchison,1610612741,CHI,16,4,12,309.0,2,4,0.5,0,0,0.0,4,0.5
51,202718,Chandler Parsons,1610612763,MEM,3,2,1,46.0,2,3,0.667,0,0,0.0,4,0.667
52,101112,Channing Frye,1610612739,CLE,3,1,2,31.0,1,3,0.333,0,0,0.0,2,0.333
53,1627767,Cheick Diallo,1610612740,NOP,12,6,6,122.0,0,1,0.0,0,0,0.0,0,0.0
54,1629002,Chimezie Metu,1610612759,SAS,9,3,6,54.0,0,1,0.0,0,0,0.0,0,0.0
55,1628449,Chris Boucher,1610612761,TOR,2,1,1,9.0,0,0,0.0,0,0,0.0,0,0.0
56,101108,Chris Paul,1610612745,HOU,13,8,5,448.0,46,112,0.411,12,34,0.353,104,0.464
57,1626174,Christian Wood,1610612749,MIL,4,4,0,19.0,0,1,0.0,0,0,0.0,0,0.0
58,203991,Clint Capela,1610612745,HOU,15,8,7,500.0,0,0,0.0,0,0,0.0,0,0.0
59,203469,Cody Zeller,1610612766,CHA,16,8,8,390.0,1,3,0.333,0,0,0.0,2,0.333
60,1629012,Collin Sexton,1610612739,CLE,15,2,13,396.0,37,89,0.416,5,8,0.625,79,0.444
61,202709,Cory Joseph,1610612754,IND,17,11,6,441.0,26,51,0.51,1,4,0.25,53,0.52
62,1626245,Cristiano Felicio,1610612741,CHI,13,3,10,195.0,0,0,0.0,0,0,0.0,0,0.0
63,1626156,D'Angelo Russell,1610612751,BKN,17,7,10,470.0,45,108,0.417,12,30,0.4,102,0.472
64,201571,D.J. Augustin,1610612753,ORL,17,9,8,466.0,18,44,0.409,9,25,0.36,45,0.511
65,1627745,Damian Jones,1610612744,GSW,18,12,6,310.0,0,0,0.0,0,0,0.0,0,0.0
66,203081,Damian Lillard,1610612757,POR,16,11,5,553.0,50,138,0.362,18,62,0.29,118,0.428
67,1627814,Damion Lee,1610612744,GSW,6,3,3,61.0,3,7,0.429,2,2,1.0,8,0.571
68,1628422,Damyean Dotson,1610612752,NYK,15,3,12,404.0,15,44,0.341,2,8,0.25,32,0.364
69,1627772,Daniel Hamilton,1610612737,ATL,1,0,1,8.0,0,1,0.0,0,0,0.0,0,0.0
70,1628464,Daniel Theis,1610612738,BOS,9,5,4,104.0,0,1,0.0,0,0,0.0,0,0.0
71,201568,Danilo Gallinari,1610612746,LAC,15,10,5,463.0,18,50,0.36,4,12,0.333,40,0.4
72,201980,Danny Green,1610612761,TOR,17,13,4,474.0,7,23,0.304,2,10,0.2,16,0.348
73,201967,Dante Cunningham,1610612759,SAS,16,8,8,359.0,0,1,0.0,0,0,0.0,0,0.0
74,203957,Dante Exum,1610612762,UTA,17,8,9,297.0,1,5,0.2,0,1,0.0,2,0.2
75,203967,Dario Saric,1610612750,MIN,16,10,6,472.0,2,11,0.182,0,1,0.0,4,0.182
76,203121,Darius Miller,1610612740,NOP,13,10,3,249.0,8,16,0.5,5,8,0.625,21,0.656
77,201954,Darren Collison,1610612754,IND,17,11,6,463.0,26,63,0.413,3,8,0.375,55,0.437
78,1629133,Daryl Macon,1610612742,DAL,1,0,1,1.0,0,0,0.0,0,0,0.0,0,0.0
79,1628021,David Nwaba,1610612739,CLE,11,2,9,151.0,0,1,0.0,0,0,0.0,0,0.0
80,202722,Davis Bertans,1610612759,SAS,14,7,7,217.0,2,9,0.222,1,5,0.2,5,0.278
81,1628432,Davon Reed,1610612754,IND,1,1,0,2.0,0,0,0.0,0,0,0.0,0,0.0
82,1628368,De'Aaron Fox,1610612758,SAC,17,9,8,554.0,43,105,0.41,8,21,0.381,94,0.448
83,1629001,De'Anthony Melton,1610612756,PHX,4,1,3,42.0,2,5,0.4,0,1,0.0,4,0.4
84,201599,DeAndre Jordan,1610612742,DAL,16,7,9,518.0,0,0,0.0,0,0,0.0,0,0.0
85,1627761,DeAndre' Bembry,1610612737,ATL,17,3,14,394.0,4,12,0.333,0,2,0.0,8,0.333
86,201942,DeMar DeRozan,1610612759,SAS,16,8,8,588.0,53,138,0.384,0,4,0.0,106,0.384
87,201960,DeMarre Carroll,1610612751,BKN,6,2,4,126.0,3,9,0.333,1,2,0.5,7,0.389
88,1629152,DeVaughn Akoon-Purcell,1610612743,DEN,4,4,0,13.0,0,2,0.0,0,0,0.0,0,0.0
89,1629028,Deandre Ayton,1610612756,PHX,16,3,13,517.0,3,12,0.25,0,1,0.0,6,0.25
90,1626153,Delon Wright,1610612761,TOR,12,8,4,197.0,2,15,0.133,1,8,0.125,5,0.167
91,203471,Dennis Schroder,1610612760,OKC,16,10,6,483.0,34,95,0.358,4,18,0.222,72,0.379
92,1628372,Dennis Smith Jr.,1610612742,DAL,15,7,8,428.0,27,71,0.38,8,19,0.421,62,0.437
93,1629126,Deonte Burton,1610612760,OKC,7,4,3,43.0,0,3,0.0,0,1,0.0,0,0.0
94,202324,Derrick Favors,1610612762,UTA,16,7,9,370.0,1,2,0.5,0,0,0.0,2,0.5
95,1627884,Derrick Jones Jr.,1610612748,MIA,11,3,8,164.0,0,5,0.0,0,1,0.0,0,0.0
96,201565,Derrick Rose,1610612750,MIN,15,6,9,453.0,40,97,0.412,10,22,0.455,90,0.464
97,1628401,Derrick White,1610612759,SAS,7,2,5,149.0,4,16,0.25,2,3,0.667,10,0.313
98,1626164,Devin Booker,1610612756,PHX,13,3,10,471.0,42,114,0.368,14,43,0.326,98,0.43
99,2734,Devin Harris,1610612742,DAL,6,4,2,85.0,1,5,0.2,0,2,0.0,2,0.2
100,1628984,Devonte' Graham,1610612766,CHA,3,0,3,25.0,2,5,0.4,1,3,0.333,5,0.5
101,203473,Dewayne Dedmon,1610612737,ATL,11,2,9,223.0,1,5,0.2,0,0,0.0,2,0.2
102,1628415,Dillon Brooks,1610612763,MEM,11,7,4,208.0,3,17,0.176,1,3,0.333,7,0.206
103,1627734,Domantas Sabonis,1610612754,IND,16,10,6,392.0,0,0,0.0,0,0,0.0,0,0.0
104,1628378,Donovan Mitchell,1610612762,UTA,15,8,7,508.0,41,107,0.383,14,46,0.304,96,0.449
105,1628978,Donte DiVincenzo,1610612749,MIL,14,10,4,254.0,3,14,0.214,2,9,0.222,8,0.286
106,1627827,Dorian Finney-Smith,1610612742,DAL,16,7,9,430.0,4,9,0.444,1,4,0.25,9,0.5
107,203926,Doug McDermott,1610612754,IND,17,11,6,278.0,2,4,0.5,0,0,0.0,4,0.5
108,1627733,Dragan Bender,1610612756,PHX,6,1,5,26.0,0,0,0.0,0,0,0.0,0,0.0
109,203110,Draymond Green,1610612744,GSW,13,10,3,396.0,4,7,0.571,0,0,0.0,8,0.571
110,1629234,Drew Eubanks,1610612759,SAS,3,0,3,13.0,0,0,0.0,0,0,0.0,0,0.0
111,1629130,Duncan Robinson,1610612748,MIA,3,2,1,17.0,0,0,0.0,0,0,0.0,0,0.0
112,1628407,Dwayne Bacon,1610612766,CHA,9,6,3,109.0,8,16,0.5,3,6,0.5,19,0.594
113,2730,Dwight Howard,1610612764,WAS,9,4,5,230.0,0,0,0.0,0,0,0.0,0,0.0
114,203939,Dwight Powell,1610612742,DAL,15,7,8,239.0,0,1,0.0,0,0,0.0,0,0.0
115,2548,Dwyane Wade,1610612748,MIA,9,4,5,231.0,18,47,0.383,3,12,0.25,39,0.415
116,1629058,Dzanan Musa,1610612751,BKN,6,3,3,22.0,2,5,0.4,0,0,0.0,4,0.4
117,202734,E'Twaun Moore,1610612740,NOP,17,10,7,534.0,24,45,0.533,5,10,0.5,53,0.589
118,202334,Ed Davis,1610612751,BKN,17,7,10,296.0,0,0,0.0,0,0,0.0,0,0.0
119,1628410,Edmond Sumner,1610612754,IND,5,4,1,20.0,0,0,0.0,0,0,0.0,0,0.0
120,202327,Ekpe Udoh,1610612762,UTA,13,6,7,62.0,0,0,0.0,0,0,0.0,0,0.0
121,203901,Elfrid Payton,1610612740,NOP,6,5,1,152.0,0,1,0.0,0,1,0.0,0,0.0
122,1629059,Elie Okobo,1610612756,PHX,11,2,9,166.0,5,24,0.208,2,9,0.222,12,0.25
123,1626144,Emmanuel Mudiay,1610612752,NYK,10,3,7,204.0,14,29,0.483,1,4,0.25,29,0.5
124,202683,Enes Kanter,1610612752,NYK,17,4,13,448.0,2,6,0.333,0,0,0.0,4,0.333
125,202339,Eric Bledsoe,1610612749,MIL,16,12,4,464.0,22,54,0.407,13,27,0.481,57,0.528
126,201569,Eric Gordon,1610612745,HOU,12,6,6,385.0,13,41,0.317,7,21,0.333,33,0.402
127,101141,Ersan Ilyasova,1610612749,MIL,16,12,4,349.0,5,11,0.455,3,6,0.5,13,0.591
128,203095,Evan Fournier,1610612753,ORL,17,9,8,501.0,18,61,0.295,4,24,0.167,40,0.328
129,202323,Evan Turner,1610612757,POR,16,11,5,412.0,23,58,0.397,0,1,0.0,46,0.397
130,1628402,Frank Jackson,1610612740,NOP,11,6,5,129.0,6,14,0.429,1,2,0.5,13,0.464
131,1626163,Frank Kaminsky,1610612766,CHA,5,3,2,26.0,0,1,0.0,0,0,0.0,0,0.0
132,1628412,Frank Mason,1610612758,SAC,16,8,8,242.0,14,46,0.304,1,12,0.083,29,0.315
133,1628373,Frank Ntilikina,1610612752,NYK,17,4,13,421.0,21,51,0.412,1,8,0.125,43,0.422
134,1627832,Fred VanVleet,1610612761,TOR,13,10,3,310.0,12,38,0.316,5,18,0.278,29,0.382
135,1627788,Furkan Korkmaz,1610612755,PHI,12,7,5,132.0,3,8,0.375,1,3,0.333,7,0.438
136,202066,Garrett Temple,1610612763,MEM,16,11,5,515.0,10,34,0.294,3,11,0.273,23,0.338
137,1629109,Gary Clark,1610612745,HOU,14,7,7,241.0,1,4,0.25,1,3,0.333,3,0.375
138,203914,Gary Harris,1610612743,DEN,17,10,7,571.0,31,75,0.413,3,14,0.214,65,0.433
139,1629018,Gary Trent Jr.,1610612757,POR,2,1,1,13.0,3,7,0.429,2,2,1.0,8,0.571
140,201588,George Hill,1610612739,CLE,10,1,9,265.0,19,34,0.559,3,4,0.75,41,0.603
141,1627777,Georges Niang,1610612762,UTA,15,8,7,119.0,2,5,0.4,0,1,0.0,4,0.4
142,101123,Gerald Green,1610612745,HOU,13,6,7,220.0,11,28,0.393,6,15,0.4,28,0.5
143,203507,Giannis Antetokounmpo,1610612749,MIL,15,11,4,497.0,15,60,0.25,1,19,0.053,31,0.258
144,203922,Glenn Robinson III,1610612765,DET,13,7,6,226.0,10,17,0.588,0,1,0.0,20,0.588
145,201609,Goran Dragic,1610612748,MIA,12,5,7,369.0,18,56,0.321,3,12,0.25,39,0.348
146,202330,Gordon Hayward,1610612738,BOS,16,8,8,432.0,18,43,0.419,4,6,0.667,40,0.465
147,203476,Gorgui Dieng,1610612750,MIN,17,7,10,225.0,4,14,0.286,0,0,0.0,8,0.286
148,1628960,Grayson Allen,1610612762,UTA,11,4,7,117.0,3,11,0.273,1,5,0.2,7,0.318
149,202328,Greg Monroe,1610612761,TOR,8,5,3,58.0,0,0,0.0,0,0,0.0,0,0.0
150,1627824,Guerschon Yabusele,1610612738,BOS,9,6,3,38.0,0,0,0.0,0,0,0.0,0,0.0
151,1628977,Hamidou Diallo,1610612760,OKC,15,9,6,216.0,1,5,0.2,0,0,0.0,2,0.2
152,203084,Harrison Barnes,1610612742,DAL,12,5,7,377.0,14,42,0.333,3,10,0.3,31,0.369
153,1628385,Harry Giles III,1610612758,SAC,13,6,7,131.0,3,9,0.333,0,0,0.0,6,0.333
154,202355,Hassan Whiteside,1610612748,MIA,15,5,10,421.0,0,5,0.0,0,0,0.0,0,0.0
155,1627740,Henry Ellenson,1610612765,DET,1,0,1,8.0,1,1,1.0,1,1,1.0,3,1.5
156,203546,Ian Clark,1610612740,NOP,16,9,7,269.0,5,21,0.238,2,4,0.5,12,0.286
157,101133,Ian Mahinmi,1610612764,WAS,11,4,7,161.0,0,0,0.0,0,0,0.0,0,0.0
158,1628387,Ike Anigbogu,1610612754,IND,1,1,0,3.0,0,1,0.0,0,0,0.0,0,0.0
159,202697,Iman Shumpert,1610612758,SAC,15,7,8,378.0,16,43,0.372,5,12,0.417,37,0.43
160,1628515,Isaiah Briscoe,1610612753,ORL,7,3,4,52.0,1,4,0.25,0,0,0.0,2,0.25
161,203477,Isaiah Canaan,1610612756,PHX,15,3,12,419.0,15,33,0.455,6,18,0.333,36,0.545
162,1628392,Isaiah Hartenstein,1610612745,HOU,14,7,7,127.0,0,0,0.0,0,0,0.0,0,0.0
163,202397,Ish Smith,1610612765,DET,14,8,6,366.0,11,35,0.314,6,17,0.353,28,0.4
164,1628397,Ivan Rabb,1610612763,MEM,8,6,2,53.0,0,0,0.0,0,0,0.0,0,0.0
165,1627826,Ivica Zubac,1610612747,LAL,5,3,2,40.0,0,0,0.0,0,0,0.0,0,0.0
166,200826,J.J. Barea,1610612742,DAL,15,7,8,282.0,22,60,0.367,6,21,0.286,50,0.417
167,200755,JJ Redick,1610612755,PHI,19,12,7,591.0,61,119,0.513,18,44,0.409,140,0.588
168,2747,JR Smith,1610612739,CLE,11,1,10,222.0,13,46,0.283,0,4,0.0,26,0.283
169,203210,JaMychal Green,1610612763,MEM,4,3,1,75.0,0,1,0.0,0,1,0.0,0,0.0
170,201580,JaVale McGee,1610612747,LAL,16,9,7,400.0,1,7,0.143,0,0,0.0,2,0.143
171,203953,Jabari Parker,1610612741,CHI,17,4,13,521.0,25,65,0.385,3,9,0.333,53,0.408
172,1628980,Jacob Evans,1610612744,GSW,10,8,2,60.0,1,6,0.167,0,0,0.0,2,0.167
173,203109,Jae Crowder,1610612762,UTA,17,8,9,493.0,5,23,0.217,3,7,0.429,13,0.283
174,1626143,Jahlil Okafor,1610612740,NOP,8,4,4,59.0,0,2,0.0,0,0,0.0,0,0.0
175,1627774,Jake Layman,1610612757,POR,16,11,5,254.0,2,8,0.25,1,2,0.5,5,0.313
176,1627751,Jakob Poeltl,1610612759,SAS,12,4,8,135.0,0,2,0.0,0,0,0.0,0,0.0
177,1628973,Jalen Brunson,1610612742,DAL,15,6,9,208.0,8,23,0.348,1,6,0.167,17,0.37
178,2037,Jamal Crawford,1610612756,PHX,14,2,12,166.0,10,33,0.303,4,15,0.267,24,0.364
179,1627750,Jamal Murray,1610612743,DEN,17,10,7,560.0,51,125,0.408,6,22,0.273,108,0.432
180,203516,James Ennis III,1610612745,HOU,12,8,4,292.0,3,6,0.5,2,5,0.4,8,0.667
181,201935,James Harden,1610612745,HOU,12,7,5,430.0,46,132,0.348,33,91,0.363,125,0.473
182,201949,James Johnson,1610612748,MIA,1,0,1,15.0,0,3,0.0,0,0,0.0,0,0.0
183,203263,James Nunnally,1610612750,MIN,6,2,4,40.0,0,3,0.0,0,0,0.0,0,0.0
184,201162,Jared Dudley,1610612751,BKN,17,7,10,415.0,3,4,0.75,0,0,0.0,6,0.75
185,1629123,Jared Terrell,1610612750,MIN,1,0,1,21.0,1,5,0.2,0,0,0.0,2,0.2
186,1626185,Jarell Martin,1610612753,ORL,10,5,5,118.0,3,8,0.375,0,0,0.0,6,0.375
187,1628991,Jaren Jackson Jr.,1610612763,MEM,16,11,5,404.0,2,4,0.5,0,0,0.0,4,0.5
188,1628386,Jarrett Allen,1610612751,BKN,15,7,8,403.0,0,0,0.0,0,0,0.0,0,0.0
189,201160,Jason Smith,1610612764,WAS,10,3,7,111.0,0,0,0.0,0,0,0.0,0,0.0
190,1629121,Jaylen Adams,1610612737,ATL,4,1,3,13.0,0,0,0.0,0,0,0.0,0,0.0
191,1627759,Jaylen Brown,1610612738,BOS,16,8,8,455.0,7,30,0.233,1,4,0.25,15,0.25
192,1628537,Jaylen Morris,1610612749,MIL,1,1,0,3.0,0,0,0.0,0,0,0.0,0,0.0
193,1628369,Jayson Tatum,1610612738,BOS,17,9,8,547.0,33,96,0.344,9,17,0.529,75,0.391
194,201145,Jeff Green,1610612764,WAS,16,5,11,392.0,3,15,0.2,0,2,0.0,6,0.2
195,201952,Jeff Teague,1610612750,MIN,11,6,5,350.0,10,37,0.27,4,18,0.222,24,0.324
196,203924,Jerami Grant,1610612760,OKC,16,10,6,476.0,1,3,0.333,1,1,1.0,3,0.5
197,203087,Jeremy Lamb,1610612766,CHA,16,8,8,416.0,22,56,0.393,5,16,0.313,49,0.438
198,202391,Jeremy Lin,1610612737,ATL,17,3,14,301.0,16,36,0.444,3,5,0.6,35,0.486
199,1626170,Jerian Grant,1610612753,ORL,17,9,8,327.0,15,38,0.395,4,9,0.444,34,0.447
200,1629010,Jerome Robinson,1610612746,LAC,8,5,3,40.0,1,4,0.25,1,1,1.0,3,0.375
201,202710,Jimmy Butler,1610612755,PHI,14,6,8,501.0,30,75,0.4,9,17,0.529,69,0.46
202,203925,Joe Harris,1610612751,BKN,17,7,10,494.0,5,18,0.278,1,7,0.143,11,0.306
203,204060,Joe Ingles,1610612762,UTA,17,8,9,558.0,19,45,0.422,11,25,0.44,49,0.544
204,203954,Joel Embiid,1610612755,PHI,19,12,7,664.0,27,86,0.314,2,10,0.2,56,0.326
205,1628381,John Collins,1610612737,ATL,2,0,2,33.0,1,2,0.5,0,0,0.0,2,0.5
206,203089,John Henson,1610612749,MIL,14,10,4,188.0,0,2,0.0,0,1,0.0,0,0.0
207,204066,John Holland,1610612739,CLE,1,0,1,1.0,0,0,0.0,0,0,0.0,0,0.0
208,202322,John Wall,1610612764,WAS,16,5,11,557.0,26,86,0.302,4,22,0.182,56,0.326
209,1629140,Johnathan Williams,1610612747,LAL,6,3,3,85.0,0,0,0.0,0,0,0.0,0,0.0
210,202720,Jon Leuer,1610612765,DET,6,3,3,46.0,0,0,0.0,0,0,0.0,0,0.0
211,1628413,Jonah Bolden,1610612755,PHI,6,3,3,40.0,0,3,0.0,0,1,0.0,0,0.0
212,201973,Jonas Jerebko,1610612744,GSW,18,12,6,332.0,1,4,0.25,0,2,0.0,2,0.25
213,202685,Jonas Valanciunas,1610612761,TOR,17,13,4,324.0,6,11,0.545,0,1,0.0,12,0.545
214,1628371,Jonathan Isaac,1610612753,ORL,11,5,6,233.0,3,10,0.3,0,1,0.0,6,0.3
215,203613,Jonathon Simmons,1610612753,ORL,15,9,6,340.0,11,41,0.268,4,11,0.364,26,0.317
216,1628395,Jordan Bell,1610612744,GSW,17,11,6,197.0,2,5,0.4,0,0,0.0,4,0.4
217,203903,Jordan Clarkson,1610612739,CLE,15,2,13,365.0,41,98,0.418,7,23,0.304,89,0.454
218,1628070,Jordan Loyd,1610612761,TOR,2,1,1,14.0,1,1,1.0,1,1,1.0,3,1.5
219,203895,Jordan McRae,1610612764,WAS,4,1,3,22.0,1,4,0.25,0,1,0.0,2,0.25
220,101181,Jose Calderon,1610612765,DET,11,5,6,125.0,4,14,0.286,0,6,0.0,8,0.286
221,1628404,Josh Hart,1610612747,LAL,16,9,7,422.0,8,26,0.308,4,17,0.235,20,0.385
222,1628367,Josh Jackson,1610612756,PHX,16,3,13,276.0,15,38,0.395,1,5,0.2,31,0.408
223,1629006,Josh Okogie,1610612750,MIN,14,6,8,327.0,8,26,0.308,1,7,0.143,17,0.327
224,1626196,Josh Richardson,1610612748,MIA,16,6,10,556.0,37,91,0.407,8,27,0.296,82,0.451
225,201950,Jrue Holiday,1610612740,NOP,17,10,7,611.0,37,110,0.336,13,45,0.289,87,0.395
226,1627823,Juancho Hernangomez,1610612743,DEN,16,9,7,376.0,0,2,0.0,0,1,0.0,0,0.0
227,203944,Julius Randle,1610612740,NOP,17,10,7,435.0,6,14,0.429,1,5,0.2,13,0.464
228,1626147,Justin Anderson,1610612737,ATL,1,0,1,3.0,0,0,0.0,0,0,0.0,0,0.0
229,203200,Justin Holiday,1610612741,CHI,17,4,13,594.0,18,41,0.439,9,16,0.563,45,0.549
230,1628382,Justin Jackson,1610612758,SAC,16,9,7,341.0,8,24,0.333,0,2,0.0,16,0.333
231,1626159,Justise Winslow,1610612748,MIA,12,4,8,337.0,2,10,0.2,0,1,0.0,4,0.2
232,203994,Jusuf Nurkic,1610612757,POR,16,11,5,413.0,1,2,0.5,0,1,0.0,2,0.5
233,1626157,Karl-Anthony Towns,1610612750,MIN,17,7,10,577.0,4,20,0.2,1,5,0.2,9,0.225
234,202695,Kawhi Leonard,1610612761,TOR,12,9,3,403.0,40,107,0.374,5,19,0.263,85,0.397
235,1628966,Keita Bates-Diop,1610612750,MIN,2,0,2,18.0,1,3,0.333,0,0,0.0,2,0.333
236,203482,Kelly Olynyk,1610612748,MIA,16,6,10,289.0,6,9,0.667,3,3,1.0,15,0.833
237,1626162,Kelly Oubre Jr.,1610612764,WAS,16,5,11,412.0,12,25,0.48,2,8,0.25,26,0.52
238,202689,Kemba Walker,1610612766,CHA,16,8,8,564.0,76,168,0.452,37,94,0.394,189,0.563
239,202702,Kenneth Faried,1610612751,BKN,6,2,4,35.0,0,0,0.0,0,0,0.0,0,0.0
240,1629026,Kenrich Williams,1610612740,NOP,5,3,2,27.0,0,1,0.0,0,1,0.0,0,0.0
241,203145,Kent Bazemore,1610612737,ATL,17,3,14,476.0,20,59,0.339,6,21,0.286,46,0.39
242,203484,Kentavious Caldwell-Pope,1610612747,LAL,16,9,7,315.0,9,26,0.346,2,9,0.222,20,0.385
243,201142,Kevin Durant,1610612744,GSW,18,12,6,626.0,80,182,0.44,4,27,0.148,164,0.451
244,1628989,Kevin Huerter,1610612737,ATL,16,3,13,298.0,5,17,0.294,2,7,0.286,12,0.353
245,1628995,Kevin Knox,1610612752,NYK,10,2,8,193.0,6,28,0.214,1,5,0.2,13,0.232
246,201567,Kevin Love,1610612739,CLE,4,0,4,136.0,1,5,0.2,1,2,0.5,3,0.3
247,1626172,Kevon Looney,1610612744,GSW,18,12,6,331.0,3,4,0.75,0,0,0.0,6,0.75
248,203920,Khem Birch,1610612753,ORL,6,2,4,34.0,0,0,0.0,0,0,0.0,0,0.0
249,203114,Khris Middleton,1610612749,MIL,16,12,4,500.0,40,92,0.435,22,52,0.423,102,0.554
250,1629017,Khyri Thomas,1610612765,DET,2,2,0,11.0,0,0,0.0,0,0,0.0,0,0.0
251,202691,Klay Thompson,1610612744,GSW,18,12,6,614.0,59,124,0.476,7,20,0.35,125,0.504
252,201585,Kosta Koufos,1610612758,SAC,7,4,3,98.0,1,1,1.0,0,0,0.0,2,1.0
253,1627739,Kris Dunn,1610612741,CHI,1,0,1,30.0,1,7,0.143,0,1,0.0,2,0.143
254,203937,Kyle Anderson,1610612763,MEM,16,11,5,462.0,4,13,0.308,0,1,0.0,8,0.308
255,2594,Kyle Korver,1610612739,CLE,12,1,11,187.0,4,12,0.333,1,4,0.25,9,0.375
256,1628398,Kyle Kuzma,1610612747,LAL,16,9,7,486.0,9,30,0.3,2,10,0.2,20,0.333
257,200768,Kyle Lowry,1610612761,TOR,17,13,4,578.0,36,82,0.439,12,31,0.387,84,0.512
258,203124,Kyle O'Quinn,1610612754,IND,10,6,4,55.0,1,2,0.5,0,0,0.0,2,0.5
259,202681,Kyrie Irving,1610612738,BOS,16,9,7,522.0,55,130,0.423,11,38,0.289,121,0.465
260,200746,LaMarcus Aldridge,1610612759,SAS,16,8,8,562.0,21,66,0.318,0,0,0.0,42,0.318
261,202362,Lance Stephenson,1610612747,LAL,16,9,7,264.0,21,46,0.457,5,13,0.385,47,0.511
262,202498,Lance Thomas,1610612752,NYK,11,3,8,167.0,3,9,0.333,0,1,0.0,6,0.333
263,1629013,Landry Shamet,1610612755,PHI,19,12,7,398.0,13,27,0.481,3,8,0.375,29,0.537
264,204038,Langston Galloway,1610612765,DET,13,8,5,323.0,9,17,0.529,1,3,0.333,19,0.559
265,1626204,Larry Nance Jr.,1610612739,CLE,13,2,11,287.0,3,8,0.375,0,1,0.0,6,0.375
266,2544,LeBron James,1610612747,LAL,16,9,7,555.0,56,132,0.424,25,59,0.424,137,0.519
267,1628366,Lonzo Ball,1610612747,LAL,16,9,7,416.0,12,46,0.261,8,27,0.296,32,0.348
268,203485,Lorenzo Brown,1610612761,TOR,11,9,2,99.0,4,11,0.364,1,6,0.167,9,0.409
269,101150,Lou Williams,1610612746,LAC,16,11,5,428.0,48,123,0.39,5,19,0.263,101,0.411
270,201601,Luc Mbah a Moute,1610612746,LAC,4,2,2,61.0,2,4,0.5,0,1,0.0,4,0.5
271,1629029,Luka Doncic,1610612742,DAL,16,7,9,542.0,47,109,0.431,17,49,0.347,111,0.509
272,1628379,Luke Kennard,1610612765,DET,3,3,0,43.0,3,4,0.75,1,1,1.0,7,0.875
273,1628436,Luke Kornet,1610612752,NYK,4,1,3,13.0,0,0,0.0,0,0,0.0,0,0.0
274,2736,Luol Deng,1610612750,MIN,2,0,2,19.0,0,2,0.0,0,1,0.0,0,0.0
275,1627781,Malachi Richardson,1610612761,TOR,10,7,3,64.0,0,2,0.0,0,1,0.0,0,0.0
276,1627763,Malcolm Brogdon,1610612749,MIL,16,12,4,480.0,6,27,0.222,1,13,0.077,13,0.241
277,1627736,Malik Beasley,1610612743,DEN,17,10,7,304.0,9,26,0.346,3,7,0.429,21,0.404
278,1628370,Malik Monk,1610612766,CHA,16,8,8,344.0,21,64,0.328,8,28,0.286,50,0.391
279,202705,MarShon Brooks,1610612763,MEM,15,10,5,211.0,12,36,0.333,2,10,0.2,26,0.361
280,201188,Marc Gasol,1610612763,MEM,16,11,5,550.0,10,28,0.357,0,1,0.0,20,0.357
281,101162,Marcin Gortat,1610612746,LAC,13,9,4,226.0,2,3,0.667,0,0,0.0,4,0.667
282,201158,Marco Belinelli,1610612759,SAS,16,8,8,364.0,16,49,0.327,8,22,0.364,40,0.408
283,1629094,Marcus Derrickson,1610612744,GSW,2,1,1,8.0,1,2,0.5,0,0,0.0,2,0.5
284,202694,Marcus Morris,1610612738,BOS,16,8,8,413.0,21,56,0.375,2,8,0.25,44,0.393
285,203935,Marcus Smart,1610612738,BOS,17,9,8,396.0,7,27,0.259,1,10,0.1,15,0.278
286,1626209,Mario Hezonja,1610612752,NYK,15,4,11,297.0,13,30,0.433,2,10,0.2,28,0.467
287,1628365,Markelle Fultz,1610612755,PHI,19,12,7,427.0,20,58,0.345,1,1,1.0,41,0.353
288,202693,Markieff Morris,1610612764,WAS,15,5,10,377.0,4,15,0.267,0,0,0.0,8,0.267
289,1627737,Marquese Chriss,1610612745,HOU,5,3,2,24.0,0,0,0.0,0,0,0.0,0,0.0
290,1628963,Marvin Bagley III,1610612758,SAC,17,9,8,388.0,2,15,0.133,1,3,0.333,5,0.167
291,101107,Marvin Williams,1610612766,CHA,16,8,8,380.0,2,9,0.222,0,3,0.0,4,0.222
292,203486,Mason Plumlee,1610612743,DEN,17,10,7,281.0,1,1,1.0,0,0,0.0,2,1.0
293,203521,Matthew Dellavedova,1610612749,MIL,7,7,0,43.0,0,4,0.0,0,1,0.0,0,0.0
294,203090,Maurice Harkless,1610612757,POR,5,3,2,88.0,0,2,0.0,0,1,0.0,0,0.0
295,1628467,Maxi Kleber,1610612742,DAL,16,7,9,295.0,3,6,0.5,0,1,0.0,6,0.5
296,1628982,Melvin Frazier Jr.,1610612753,ORL,2,1,1,11.0,0,0,0.0,0,0,0.0,0,0.0
297,203086,Meyers Leonard,1610612757,POR,13,9,4,139.0,0,2,0.0,0,0,0.0,0,0.0
298,201563,Michael Beasley,1610612747,LAL,4,1,3,20.0,1,1,1.0,0,0,0.0,2,1.0
299,203487,Michael Carter-Williams,1610612745,HOU,9,4,5,102.0,1,6,0.167,0,1,0.0,2,0.167
300,203077,Michael Kidd-Gilchrist,1610612766,CHA,13,7,6,265.0,2,8,0.25,0,1,0.0,4,0.25
301,1628969,Mikal Bridges,1610612756,PHX,16,3,13,318.0,2,7,0.286,1,2,0.5,5,0.357
302,201144,Mike Conley,1610612763,MEM,16,11,5,534.0,41,112,0.366,17,45,0.378,99,0.442
303,203488,Mike Muscala,1610612755,PHI,13,8,5,310.0,1,2,0.5,0,1,0.0,2,0.5
304,203118,Mike Scott,1610612746,LAC,16,11,5,243.0,6,10,0.6,0,2,0.0,12,0.6
305,1628970,Miles Bridges,1610612766,CHA,15,7,8,312.0,3,15,0.2,3,6,0.5,9,0.3
306,203101,Miles Plumlee,1610612737,ATL,10,0,10,116.0,0,0,0.0,0,0,0.0,0,0.0
307,1628462,Milos Teodosic,1610612746,LAC,8,5,3,82.0,2,3,0.667,1,1,1.0,5,0.833
308,1629011,Mitchell Robinson,1610612752,NYK,15,4,11,273.0,0,0,0.0,0,0,0.0,0,0.0
309,1628964,Mo Bamba,1610612753,ORL,17,9,8,301.0,2,5,0.4,0,0,0.0,4,0.4
310,1628420,Monte Morris,1610612743,DEN,17,10,7,406.0,20,49,0.408,2,4,0.5,42,0.429
311,1626149,Montrezl Harrell,1610612746,LAC,16,11,5,389.0,1,5,0.2,0,0,0.0,2,0.2
312,1629021,Moritz Wagner,1610612747,LAL,1,0,1,2.0,0,0,0.0,0,0,0.0,0,0.0
313,1626167,Myles Turner,1610612754,IND,17,11,6,452.0,8,17,0.471,1,1,1.0,17,0.5
314,1628513,Naz Mitrou-Long,1610612762,UTA,1,0,1,4.0,0,1,0.0,0,1,0.0,0,0.0
315,202357,Nemanja Bjelica,1610612758,SAC,17,9,8,429.0,7,20,0.35,3,6,0.5,17,0.425
316,203457,Nerlens Noel,1610612760,OKC,15,10,5,208.0,0,3,0.0,0,0,0.0,0,0.0
317,201587,Nicolas Batum,1610612766,CHA,16,8,8,500.0,19,41,0.463,6,12,0.5,44,0.537
318,203917,Nik Stauskas,1610612757,POR,16,11,5,290.0,11,31,0.355,4,15,0.267,26,0.419
319,203999,Nikola Jokic,1610612743,DEN,17,10,7,506.0,3,11,0.273,0,2,0.0,6,0.273
320,202703,Nikola Mirotic,1610612740,NOP,15,8,7,468.0,17,50,0.34,4,12,0.333,38,0.38
321,202696,Nikola Vucevic,1610612753,ORL,17,9,8,518.0,9,20,0.45,0,0,0.0,18,0.45
322,203943,Noah Vonleh,1610612752,NYK,17,4,13,394.0,3,8,0.375,0,1,0.0,6,0.375
323,1626181,Norman Powell,1610612761,TOR,11,10,1,164.0,4,10,0.4,1,4,0.25,9,0.45
324,1628384,OG Anunoby,1610612761,TOR,13,10,3,297.0,2,8,0.25,1,4,0.25,5,0.313
325,1629016,Omari Spellman,1610612737,ATL,16,3,13,314.0,1,6,0.167,0,0,0.0,2,0.167
326,201956,Omri Casspi,1610612763,MEM,10,8,2,109.0,1,1,1.0,0,0,0.0,2,1.0
327,203490,Otto Porter Jr.,1610612764,WAS,15,4,11,420.0,18,39,0.462,2,4,0.5,38,0.487
328,200782,PJ Tucker,1610612745,HOU,15,8,7,533.0,0,3,0.0,0,1,0.0,0,0.0
329,1627783,Pascal Siakam,1610612761,TOR,17,13,4,489.0,4,8,0.5,0,0,0.0,8,0.5
330,1626192,Pat Connaughton,1610612749,MIL,13,9,4,223.0,3,9,0.333,3,7,0.429,9,0.5
331,201976,Patrick Beverley,1610612746,LAC,16,11,5,422.0,10,32,0.313,5,13,0.385,25,0.391
332,202335,Patrick Patterson,1610612760,OKC,16,10,6,270.0,1,3,0.333,0,0,0.0,2,0.333
333,201988,Patty Mills,1610612759,SAS,16,8,8,419.0,19,63,0.302,7,24,0.292,45,0.357
334,2200,Pau Gasol,1610612759,SAS,9,6,3,157.0,2,2,1.0,0,0,0.0,4,1.0
335,202331,Paul George,1610612760,OKC,16,10,6,568.0,54,132,0.409,12,31,0.387,120,0.455
336,200794,Paul Millsap,1610612743,DEN,17,10,7,449.0,10,35,0.286,1,5,0.2,21,0.3
337,202347,Quincy Pondexter,1610612759,SAS,13,5,8,87.0,1,5,0.2,0,2,0.0,2,0.2
338,1626188,Quinn Cook,1610612744,GSW,15,9,6,270.0,32,63,0.508,4,14,0.286,68,0.54
339,200765,Rajon Rondo,1610612747,LAL,11,6,5,278.0,12,27,0.444,5,11,0.455,29,0.537
340,203526,Raul Neto,1610612762,UTA,1,0,1,9.0,0,0,0.0,0,0,0.0,0,0.0
341,1629034,Ray Spalding,1610612742,DAL,1,0,1,1.0,0,0,0.0,0,0,0.0,0,0.0
342,101109,Raymond Felton,1610612760,OKC,10,6,4,125.0,14,34,0.412,2,8,0.25,30,0.441
343,203493,Reggie Bullock,1610612765,DET,11,7,4,307.0,8,26,0.308,1,4,0.25,17,0.327
344,202704,Reggie Jackson,1610612765,DET,14,8,6,407.0,20,65,0.308,3,20,0.15,43,0.331
345,1626158,Richaun Holmes,1610612756,PHX,15,2,13,165.0,1,1,1.0,0,0,0.0,2,1.0
346,201937,Ricky Rubio,1610612762,UTA,17,8,9,508.0,34,87,0.391,6,20,0.3,74,0.425
347,203496,Robert Covington,1610612750,MIN,16,10,6,542.0,4,19,0.211,1,7,0.143,9,0.237
348,1629057,Robert Williams III,1610612738,BOS,5,3,2,15.0,0,0,0.0,0,0,0.0,0,0.0
349,201577,Robin Lopez,1610612741,CHI,11,2,9,173.0,1,2,0.5,0,0,0.0,2,0.5
350,1629066,Rodions Kurucs,1610612751,BKN,7,3,4,82.0,1,3,0.333,0,1,0.0,2,0.333
351,203918,Rodney Hood,1610612739,CLE,15,2,13,402.0,30,78,0.385,4,14,0.286,64,0.41
352,203585,Rodney McGruder,1610612748,MIA,16,6,10,534.0,14,25,0.56,6,11,0.545,34,0.68
353,1627758,Ron Baker,1610612752,NYK,9,2,7,92.0,0,2,0.0,0,1,0.0,0,0.0
354,1626178,Rondae Hollis-Jefferson,1610612751,BKN,13,5,8,265.0,6,15,0.4,0,0,0.0,12,0.4
355,1626220,Royce O'Neale,1610612762,UTA,17,8,9,250.0,1,8,0.125,0,1,0.0,2,0.125
356,200752,Rudy Gay,1610612759,SAS,12,7,5,326.0,25,48,0.521,2,3,0.667,52,0.542
357,203497,Rudy Gobert,1610612762,UTA,17,8,9,549.0,0,2,0.0,0,0,0.0,0,0.0
358,201566,Russell Westbrook,1610612760,OKC,8,5,3,257.0,20,57,0.351,1,9,0.111,41,0.36
359,201583,Ryan Anderson,1610612756,PHX,12,3,9,244.0,5,15,0.333,0,1,0.0,10,0.333
360,1627853,Ryan Arcidiacono,1610612741,CHI,16,4,12,424.0,7,20,0.35,3,12,0.25,17,0.425
361,1629151,Ryan Broekhoff,1610612742,DAL,8,4,4,25.0,1,1,1.0,0,0,0.0,2,1.0
362,1626257,Salah Mejri,1610612742,DAL,3,2,1,12.0,0,0,0.0,0,0,0.0,0,0.0
363,1626155,Sam Dekker,1610612739,CLE,9,1,8,169.0,1,5,0.2,0,1,0.0,2,0.2
364,1628400,Semi Ojeleye,1610612738,BOS,11,7,4,99.0,0,0,0.0,0,0,0.0,0,0.0
365,201586,Serge Ibaka,1610612761,TOR,16,13,3,429.0,5,17,0.294,0,0,0.0,10,0.294
366,203552,Seth Curry,1610612757,POR,14,10,4,239.0,8,31,0.258,1,7,0.143,17,0.274
367,203894,Shabazz Napier,1610612751,BKN,13,5,8,198.0,13,33,0.394,4,10,0.4,30,0.455
368,1628983,Shai Gilgeous-Alexander,1610612746,LAC,16,11,5,438.0,21,55,0.382,1,6,0.167,43,0.391
369,1627885,Shaquille Harrison,1610612741,CHI,8,2,6,136.0,2,8,0.25,1,3,0.333,5,0.313
370,2733,Shaun Livingston,1610612744,GSW,9,5,4,144.0,7,21,0.333,0,0,0.0,14,0.333
371,202714,Shelvin Mack,1610612763,MEM,16,11,5,416.0,23,51,0.451,9,21,0.429,55,0.539
372,1628414,Sindarius Thornwell,1610612746,LAC,5,5,0,43.0,0,0,0.0,0,0,0.0,0,0.0
373,1627746,Skal Labissiere,1610612758,SAC,6,2,4,35.0,1,2,0.5,0,1,0.0,2,0.5
374,203524,Solomon Hill,1610612740,NOP,8,4,4,142.0,0,3,0.0,0,1,0.0,0,0.0
375,203915,Spencer Dinwiddie,1610612751,BKN,17,7,10,468.0,25,67,0.373,12,31,0.387,62,0.463
376,1626169,Stanley Johnson,1610612765,DET,13,7,6,313.0,7,20,0.35,4,11,0.364,18,0.45
377,201939,Stephen Curry,1610612744,GSW,12,10,2,399.0,45,95,0.474,22,46,0.478,112,0.589
378,1628425,Sterling Brown,1610612749,MIL,9,9,0,57.0,0,2,0.0,0,1,0.0,0,0.0
379,203500,Steven Adams,1610612760,OKC,15,9,6,507.0,1,4,0.25,0,0,0.0,2,0.25
380,1629004,Svi Mykhailiuk,1610612747,LAL,8,4,4,78.0,0,2,0.0,0,1,0.0,0,0.0
381,204456,T.J. McConnell,1610612755,PHI,13,7,6,184.0,11,16,0.688,0,1,0.0,22,0.688
382,203933,T.J. Warren,1610612756,PHX,15,2,13,447.0,17,48,0.354,1,3,0.333,35,0.365
383,1628388,TJ Leaf,1610612754,IND,10,8,2,66.0,0,1,0.0,0,0,0.0,0,0.0
384,201959,Taj Gibson,1610612750,MIN,17,7,10,459.0,2,5,0.4,0,0,0.0,4,0.4
385,1627752,Taurean Prince,1610612737,ATL,14,3,11,412.0,25,66,0.379,8,23,0.348,58,0.439
386,1628390,Terrance Ferguson,1610612760,OKC,14,9,5,313.0,0,5,0.0,0,2,0.0,0,0.0
387,203082,Terrence Ross,1610612753,ORL,17,9,8,423.0,37,85,0.435,8,20,0.4,82,0.482
388,1626179,Terry Rozier,1610612738,BOS,17,9,8,393.0,20,66,0.303,4,14,0.286,44,0.333
389,200757,Thabo Sefolosha,1610612762,UTA,5,0,5,44.0,1,2,0.5,0,0,0.0,2,0.5
390,201152,Thaddeus Young,1610612754,IND,17,11,6,478.0,0,6,0.0,0,3,0.0,0,0.0
391,1629033,Theo Pinson,1610612751,BKN,2,1,1,10.0,0,1,0.0,0,1,0.0,0,0.0
392,1628418,Thomas Bryant,1610612764,WAS,6,2,4,32.0,1,2,0.5,0,1,0.0,2,0.5
393,1629118,Thomas Welsh,1610612743,DEN,3,3,0,7.0,0,0,0.0,0,0,0.0,0,0.0
394,1627748,Thon Maker,1610612749,MIL,8,7,1,89.0,0,4,0.0,0,2,0.0,0,0.0
395,204025,Tim Frazier,1610612740,NOP,11,4,7,137.0,1,12,0.083,0,4,0.0,2,0.083
396,203501,Tim Hardaway Jr.,1610612752,NYK,16,4,12,518.0,55,118,0.466,16,45,0.356,126,0.534
397,1627789,Timothe Luwawu-Cabarrot,1610612760,OKC,9,7,2,60.0,0,2,0.0,0,0,0.0,0,0.0
398,202699,Tobias Harris,1610612746,LAC,16,11,5,558.0,43,82,0.524,8,15,0.533,94,0.573
399,203107,Tomas Satoransky,1610612764,WAS,16,5,11,199.0,5,12,0.417,0,1,0.0,10,0.417
400,2225,Tony Parker,1610612766,CHA,15,8,7,277.0,22,50,0.44,0,0,0.0,44,0.44
401,203503,Tony Snell,1610612749,MIL,16,12,4,264.0,3,7,0.429,1,2,0.5,7,0.5
402,1628470,Torrey Craig,1610612743,DEN,13,9,4,205.0,0,1,0.0,0,0,0.0,0,0.0
403,1629027,Trae Young,1610612737,ATL,17,3,14,513.0,26,108,0.241,9,51,0.176,61,0.282
404,1626203,Treveon Graham,1610612751,BKN,2,1,1,27.0,0,0,0.0,0,0,0.0,0,0.0
405,2772,Trevor Ariza,1610612756,PHX,14,2,12,477.0,8,18,0.444,1,8,0.125,17,0.472
406,203504,Trey Burke,1610612752,NYK,14,3,11,296.0,27,72,0.375,4,17,0.235,58,0.403
407,1626168,Trey Lyles,1610612743,DEN,17,10,7,356.0,6,18,0.333,0,0,0.0,12,0.333
408,202684,Tristan Thompson,1610612739,CLE,15,2,13,419.0,3,6,0.5,0,0,0.0,6,0.5
409,1628972,Troy Brown Jr.,1610612764,WAS,8,2,6,42.0,2,5,0.4,1,1,1.0,5,0.5
410,203584,Troy Daniels,1610612756,PHX,5,1,4,40.0,1,4,0.25,1,3,0.333,3,0.375
411,1627786,Troy Williams,1610612758,SAC,8,3,5,137.0,1,2,0.5,0,0,0.0,2,0.5
412,1628416,Tyler Dorsey,1610612737,ATL,9,0,9,102.0,1,8,0.125,0,3,0.0,2,0.125
413,204020,Tyler Johnson,1610612748,MIA,16,6,10,435.0,11,32,0.344,1,4,0.25,23,0.359
414,1628399,Tyler Lydon,1610612743,DEN,5,5,0,17.0,0,0,0.0,0,0,0.0,0,0.0
415,1627755,Tyler Ulis,1610612741,CHI,1,0,1,1.0,0,0,0.0,0,0,0.0,0,0.0
416,201936,Tyreke Evans,1610612754,IND,16,10,6,332.0,18,47,0.383,5,16,0.313,41,0.436
417,1627820,Tyrone Wallace,1610612746,LAC,11,8,3,77.0,1,4,0.25,0,0,0.0,2,0.25
418,2199,Tyson Chandler,1610612747,LAL,13,6,7,219.0,0,0,0.0,0,0,0.0,0,0.0
419,1626145,Tyus Jones,1610612750,MIN,16,6,10,297.0,13,40,0.325,3,10,0.3,29,0.363
420,2617,Udonis Haslem,1610612748,MIA,2,2,0,6.0,0,1,0.0,0,1,0.0,0,0.0
421,203506,Victor Oladipo,1610612754,IND,16,10,6,518.0,59,146,0.404,12,36,0.333,130,0.445
422,1713,Vince Carter,1610612737,ATL,17,3,14,309.0,4,14,0.286,1,2,0.5,9,0.321
423,1629053,Vincent Edwards,1610612745,HOU,1,1,0,4.0,0,0,0.0,0,0,0.0,0,0.0
424,1627735,Wade Baldwin IV,1610612757,POR,5,4,1,23.0,0,5,0.0,0,2,0.0,0,0.0
425,201961,Wayne Ellington,1610612748,MIA,9,3,6,210.0,7,22,0.318,4,10,0.4,18,0.409
426,1627782,Wayne Selden,1610612763,MEM,16,11,5,265.0,7,16,0.438,1,4,0.25,15,0.469
427,1628976,Wendell Carter Jr.,1610612741,CHI,17,4,13,440.0,3,8,0.375,0,0,0.0,6,0.375
428,1628411,Wes Iwundu,1610612753,ORL,13,7,6,236.0,4,14,0.286,0,0,0.0,8,0.286
429,202325,Wesley Johnson,1610612740,NOP,11,7,4,221.0,8,15,0.533,3,5,0.6,19,0.633
430,202083,Wesley Matthews,1610612742,DAL,13,5,8,422.0,15,50,0.3,3,18,0.167,33,0.33
431,203115,Will Barton,1610612743,DEN,2,2,0,54.0,4,6,0.667,3,4,0.75,11,0.917
432,1626161,Willie Cauley-Stein,1610612758,SAC,17,9,8,490.0,2,9,0.222,0,0,0.0,4,0.222
433,1626195,Willy Hernangomez,1610612766,CHA,15,8,7,213.0,2,3,0.667,1,1,1.0,5,0.833
434,201163,Wilson Chandler,1610612755,PHI,8,7,1,154.0,1,4,0.25,0,0,0.0,2,0.25
435,1627812,Yogi Ferrell,1610612758,SAC,11,6,5,173.0,7,19,0.368,2,2,1.0,16,0.421
436,1629139,Yuta Watanabe,1610612763,MEM,2,2,0,12.0,0,0,0.0,0,0,0.0,0,0.0
437,1628380,Zach Collins,1610612757,POR,16,11,5,330.0,3,10,0.3,1,1,1.0,7,0.35
438,203897,Zach LaVine,1610612741,CHI,16,4,12,575.0,33,115,0.287,11,37,0.297,77,0.335
439,1629155,Zach Lofton,1610612765,DET,1,1,0,4.0,0,0,0.0,0,0,0.0,0,0.0
440,2585,Zaza Pachulia,1610612765,DET,14,8,6,181.0,1,1,1.0,0,0,0.0,2,1.0
441,1627753,Zhou Qi,1610612745,HOU,1,0,1,1.0,0,0,0.0,0,0,0.0,0,0.0
