,PLAYER_ID,PLAYER_NAME,TEAM_ID,TEAM_ABBREVIATION,GP,W,L,MIN,DIST_FEET,DIST_MILES,DIST_MILES_OFF,DIST_MILES_DEF,AVG_SPEED,AVG_SPEED_OFF,AVG_SPEED_DEF
0,201166,Aaron Brooks,1610612750,MIN,32,19,13,189.0,71737,13.6,7.3,6.3,4.32,4.46,4.17
1,203932,Aaron Gordon,1610612753,ORL,58,19,39,1909.0,741938,140.5,78.5,62.0,4.46,5.05,3.88
2,1626151,Aaron Harrison,1610612742,DAL,9,2,7,233.0,87649,16.6,9.0,7.6,4.29,4.52,4.04
3,1627846,Abdel Nader,1610612738,BOS,47,32,15,520.0,205667,39.0,20.9,18.1,4.52,4.61,4.41
4,203940,Adreian Payne,1610612753,ORL,5,0,5,43.0,15576,3.0,1.5,1.4,4.24,4.53,3.72
5,201143,Al Horford,1610612738,BOS,69,44,25,2175.0,769099,145.7,77.6,68.0,4.03,4.3,3.76
6,2744,Al Jefferson,1610612754,IND,36,17,19,484.0,170383,32.3,17.4,14.8,4.02,4.12,3.89
7,202329,Al-Farouq Aminu,1610612757,POR,69,40,29,2072.0,769774,145.8,78.5,67.3,4.23,4.46,3.99
8,1626210,Alan Williams,1610612756,PHX,5,1,4,70.0,25381,4.8,2.6,2.2,4.1,4.3,3.9
9,202692,Alec Burks,1610612762,UTA,64,37,27,1059.0,395970,75.0,39.9,35.1,4.27,4.43,4.11
10,1628409,Alec Peters,1610612756,PHX,20,2,18,225.0,88531,16.8,9.4,7.4,4.5,5.15,3.88
11,203518,Alex Abrines,1610612760,OKC,72,42,30,1084.0,415499,78.7,39.6,39.1,4.35,4.47,4.23
12,1627936,Alex Caruso,1610612747,LAL,37,16,21,562.0,222619,42.2,22.0,20.2,4.51,4.95,4.11
13,203458,Alex Len,1610612756,PHX,69,20,49,1395.0,514071,97.4,52.4,45.0,4.2,4.52,3.88
14,1627816,Alex Poythress,1610612754,IND,25,10,15,104.0,40792,7.7,4.1,3.6,4.45,4.61,4.28
15,1628035,Alfonzo McKinnie,1610612761,TOR,14,13,1,53.0,21958,4.2,2.1,2.1,4.73,4.87,4.6
16,203459,Allen Crabbe,1610612751,BKN,73,24,49,2133.0,805081,152.5,82.5,69.9,4.3,4.57,4.02
17,101161,Amir Johnson,1610612755,PHI,74,47,27,1170.0,430540,81.5,41.4,40.2,4.19,4.42,3.98
18,203083,Andre Drummond,1610612765,DET,78,37,41,2625.0,932297,176.6,89.5,87.0,4.06,4.12,4.01
19,2738,Andre Iguodala,1610612744,GSW,63,45,18,1599.0,597971,113.3,59.3,53.9,4.27,4.63,3.92
20,201281,Andre Ingram,1610612747,LAL,2,1,1,64.0,24991,4.7,2.5,2.2,4.4,5.0,3.87
21,203460,Andre Roberson,1610612760,OKC,36,24,12,955.0,381341,72.2,34.9,37.3,4.55,4.6,4.5
22,101106,Andrew Bogut,1610612747,LAL,24,7,17,216.0,75070,14.2,7.5,6.7,3.95,4.13,3.76
23,1626150,Andrew Harrison,1610612763,MEM,55,16,39,1306.0,485427,91.9,50.2,41.7,4.24,4.45,4.01
24,1628510,Andrew White III,1610612737,ATL,15,1,14,209.0,81360,15.4,8.4,7.0,4.57,4.88,4.25
25,203952,Andrew Wiggins,1610612750,MIN,82,47,35,2979.0,1050184,198.9,105.0,93.9,4.01,4.09,3.92
26,1627790,Ante Zizic,1610612739,CLE,32,21,11,214.0,81184,15.4,8.2,7.1,4.32,4.44,4.13
27,1626148,Anthony Brown,1610612750,MIN,1,0,1,4.0,1342,0.3,0.1,0.1,4.8,4.57,2.47
28,203076,Anthony Davis,1610612740,NOP,73,44,29,2643.0,917141,173.7,90.1,83.6,3.95,4.31,3.63
29,201229,Anthony Tolliver,1610612765,DET,79,37,42,1757.0,699759,132.5,75.2,57.3,4.55,5.18,3.92
30,1628469,Antonio Blakeney,1610612741,CHI,19,3,16,314.0,122424,23.2,11.8,11.4,4.49,4.95,4.09
31,1628499,Antonius Cleveland,1610612737,ATL,17,7,10,123.0,47413,9.0,4.7,4.2,4.41,4.5,4.22
32,203382,Aron Baynes,1610612738,BOS,78,51,27,1433.0,517078,97.9,50.3,47.6,4.11,4.22,4.0
33,201167,Arron Afflalo,1610612753,ORL,53,16,37,682.0,250794,47.5,25.0,22.5,4.2,4.37,4.03
34,203085,Austin Rivers,1610612746,LAC,61,30,31,2057.0,774231,146.6,79.9,66.7,4.28,4.6,3.95
35,202340,Avery Bradley,1610612746,LAC,46,22,24,1433.0,564313,106.9,56.0,50.9,4.5,4.69,4.31
36,1628389,Bam Adebayo,1610612748,MIA,68,33,35,1348.0,488201,92.5,48.3,44.1,4.12,4.17,4.06
37,203463,Ben McLemore,1610612763,MEM,56,7,49,1091.0,440450,83.4,44.9,38.6,4.64,4.97,4.32
38,1628500,Ben Moore,1610612754,IND,2,1,1,9.0,4023,0.8,0.4,0.4,5.18,4.58,5.99
39,1627732,Ben Simmons,1610612755,PHI,80,51,29,2703.0,1070899,202.8,110.8,92.1,4.51,5.12,3.94
40,202687,Bismack Biyombo,1610612753,ORL,82,25,57,1495.0,548364,103.9,54.6,49.3,4.2,4.41,3.99
41,201933,Blake Griffin,1610612765,DET,58,28,30,1970.0,659442,124.9,67.0,57.9,3.83,4.08,3.57
42,1626246,Boban Marjanovic,1610612746,LAC,39,18,21,338.0,123646,23.4,12.1,11.3,4.17,4.43,3.92
43,201628,Bobby Brown,1610612745,HOU,20,17,3,115.0,40782,7.7,4.4,3.4,4.03,4.4,3.72
44,1626171,Bobby Portis,1610612741,CHI,73,25,48,1642.0,631888,119.7,62.3,57.4,4.39,4.82,4.0
45,203992,Bogdan Bogdanovic,1610612758,SAC,78,26,52,2175.0,841513,159.4,87.3,72.1,4.43,4.79,4.06
46,202711,Bojan Bogdanovic,1610612754,IND,80,47,33,2464.0,919736,174.2,90.4,83.8,4.26,4.5,4.03
47,203078,Bradley Beal,1610612764,WAS,82,43,39,2977.0,1087533,206.0,110.1,95.9,4.17,4.43,3.91
48,201148,Brandan Wright,1610612745,HOU,27,10,17,370.0,133209,25.2,13.5,11.8,4.09,4.36,3.86
49,1627742,Brandon Ingram,1610612747,LAL,59,27,32,1975.0,765631,145.0,78.1,66.9,4.41,4.91,3.95
50,201943,Brandon Jennings,1610612749,MIL,14,8,6,205.0,80075,15.2,8.1,7.1,4.46,4.74,4.18
51,203464,Brandon Paul,1610612759,SAS,64,38,26,576.0,227509,43.1,23.4,19.7,4.49,4.9,4.08
52,1627362,Briante Weber,1610612763,MEM,18,8,10,237.0,99687,18.9,10.1,8.7,4.81,5.03,4.53
53,1627744,Brice Johnson,1610612763,MEM,18,2,16,98.0,34580,6.5,3.5,3.1,4.12,4.65,3.75
54,201572,Brook Lopez,1610612747,LAL,74,34,40,1735.0,616278,116.7,59.5,57.2,4.13,4.35,3.92
55,203998,Bruno Caboclo,1610612758,SAC,12,4,8,106.0,42768,8.1,4.3,3.8,4.58,4.85,4.31
56,1627854,Bryn Forbes,1610612759,SAS,80,46,34,1517.0,589694,111.7,60.7,51.0,4.43,4.74,4.11
57,1627741,Buddy Hield,1610612758,SAC,80,27,53,2024.0,824475,156.2,83.7,72.4,4.66,4.99,4.33
58,203710,C.J. Williams,1610612746,LAC,38,17,21,707.0,279142,52.9,27.7,25.2,4.49,4.8,4.19
59,203468,CJ McCollum,1610612757,POR,81,48,33,2924.0,1152105,218.2,122.9,95.3,4.51,4.95,4.04
60,101139,CJ Miles,1610612761,TOR,70,50,20,1337.0,485543,92.0,49.6,42.3,4.17,4.54,3.79
61,1628403,Caleb Swanigan,1610612757,POR,27,16,11,189.0,71478,13.5,7.3,6.2,4.3,4.42,4.16
62,1626166,Cameron Payne,1610612741,CHI,25,7,18,582.0,219970,41.7,22.2,19.4,4.36,4.88,3.87
63,1627747,Caris LeVert,1610612751,BKN,69,24,45,1802.0,686377,130.0,70.6,59.4,4.34,4.61,4.07
64,2546,Carmelo Anthony,1610612760,OKC,75,46,29,2397.0,793519,150.3,78.9,71.4,3.76,4.1,3.45
65,1626224,Cedi Osman,1610612739,CLE,61,35,26,672.0,264987,50.2,25.8,24.4,4.49,4.64,4.33
66,202718,Chandler Parsons,1610612763,MEM,35,11,24,676.0,247981,47.0,25.8,21.1,4.19,4.52,3.83
67,101112,Channing Frye,1610612747,LAL,53,28,25,695.0,244887,46.4,24.4,22.0,4.0,4.36,3.67
68,1628429,Charles Cooke,1610612740,NOP,13,8,5,38.0,14663,2.8,1.5,1.3,4.41,4.58,4.23
69,1627767,Cheick Diallo,1610612740,NOP,52,29,23,581.0,224315,42.5,22.8,19.7,4.53,5.01,4.08
70,1627778,Chinanu Onuaku,1610612745,HOU,1,0,1,22.0,7181,1.4,0.7,0.7,3.91,4.05,3.79
71,1628449,Chris Boucher,1610612744,GSW,1,1,0,1.0,445,0.1,0.1,0.0,4.54,6.51,0.0
72,1626191,Chris McCullough,1610612764,WAS,19,11,8,90.0,36316,6.9,3.9,3.0,4.64,5.12,4.13
73,101108,Chris Paul,1610612745,HOU,58,50,8,1847.0,625154,118.4,65.1,53.3,3.86,4.21,3.51
74,203991,Clint Capela,1610612745,HOU,73,62,11,2009.0,746057,141.3,75.8,65.5,4.24,4.52,3.94
75,203469,Cody Zeller,1610612766,CHA,33,14,19,627.0,239791,45.4,24.7,20.8,4.36,4.7,4.04
76,202332,Cole Aldrich,1610612750,MIN,21,14,7,49.0,17716,3.4,1.9,1.5,4.17,4.6,3.72
77,201147,Corey Brewer,1610612760,OKC,72,32,40,1209.0,468478,88.7,43.8,44.9,4.4,4.52,4.29
78,202709,Cory Joseph,1610612754,IND,82,48,34,2210.0,897727,170.0,89.2,80.8,4.64,4.86,4.43
79,201584,Courtney Lee,1610612752,NYK,75,26,49,2278.0,866785,164.2,86.7,77.4,4.33,4.48,4.18
80,1626245,Cristiano Felicio,1610612741,CHI,55,13,42,977.0,383837,72.7,37.3,35.4,4.49,4.77,4.24
81,1626156,D'Angelo Russell,1610612751,BKN,48,16,32,1234.0,459972,87.1,47.5,39.6,4.24,4.52,3.95
82,201571,D.J. Augustin,1610612753,ORL,75,23,52,1760.0,666491,126.2,70.6,55.6,4.35,4.74,3.94
83,1628391,D.J. Wilson,1610612749,MIL,22,12,10,71.0,27347,5.2,2.7,2.4,4.4,4.49,4.13
84,1626177,Dakari Johnson,1610612760,OKC,29,21,8,144.0,51646,9.8,5.0,4.8,4.1,4.31,3.91
85,1627745,Damian Jones,1610612744,GSW,15,7,8,89.0,33555,6.4,3.3,3.0,4.35,4.4,4.15
86,203081,Damian Lillard,1610612757,POR,73,44,29,2670.0,972184,184.1,103.2,80.9,4.16,4.53,3.78
87,2863,Damien Wilkins,1610612754,IND,19,10,9,152.0,55403,10.5,5.5,4.9,4.15,4.2,4.01
88,1627814,Damion Lee,1610612737,ATL,15,4,11,404.0,168051,31.8,17.3,14.5,4.72,4.99,4.43
89,1628422,Damyean Dotson,1610612752,NYK,44,11,33,474.0,191377,36.2,19.4,16.9,4.59,4.99,4.24
90,1627772,Daniel Hamilton,1610612760,OKC,6,5,1,28.0,10574,2.0,1.1,0.9,4.31,4.53,4.08
91,1628464,Daniel Theis,1610612738,BOS,60,41,19,894.0,336004,63.6,33.4,30.2,4.29,4.46,4.12
92,201568,Danilo Gallinari,1610612746,LAC,21,11,10,671.0,247542,46.9,25.7,21.2,4.21,4.58,3.84
93,201980,Danny Green,1610612759,SAS,70,40,30,1791.0,725721,137.4,76.8,60.6,4.62,4.93,4.28
94,201967,Dante Cunningham,1610612751,BKN,71,33,38,1518.0,618411,117.1,63.4,53.7,4.63,5.04,4.23
95,203957,Dante Exum,1610612762,UTA,14,10,4,235.0,96393,18.3,9.7,8.6,4.7,5.24,4.21
96,1627863,Danuel House,1610612756,PHX,23,6,17,403.0,161067,30.5,16.9,13.6,4.56,5.0,4.11
97,203967,Dario Saric,1610612755,PHI,77,49,28,2276.0,886140,167.8,89.7,78.1,4.43,4.88,4.0
98,203121,Darius Miller,1610612740,NOP,80,47,33,1903.0,670911,127.1,66.9,60.2,4.05,4.41,3.71
99,201589,Darrell Arthur,1610612743,DEN,19,12,7,141.0,51139,9.7,5.2,4.5,4.2,4.42,3.96
100,201954,Darren Collison,1610612754,IND,69,39,30,2018.0,757963,143.6,75.0,68.6,4.29,4.53,4.07
101,1626199,Darrun Hilliard,1610612759,SAS,14,8,6,95.0,36156,6.8,3.8,3.1,4.3,4.8,3.92
102,1628021,David Nwaba,1610612741,CHI,70,26,44,1646.0,672308,127.3,65.1,62.2,4.65,4.95,4.38
103,204065,David Stockton,1610612762,UTA,3,3,0,9.0,3644,0.7,0.4,0.3,4.52,4.46,4.61
104,2561,David West,1610612744,GSW,72,51,21,986.0,330935,62.7,32.2,30.5,3.83,4.02,3.65
105,202722,Davis Bertans,1610612759,SAS,77,43,34,1086.0,441925,83.7,47.7,36.0,4.64,5.32,3.97
106,1628432,Davon Reed,1610612756,PHX,21,2,19,242.0,98876,18.7,10.4,8.4,4.61,5.26,4.04
107,1628368,De'Aaron Fox,1610612758,SAC,73,24,49,2026.0,794693,150.5,81.6,68.9,4.47,4.84,4.1
108,201599,DeAndre Jordan,1610612746,LAC,77,39,38,2423.0,831224,157.4,82.7,74.7,3.9,4.07,3.73
109,202732,DeAndre Liggins,1610612740,NOP,57,34,23,708.0,270894,51.3,25.1,26.2,4.46,4.41,4.51
110,1627761,DeAndre' Bembry,1610612737,ATL,25,8,17,454.0,173428,32.8,17.1,15.8,4.37,4.63,4.15
111,201942,DeMar DeRozan,1610612761,TOR,80,57,23,2712.0,1009881,191.3,106.6,84.6,4.24,4.71,3.77
112,202326,DeMarcus Cousins,1610612740,NOP,46,26,20,1678.0,529537,100.3,51.5,48.8,3.6,3.77,3.44
113,201960,DeMarre Carroll,1610612751,BKN,71,24,47,2122.0,765146,144.9,77.3,67.7,4.11,4.26,3.95
114,1627749,Dejounte Murray,1610612759,SAS,81,47,34,1743.0,745191,141.1,77.9,63.2,4.87,5.27,4.46
115,1626153,Delon Wright,1610612761,TOR,69,49,20,1433.0,578139,109.5,58.9,50.6,4.61,4.97,4.25
116,1627743,Demetrius Jackson,1610612755,PHI,14,12,2,76.0,31708,6.0,3.3,2.7,4.69,5.11,4.25
117,203471,Dennis Schroder,1610612737,ATL,66,21,45,2041.0,803043,152.1,83.5,68.6,4.47,4.87,4.07
118,1628372,Dennis Smith Jr.,1610612742,DAL,69,22,47,2049.0,784241,148.5,82.8,65.7,4.37,4.72,4.01
119,1627756,Denzel Valentine,1610612741,CHI,77,26,51,2095.0,839991,159.1,85.2,73.8,4.59,5.08,4.12
120,202324,Derrick Favors,1610612762,UTA,77,46,31,2153.0,820976,155.5,84.4,71.1,4.37,4.58,4.13
121,1627884,Derrick Jones Jr.,1610612748,MIA,20,9,11,245.0,94277,17.9,9.3,8.5,4.35,4.45,4.2
122,201565,Derrick Rose,1610612750,MIN,25,15,10,419.0,165481,31.3,16.2,15.1,4.49,4.81,4.18
123,1628476,Derrick Walton Jr.,1610612748,MIA,16,8,8,147.0,56459,10.7,6.0,4.7,4.36,4.64,4.05
124,1628401,Derrick White,1610612759,SAS,17,7,10,139.0,56283,10.7,5.8,4.8,4.54,5.02,4.0
125,202682,Derrick Williams,1610612747,LAL,2,1,1,9.0,3067,0.6,0.3,0.3,4.3,4.71,3.96
126,1626164,Devin Booker,1610612756,PHX,54,16,38,1865.0,702092,133.0,73.2,59.8,4.3,4.73,3.86
127,2734,Devin Harris,1610612743,DEN,71,33,38,1340.0,486265,92.1,51.5,40.6,4.19,4.58,3.78
128,1628421,Devin Robinson,1610612764,WAS,1,0,1,13.0,5224,1.0,0.5,0.4,4.57,4.16,4.04
129,203473,Dewayne Dedmon,1610612737,ATL,61,18,43,1520.0,570421,108.0,58.9,49.1,4.29,4.65,3.92
130,1627738,Deyonta Davis,1610612763,MEM,62,16,46,943.0,356395,67.5,36.0,31.5,4.33,4.61,4.05
131,1628415,Dillon Brooks,1610612763,MEM,81,21,60,2329.0,883002,167.2,87.7,79.5,4.35,4.5,4.19
132,203079,Dion Waiters,1610612748,MIA,29,15,14,893.0,328674,62.2,34.9,27.4,4.19,4.55,3.81
133,1717,Dirk Nowitzki,1610612742,DAL,77,24,53,1900.0,599692,113.6,62.1,51.5,3.6,3.8,3.39
134,1627734,Domantas Sabonis,1610612754,IND,74,45,29,1810.0,692419,131.1,69.4,61.7,4.38,4.71,4.06
135,1628378,Donovan Mitchell,1610612762,UTA,79,46,33,2638.0,974063,184.5,101.8,82.7,4.22,4.56,3.87
136,1627827,Dorian Finney-Smith,1610612742,DAL,21,4,17,448.0,174214,33.0,17.7,15.3,4.44,4.62,4.24
137,203926,Doug McDermott,1610612742,DAL,80,29,51,1736.0,718293,136.0,74.1,62.0,4.72,5.1,4.34
138,1627733,Dragan Bender,1610612756,PHX,82,21,61,2069.0,789875,149.6,82.8,66.8,4.35,4.86,3.84
139,203110,Draymond Green,1610612744,GSW,69,47,22,2252.0,789464,149.5,77.0,72.5,4.02,4.44,3.65
140,1628407,Dwayne Bacon,1610612766,CHA,53,25,28,713.0,267724,50.7,27.0,23.7,4.29,4.52,4.06
141,202779,Dwight Buycks,1610612765,DET,29,10,19,427.0,168327,31.9,17.6,14.3,4.5,4.98,4.01
142,2730,Dwight Howard,1610612766,CHA,81,35,46,2463.0,877155,166.1,90.2,75.9,4.06,4.38,3.73
143,203939,Dwight Powell,1610612742,DAL,79,23,56,1672.0,653681,123.8,67.8,56.0,4.45,4.77,4.12
144,2548,Dwyane Wade,1610612748,MIA,67,37,30,1536.0,560631,106.2,57.3,48.9,4.16,4.54,3.79
145,202734,E'Twaun Moore,1610612740,NOP,80,47,33,2528.0,994316,188.3,98.0,90.3,4.49,4.88,4.13
146,202334,Ed Davis,1610612757,POR,78,48,30,1471.0,554142,105.0,57.6,47.4,4.31,4.53,4.07
147,1628410,Edmond Sumner,1610612754,IND,1,0,1,2.0,846,0.2,0.1,0.1,5.54,5.93,5.2
148,202327,Ekpe Udoh,1610612762,UTA,63,36,27,810.0,299422,56.7,29.9,26.8,4.23,4.4,4.05
149,203901,Elfrid Payton,1610612756,PHX,63,13,50,1808.0,711390,134.7,70.8,64.0,4.48,4.89,4.11
150,2731,Emeka Okafor,1610612740,NOP,26,16,10,353.0,129926,24.6,12.7,11.9,4.17,4.49,3.88
151,1626144,Emmanuel Mudiay,1610612752,NYK,64,29,35,1244.0,491400,93.1,52.6,40.5,4.54,5.07,4.0
152,202683,Enes Kanter,1610612752,NYK,70,26,44,1807.0,681357,129.0,68.0,61.0,4.3,4.45,4.15
153,202339,Eric Bledsoe,1610612749,MIL,74,40,34,2322.0,870521,164.9,86.2,78.7,4.29,4.69,3.92
154,201569,Eric Gordon,1610612745,HOU,68,55,13,2121.0,730897,138.4,72.6,65.9,3.93,4.23,3.66
155,203961,Eric Moreland,1610612765,DET,67,32,35,805.0,312542,59.2,30.9,28.3,4.43,4.59,4.27
156,1628571,Erik McCree,1610612762,UTA,4,4,0,8.0,2154,0.4,0.2,0.2,3.49,3.84,3.19
157,101141,Ersan Ilyasova,1610612755,PHI,69,36,33,1730.0,654337,123.9,66.8,57.1,4.31,4.71,3.92
158,203095,Evan Fournier,1610612753,ORL,57,20,37,1837.0,710203,134.5,71.6,62.9,4.4,4.8,4.02
159,202323,Evan Turner,1610612757,POR,79,48,31,2034.0,750940,142.2,76.7,65.5,4.22,4.41,4.01
160,1626163,Frank Kaminsky,1610612766,CHA,79,35,44,1835.0,697636,132.1,75.3,56.9,4.33,4.85,3.8
161,1628412,Frank Mason,1610612758,SAC,52,17,35,984.0,355880,67.4,35.9,31.5,4.16,4.41,3.92
162,1628373,Frank Ntilikina,1610612752,NYK,77,27,50,1693.0,641087,121.4,65.0,56.4,4.36,4.66,4.06
163,1627832,Fred VanVleet,1610612761,TOR,76,55,21,1520.0,625383,118.4,63.1,55.3,4.69,5.09,4.3
164,1627788,Furkan Korkmaz,1610612755,PHI,14,11,3,80.0,32600,6.2,3.5,2.7,4.68,4.89,4.44
165,202066,Garrett Temple,1610612758,SAC,65,23,42,1615.0,613781,116.2,63.3,53.0,4.35,4.61,4.09
166,203914,Gary Harris,1610612743,DEN,67,37,30,2305.0,841802,159.4,84.5,75.0,4.23,4.48,3.99
167,1627780,Gary Payton II,1610612747,LAL,23,10,13,221.0,94195,17.8,8.9,8.9,4.84,5.21,4.52
168,201588,George Hill,1610612739,CLE,67,28,39,1812.0,680079,128.8,70.2,58.6,4.28,4.52,4.02
169,1627777,Georges Niang,1610612762,UTA,9,9,0,32.0,12243,2.3,1.2,1.1,4.55,4.73,4.37
170,1627834,Georgios Papagiannis,1610612757,POR,17,3,14,122.0,45783,8.7,4.7,4.0,4.3,4.7,3.91
171,101123,Gerald Green,1610612745,HOU,41,33,8,929.0,343432,65.0,33.9,31.2,4.21,4.35,4.08
172,1628492,Gian Clavell,1610612742,DAL,7,0,7,64.0,25015,4.7,2.4,2.3,4.46,4.87,4.1
173,203507,Giannis Antetokounmpo,1610612749,MIL,74,39,35,2715.0,983626,186.3,98.5,87.8,4.15,4.61,3.74
174,203922,Glenn Robinson III,1610612754,IND,23,14,9,338.0,134232,25.4,13.7,11.7,4.57,4.81,4.31
175,201609,Goran Dragic,1610612748,MIA,74,38,36,2349.0,935795,177.2,97.6,79.6,4.53,4.91,4.14
176,202330,Gordon Hayward,1610612738,BOS,1,0,1,5.0,2227,0.4,0.2,0.2,4.62,4.62,4.61
177,203476,Gorgui Dieng,1610612750,MIN,79,45,34,1333.0,499928,94.7,51.2,43.5,4.27,4.45,4.08
178,202328,Greg Monroe,1610612738,BOS,50,21,29,1024.0,360278,68.2,35.9,32.3,4.01,4.11,3.91
179,1627824,Guerschon Yabusele,1610612738,BOS,32,23,9,233.0,91031,17.2,9.7,7.6,4.41,4.71,4.13
180,203084,Harrison Barnes,1610612742,DAL,77,24,53,2634.0,1015144,192.3,106.8,85.5,4.39,4.71,4.05
181,202355,Hassan Whiteside,1610612748,MIA,54,30,24,1364.0,479080,90.7,48.0,42.8,3.99,4.07,3.92
182,1627740,Henry Ellenson,1610612765,DET,38,21,17,329.0,139091,26.3,14.7,11.7,4.85,5.55,4.22
183,203546,Ian Clark,1610612740,NOP,73,43,30,1428.0,548759,103.9,54.8,49.2,4.42,4.83,4.05
184,101133,Ian Mahinmi,1610612764,WAS,77,42,35,1145.0,428125,81.1,42.7,38.4,4.25,4.43,4.08
185,1628387,Ike Anigbogu,1610612754,IND,11,5,6,30.0,10681,2.0,1.2,0.9,4.03,4.49,3.93
186,202697,Iman Shumpert,1610612758,SAC,14,9,5,276.0,109740,20.8,10.6,10.2,4.55,4.69,4.4
187,203477,Isaiah Canaan,1610612756,PHX,20,9,11,422.0,160630,30.4,16.2,14.3,4.34,4.58,4.12
188,1628439,Isaiah Hicks,1610612752,NYK,18,4,14,239.0,93721,17.8,9.3,8.4,4.46,4.71,4.17
189,1627819,Isaiah Taylor,1610612737,ATL,67,18,49,1167.0,461316,87.4,48.0,39.4,4.5,4.94,4.06
190,202738,Isaiah Thomas,1610612747,LAL,32,15,17,862.0,310523,58.8,32.0,26.8,4.25,4.67,3.84
191,1627785,Isaiah Whitehead,1610612751,BKN,15,2,13,163.0,62157,11.8,6.4,5.3,4.36,4.78,3.88
192,202397,Ish Smith,1610612765,DET,82,39,43,2043.0,871242,165.0,93.3,71.7,4.88,5.56,4.21
193,1628397,Ivan Rabb,1610612763,MEM,36,6,30,516.0,196732,37.3,19.9,17.4,4.36,4.56,4.14
194,1627826,Ivica Zubac,1610612747,LAL,43,19,24,410.0,154142,29.2,15.4,13.8,4.38,4.9,3.92
195,200826,J.J. Barea,1610612742,DAL,69,23,46,1603.0,609030,115.3,66.2,49.2,4.32,4.78,3.83
196,200755,JJ Redick,1610612755,PHI,69,45,24,2086.0,845348,160.1,87.0,73.1,4.61,5.16,4.08
197,2747,JR Smith,1610612739,CLE,80,49,31,2244.0,811868,153.8,80.1,73.7,4.12,4.26,3.98
198,203960,JaKarr Sampson,1610612758,SAC,22,6,16,344.0,133508,25.3,13.6,11.7,4.43,4.71,4.14
199,203210,JaMychal Green,1610612763,MEM,55,11,44,1542.0,574231,108.8,57.7,51.1,4.27,4.43,4.1
200,201580,JaVale McGee,1610612744,GSW,64,44,20,607.0,225958,42.8,21.9,20.9,4.3,4.56,4.05
201,1628444,Jabari Bird,1610612738,BOS,13,8,5,115.0,43887,8.3,4.4,3.9,4.4,4.53,4.26
202,203953,Jabari Parker,1610612749,MIL,31,16,15,743.0,284868,54.0,28.3,25.6,4.42,4.75,4.08
203,204022,Jack Cooley,1610612758,SAC,7,4,3,87.0,29602,5.6,3.0,2.6,4.06,4.07,4.04
204,1626643,Jacob Pullen,1610612755,PHI,3,2,1,6.0,2213,0.4,0.2,0.2,3.95,4.27,3.67
205,1628451,Jacob Wiley,1610612751,BKN,4,1,3,32.0,12998,2.5,1.3,1.1,4.67,4.98,4.01
206,203109,Jae Crowder,1610612762,UTA,80,52,28,2090.0,767671,145.4,76.1,69.3,4.22,4.42,4.02
207,1626143,Jahlil Okafor,1610612751,BKN,28,7,21,353.0,130844,24.8,13.8,11.0,4.23,4.51,3.93
208,1627774,Jake Layman,1610612757,POR,35,22,13,160.0,64114,12.1,7.1,5.1,4.57,5.0,4.16
209,1627751,Jakob Poeltl,1610612761,TOR,82,59,23,1524.0,622480,117.9,61.9,56.0,4.68,4.99,4.37
210,1627883,Jalen Jones,1610612742,DAL,16,3,13,181.0,71233,13.5,7.1,6.4,4.48,4.8,4.17
211,2037,Jamal Crawford,1610612750,MIN,80,45,35,1653.0,585438,110.9,60.2,50.7,4.03,4.21,3.83
212,1627750,Jamal Murray,1610612743,DEN,81,46,35,2565.0,1022049,193.6,107.9,85.7,4.6,5.14,4.07
213,1627866,Jameel Warney,1610612742,DAL,3,1,2,27.0,10006,1.9,1.0,0.9,4.28,4.36,4.19
214,2749,Jameer Nelson,1610612765,DET,49,24,25,995.0,363854,68.9,37.6,31.4,4.17,4.58,3.78
215,1628503,Jamel Artis,1610612753,ORL,15,4,11,279.0,105575,20.0,10.8,9.2,4.47,4.85,4.08
216,203516,James Ennis III,1610612765,DET,71,24,47,1567.0,608489,115.2,61.4,53.9,4.43,4.65,4.21
217,201935,James Harden,1610612745,HOU,71,59,12,2516.0,814395,154.2,83.0,71.3,3.69,3.96,3.42
218,201949,James Johnson,1610612748,MIA,72,36,36,1912.0,716415,135.7,73.1,62.6,4.26,4.53,3.98
219,203949,James Michael McAdoo,1610612755,PHI,3,1,2,18.0,7601,1.4,0.8,0.6,4.69,5.36,4.02
220,1627821,James Webb III,1610612751,BKN,10,1,9,120.0,48339,9.2,5.1,4.1,4.62,5.24,4.02
221,203923,James Young,1610612755,PHI,6,4,2,61.0,22209,4.2,2.2,2.0,4.14,4.34,3.94
222,203966,Jamil Wilson,1610612746,LAC,15,6,9,274.0,101466,19.2,10.2,9.0,4.21,4.78,3.71
223,201162,Jared Dudley,1610612756,PHX,48,7,41,686.0,252573,47.8,25.9,22.0,4.17,4.76,3.66
224,204067,Jarell Eddie,1610612741,CHI,3,1,2,9.0,3214,0.6,0.3,0.3,4.2,4.08,4.32
225,1626185,Jarell Martin,1610612763,MEM,72,20,52,1640.0,653602,123.8,67.3,56.5,4.57,4.88,4.24
226,1628386,Jarrett Allen,1610612751,BKN,70,24,46,1401.0,548148,103.8,58.4,45.4,4.46,4.88,4.01
227,101127,Jarrett Jack,1610612752,NYK,61,25,36,1513.0,569668,107.9,59.4,48.5,4.29,4.66,3.91
228,201160,Jason Smith,1610612764,WAS,33,15,18,285.0,110764,21.0,11.2,9.8,4.53,4.88,4.18
229,1891,Jason Terry,1610612749,MIL,51,27,24,814.0,306790,58.1,29.5,28.6,4.34,4.53,4.17
230,1628393,Jawun Evans,1610612746,LAC,48,24,24,778.0,322509,61.1,30.7,30.4,4.72,4.99,4.48
231,1627759,Jaylen Brown,1610612738,BOS,67,44,23,2050.0,789108,149.5,77.5,72.0,4.39,4.55,4.22
232,1628537,Jaylen Morris,1610612737,ATL,6,2,4,98.0,35559,6.7,3.5,3.2,4.33,4.45,4.21
233,1628369,Jayson Tatum,1610612738,BOS,77,50,27,2362.0,865904,164.0,87.8,76.2,4.18,4.47,3.89
234,201145,Jeff Green,1610612739,CLE,78,47,31,1828.0,644226,122.0,62.4,59.6,4.02,4.17,3.86
235,201952,Jeff Teague,1610612750,MIN,70,41,29,2311.0,783642,148.4,79.9,68.5,3.86,4.03,3.68
236,203481,Jeff Withey,1610612742,DAL,10,2,8,39.0,14415,2.7,1.5,1.3,4.08,4.75,3.75
237,203924,Jerami Grant,1610612760,OKC,79,48,31,1606.0,617496,117.0,61.4,55.5,4.37,4.7,4.05
238,202379,Jeremy Evans,1610612737,ATL,1,0,1,5.0,2087,0.4,0.2,0.2,4.5,4.51,4.48
239,203087,Jeremy Lamb,1610612766,CHA,80,36,44,1967.0,762822,144.5,78.4,66.1,4.42,4.72,4.1
240,202391,Jeremy Lin,1610612751,BKN,1,0,1,25.0,10502,2.0,1.1,0.9,4.8,5.02,4.54
241,1626170,Jerian Grant,1610612741,CHI,74,24,50,1686.0,643366,121.8,64.4,57.5,4.34,4.71,4.0
242,201573,Jerryd Bayless,1610612755,PHI,38,21,17,908.0,343130,65.0,34.3,30.7,4.29,4.57,4.02
243,202710,Jimmy Butler,1610612750,MIN,59,37,22,2164.0,808730,153.2,82.4,70.8,4.26,4.4,4.1
244,201149,Joakim Noah,1610612752,NYK,7,1,6,40.0,16041,3.0,1.6,1.4,4.5,4.87,4.14
245,201975,Jodie Meeks,1610612764,WAS,77,41,36,1119.0,427427,81.0,43.5,37.4,4.42,4.7,4.12
246,203925,Joe Harris,1610612751,BKN,77,26,51,1948.0,773906,146.6,82.0,64.6,4.53,4.95,4.1
247,204060,Joe Ingles,1610612762,UTA,82,48,34,2578.0,975619,184.8,101.3,83.5,4.33,4.61,4.04
248,2207,Joe Johnson,1610612745,HOU,55,35,20,1205.0,429805,81.4,44.8,36.6,4.08,4.36,3.77
249,1626202,Joe Young,1610612754,IND,53,28,25,558.0,232580,44.0,22.5,21.5,4.77,4.77,4.77
250,1627762,Joel Bolomboy,1610612749,MIL,6,3,3,38.0,14181,2.7,1.5,1.2,4.31,4.26,4.37
251,203954,Joel Embiid,1610612755,PHI,62,41,21,1882.0,667641,126.4,67.1,59.3,4.04,4.37,3.71
252,203530,Joffrey Lauvergne,1610612759,SAS,55,30,25,534.0,198483,37.6,20.1,17.4,4.24,4.52,3.94
253,1628381,John Collins,1610612737,ATL,73,21,52,1760.0,692430,131.1,71.3,59.8,4.47,4.84,4.1
254,203089,John Henson,1610612749,MIL,75,39,36,1953.0,699877,132.6,66.6,65.9,4.11,4.31,3.92
255,204066,John Holland,1610612739,CLE,24,17,7,174.0,63264,12.0,6.5,5.5,4.14,4.3,3.96
256,202322,John Wall,1610612764,WAS,41,23,18,1410.0,459680,87.1,44.8,42.3,3.71,3.83,3.58
257,1628405,Johnathan Motley,1610612742,DAL,11,1,10,176.0,62790,11.9,6.4,5.5,4.07,4.39,3.75
258,203948,Johnny O'Bryant III,1610612766,CHA,36,15,21,379.0,146948,27.8,15.4,12.5,4.42,4.7,4.15
259,202720,Jon Leuer,1610612765,DET,8,5,3,136.0,57609,10.9,6.1,4.8,4.78,5.24,4.3
260,201973,Jonas Jerebko,1610612762,UTA,74,45,29,1133.0,441875,83.7,46.0,37.7,4.47,4.81,4.11
261,202685,Jonas Valanciunas,1610612761,TOR,77,56,21,1727.0,648043,122.7,66.0,56.7,4.28,4.55,4.0
262,1626780,Jonathan Gibson,1610612738,BOS,4,2,2,40.0,15478,2.9,1.5,1.4,4.37,4.59,4.17
263,1628371,Jonathan Isaac,1610612753,ORL,27,11,16,535.0,203621,38.6,20.8,17.8,4.39,4.71,4.08
264,203613,Jonathon Simmons,1610612753,ORL,69,21,48,2029.0,776446,147.1,77.5,69.6,4.38,4.66,4.11
265,1628395,Jordan Bell,1610612744,GSW,56,42,14,804.0,311669,59.0,30.6,28.5,4.4,4.66,4.17
266,203903,Jordan Clarkson,1610612739,CLE,81,40,41,1887.0,740321,140.2,75.2,65.0,4.47,4.89,4.06
267,202348,Jordan Crawford,1610612740,NOP,4,3,1,29.0,10800,2.0,1.1,0.9,4.2,4.5,3.88
268,1626175,Jordan Mickey,1610612748,MIA,23,15,8,284.0,109662,20.8,11.4,9.4,4.4,4.64,4.15
269,101181,Jose Calderon,1610612739,CLE,57,33,24,914.0,353831,67.0,35.5,31.6,4.42,4.64,4.21
270,1627982,Josh Gray,1610612756,PHX,5,0,5,86.0,36705,7.0,3.9,3.1,4.88,5.25,4.48
271,1628404,Josh Hart,1610612747,LAL,63,27,36,1461.0,563442,106.7,54.7,52.0,4.4,4.71,4.11
272,203962,Josh Huestis,1610612760,OKC,67,43,24,966.0,372759,70.6,35.6,35.0,4.39,4.48,4.31
273,1628367,Josh Jackson,1610612756,PHX,77,19,58,1959.0,771715,146.2,78.2,68.0,4.5,4.93,4.1
274,203705,Josh Magette,1610612737,ATL,18,3,15,216.0,83105,15.7,8.8,7.0,4.51,5.04,4.04
275,201177,Josh McRoberts,1610612742,DAL,2,2,0,6.0,2128,0.4,0.2,0.2,4.17,3.8,4.61
276,1626196,Josh Richardson,1610612748,MIA,80,43,37,2657.0,1034320,195.9,106.3,89.6,4.43,4.72,4.12
277,2746,Josh Smith,1610612740,NOP,3,2,1,12.0,4271,0.8,0.4,0.4,4.06,4.36,3.8
278,201950,Jrue Holiday,1610612740,NOP,79,46,33,2859.0,1103260,209.0,111.0,98.0,4.4,4.92,3.92
279,1627823,Juancho Hernangomez,1610612743,DEN,25,15,10,277.0,100095,19.0,10.0,8.9,4.43,4.65,4.17
280,203944,Julius Randle,1610612747,LAL,82,35,47,2190.0,782113,148.1,78.5,69.6,4.13,4.54,3.74
281,202933,Julyan Stone,1610612766,CHA,23,10,13,175.0,63750,12.1,6.3,5.8,4.17,4.44,3.91
282,1626147,Justin Anderson,1610612755,PHI,37,27,10,515.0,194838,36.9,20.0,16.9,4.31,4.64,3.97
283,203200,Justin Holiday,1610612741,CHI,72,24,48,2265.0,896321,169.8,91.1,78.7,4.5,4.92,4.09
284,1628382,Justin Jackson,1610612758,SAC,68,21,47,1506.0,586196,111.0,59.8,51.2,4.47,4.8,4.13
285,1628383,Justin Patton,1610612750,MIN,1,0,1,4.0,1347,0.3,0.1,0.1,4.81,4.57,2.47
286,1626159,Justise Winslow,1610612748,MIA,67,32,35,1655.0,638859,121.0,64.8,56.2,4.4,4.64,4.15
287,203994,Jusuf Nurkic,1610612757,POR,79,48,31,2088.0,775062,146.8,80.4,66.4,4.25,4.57,3.92
288,1628443,Kadeem Allen,1610612738,BOS,18,9,9,107.0,41187,7.8,4.4,3.4,4.38,4.83,3.9
289,1626157,Karl-Anthony Towns,1610612750,MIN,82,47,35,2918.0,1044555,197.8,104.4,93.5,4.07,4.16,3.98
290,202695,Kawhi Leonard,1610612759,SAS,9,5,4,210.0,81121,15.4,8.5,6.8,4.5,4.87,4.05
291,1627770,Kay Felder,1610612765,DET,16,6,10,140.0,57925,11.0,6.0,4.9,4.74,5.23,4.18
292,203482,Kelly Olynyk,1610612748,MIA,75,41,34,1751.0,663116,125.6,68.4,57.2,4.32,4.64,3.98
293,1626162,Kelly Oubre Jr.,1610612764,WAS,81,43,38,2231.0,823468,156.0,81.4,74.6,4.23,4.39,4.07
294,202689,Kemba Walker,1610612766,CHA,80,36,44,2736.0,1008887,191.1,106.5,84.6,4.2,4.66,3.73
295,2570,Kendrick Perkins,1610612739,CLE,1,0,1,15.0,4639,0.9,0.4,0.4,3.73,3.51,3.13
296,202702,Kenneth Faried,1610612743,DEN,32,16,16,461.0,172393,32.7,17.7,14.9,4.28,4.52,4.01
297,203145,Kent Bazemore,1610612737,ATL,64,19,45,1759.0,691781,131.0,69.3,61.8,4.48,4.73,4.24
298,203484,Kentavious Caldwell-Pope,1610612747,LAL,74,31,43,2458.0,923717,174.9,90.4,84.5,4.35,4.69,4.03
299,201142,Kevin Durant,1610612744,GSW,67,48,19,2287.0,811218,153.6,81.0,72.6,4.06,4.55,3.62
300,201567,Kevin Love,1610612739,CLE,59,37,22,1651.0,618739,117.2,61.7,55.5,4.28,4.46,4.09
301,1626172,Kevon Looney,1610612744,GSW,66,45,21,910.0,354734,67.2,35.5,31.7,4.46,4.75,4.18
302,203920,Khem Birch,1610612753,ORL,42,14,28,578.0,216295,41.0,21.9,19.1,4.32,4.54,4.09
303,203114,Khris Middleton,1610612749,MIL,81,44,37,2947.0,1054594,199.7,102.5,97.2,4.09,4.38,3.82
304,202691,Klay Thompson,1610612744,GSW,72,54,18,2468.0,948313,179.6,94.7,84.9,4.4,4.92,3.93
305,1628424,Kobi Simmons,1610612763,MEM,32,6,26,643.0,254405,48.2,26.1,22.0,4.54,4.78,4.26
306,201585,Kosta Koufos,1610612758,SAC,71,22,49,1391.0,528178,100.0,52.9,47.2,4.36,4.56,4.16
307,1627739,Kris Dunn,1610612741,CHI,52,19,33,1525.0,599816,113.6,60.4,53.2,4.48,4.89,4.09
308,204001,Kristaps Porzingis,1610612752,NYK,48,22,26,1553.0,566107,107.2,58.5,48.7,4.15,4.49,3.81
309,203937,Kyle Anderson,1610612759,SAS,74,41,33,1978.0,764432,144.8,79.7,65.1,4.41,4.69,4.1
310,1627858,Kyle Collinsworth,1610612742,DAL,32,9,23,480.0,196622,37.2,19.8,17.5,4.67,4.89,4.47
311,2594,Kyle Korver,1610612739,CLE,73,43,30,1574.0,612875,116.1,60.7,55.4,4.44,4.78,4.12
312,1628398,Kyle Kuzma,1610612747,LAL,77,34,43,2401.0,936754,177.4,94.7,82.8,4.52,5.05,4.03
313,200768,Kyle Lowry,1610612761,TOR,78,57,21,2510.0,923894,175.0,95.8,79.2,4.21,4.62,3.8
314,203124,Kyle O'Quinn,1610612752,NYK,76,27,49,1362.0,492676,93.3,49.7,43.6,4.14,4.37,3.91
315,202713,Kyle Singler,1610612760,OKC,11,5,6,36.0,13971,2.6,1.4,1.2,4.29,4.7,3.89
316,202681,Kyrie Irving,1610612738,BOS,57,38,19,1834.0,678658,128.5,70.6,58.0,4.22,4.65,3.79
317,200746,LaMarcus Aldridge,1610612759,SAS,75,45,30,2509.0,904094,171.2,92.0,79.2,4.11,4.23,3.97
318,202362,Lance Stephenson,1610612754,IND,82,48,34,1850.0,657671,124.6,65.6,59.0,4.06,4.23,3.89
319,202498,Lance Thomas,1610612752,NYK,72,24,48,1328.0,530109,100.4,53.0,47.4,4.58,4.76,4.39
320,204038,Langston Galloway,1610612765,DET,58,28,30,863.0,339896,64.4,34.4,30.0,4.49,4.86,4.14
321,203580,Larry Drew II,1610612740,NOP,10,6,4,70.0,28197,5.3,2.9,2.5,4.55,4.97,4.3
322,1626204,Larry Nance Jr.,1610612739,CLE,66,32,34,1421.0,561024,106.3,55.7,50.6,4.5,4.92,4.11
323,1628374,Lauri Markkanen,1610612741,CHI,68,23,45,2020.0,790793,149.8,84.1,65.6,4.46,5.08,3.86
324,2544,LeBron James,1610612739,CLE,82,50,32,3026.0,1029152,194.9,103.0,92.0,3.88,4.1,3.66
325,1628506,London Perrantes,1610612739,CLE,14,8,6,66.0,23642,4.5,2.5,1.9,4.13,4.35,3.69
326,1628366,Lonzo Ball,1610612747,LAL,52,24,28,1780.0,681030,129.0,67.8,61.2,4.45,4.92,4.03
327,203485,Lorenzo Brown,1610612761,TOR,14,9,5,139.0,54839,10.4,5.3,5.0,4.52,4.74,4.22
328,101150,Lou Williams,1610612746,LAC,79,42,37,2589.0,918839,174.0,93.2,80.8,4.04,4.44,3.66
329,201601,Luc Mbah a Moute,1610612745,HOU,60,52,8,1536.0,546599,103.5,53.7,49.8,4.05,4.25,3.86
330,203512,Lucas Nogueira,1610612761,TOR,49,36,13,418.0,153309,29.0,15.2,13.9,4.18,4.42,3.98
331,1626242,Luis Montero,1610612765,DET,2,1,1,8.0,3142,0.6,0.3,0.3,4.53,4.46,4.61
332,202337,Luke Babbitt,1610612748,MIA,49,15,34,690.0,280045,53.0,29.5,23.5,4.62,5.05,4.18
333,1628379,Luke Kennard,1610612765,DET,73,34,39,1463.0,569351,107.8,58.8,49.1,4.47,4.89,4.06
334,1628436,Luke Kornet,1610612752,NYK,20,6,14,326.0,127640,24.2,13.3,10.8,4.46,4.88,3.99
335,2736,Luol Deng,1610612747,LAL,1,0,1,13.0,5284,1.0,0.5,0.5,4.61,4.9,4.35
336,1627781,Malachi Richardson,1610612761,TOR,26,8,18,323.0,117164,22.2,12.0,10.1,4.13,4.37,3.84
337,1627763,Malcolm Brogdon,1610612749,MIL,47,25,22,1400.0,527697,99.9,52.5,47.4,4.29,4.67,3.93
338,1627098,Malcolm Delaney,1610612737,ATL,53,16,37,989.0,367187,69.5,37.9,31.7,4.23,4.57,3.89
339,1626259,Malcolm Miller,1610612761,TOR,15,15,0,126.0,52507,9.9,5.4,4.5,4.72,4.88,4.53
340,1627736,Malik Beasley,1610612743,DEN,62,34,28,583.0,226864,43.0,22.8,20.2,4.48,4.78,4.18
341,1628370,Malik Monk,1610612766,CHA,63,26,37,853.0,338064,64.0,34.9,29.1,4.51,4.84,4.18
342,1628493,Mangok Mathiang,1610612766,CHA,4,3,1,20.0,7733,1.5,0.8,0.6,4.59,4.51,4.01
343,1938,Manu Ginobili,1610612759,SAS,65,39,26,1299.0,479020,90.7,50.3,40.4,4.2,4.53,3.86
344,202705,MarShon Brooks,1610612763,MEM,7,2,5,193.0,70879,13.4,7.3,6.1,4.18,4.37,3.99
345,201188,Marc Gasol,1610612763,MEM,72,20,52,2371.0,774953,146.8,80.9,65.8,3.74,3.98,3.47
346,101162,Marcin Gortat,1610612764,WAS,82,43,39,2074.0,778697,147.5,78.0,69.5,4.28,4.5,4.06
347,201158,Marco Belinelli,1610612755,PHI,79,39,40,1921.0,754083,142.8,79.2,63.6,4.47,5.01,3.95
348,1627875,Marcus Georges-Hunt,1610612750,MIN,42,24,18,224.0,80496,15.2,7.6,7.6,4.08,4.03,4.13
349,202694,Marcus Morris,1610612738,BOS,52,32,20,1394.0,503221,95.3,52.0,43.3,4.12,4.41,3.82
350,1627779,Marcus Paige,1610612766,CHA,5,4,1,28.0,10549,2.0,1.1,0.9,4.29,4.45,4.12
351,203935,Marcus Smart,1610612738,BOS,51,35,16,1537.0,552715,104.7,55.6,49.1,4.1,4.37,3.83
352,201596,Mario Chalmers,1610612763,MEM,65,20,45,1396.0,510003,96.6,54.6,42.0,4.17,4.59,3.72
353,1626209,Mario Hezonja,1610612753,ORL,75,21,54,1657.0,619970,117.4,63.5,53.9,4.29,4.63,3.95
354,203900,Markel Brown,1610612745,HOU,4,4,0,31.0,12252,2.3,1.2,1.1,4.39,4.42,4.37
355,1628365,Markelle Fultz,1610612755,PHI,14,11,3,253.0,103546,19.6,10.6,9.0,4.67,5.07,4.27
356,202693,Markieff Morris,1610612764,WAS,73,37,36,1968.0,671101,127.1,66.4,60.7,3.89,4.04,3.74
357,1627737,Marquese Chriss,1610612756,PHX,72,19,53,1527.0,583963,110.6,60.0,50.6,4.35,4.8,3.92
358,203104,Marquis Teague,1610612763,MEM,3,0,3,74.0,26059,4.9,2.8,2.2,4.0,4.55,3.6
359,201578,Marreese Speights,1610612753,ORL,52,15,37,675.0,220179,41.7,21.7,20.0,3.71,3.88,3.55
360,1627850,Marshall Plumlee,1610612749,MIL,8,5,3,52.0,20154,3.8,2.1,1.7,4.43,4.73,4.1
361,101107,Marvin Williams,1610612766,CHA,78,33,45,2006.0,765513,145.0,79.8,65.2,4.35,4.77,3.93
362,203486,Mason Plumlee,1610612743,DEN,74,40,34,1439.0,530859,100.5,53.6,47.0,4.26,4.55,3.98
363,1627856,Matt Costello,1610612759,SAS,4,2,2,32.0,12427,2.4,1.2,1.2,4.48,4.74,4.25
364,1628475,Matt Williams Jr.,1610612748,MIA,3,1,2,11.0,4169,0.8,0.4,0.4,4.22,4.56,3.93
365,203521,Matthew Dellavedova,1610612749,MIL,37,21,16,691.0,262953,49.8,26.8,23.0,4.34,4.8,3.9
366,203090,Maurice Harkless,1610612757,POR,59,36,23,1264.0,483437,91.6,49.2,42.3,4.4,4.56,4.21
367,1628467,Maxi Kleber,1610612742,DAL,72,20,52,1206.0,449178,85.1,45.2,39.8,4.25,4.38,4.1
368,203086,Meyers Leonard,1610612757,POR,33,17,16,254.0,92327,17.5,9.7,7.8,4.15,4.31,3.98
369,201563,Michael Beasley,1610612752,NYK,73,23,50,1616.0,595929,112.9,60.3,52.6,4.24,4.48,3.99
370,203487,Michael Carter-Williams,1610612766,CHA,52,23,29,835.0,334531,63.4,34.5,28.8,4.58,4.81,4.32
371,203077,Michael Kidd-Gilchrist,1610612766,CHA,74,34,40,1850.0,736667,139.5,71.6,67.9,4.53,4.62,4.43
372,201144,Mike Conley,1610612763,MEM,11,6,5,345.0,129350,24.5,13.4,11.1,4.27,4.64,3.9
373,1628455,Mike James,1610612740,NOP,36,11,25,686.0,271321,51.4,27.7,23.6,4.51,4.85,4.14
374,203488,Mike Muscala,1610612737,ATL,53,14,39,1060.0,429756,81.4,44.8,36.6,4.63,5.02,4.23
375,203118,Mike Scott,1610612764,WAS,76,39,37,1406.0,541465,102.6,55.8,46.7,4.42,4.79,4.04
376,203101,Miles Plumlee,1610612737,ATL,55,19,36,918.0,358213,67.8,37.7,30.1,4.48,4.88,4.05
377,1628462,Milos Teodosic,1610612746,LAC,45,29,16,1134.0,430209,81.5,43.5,38.0,4.32,4.75,3.91
378,1628495,Milton Doyle,1610612751,BKN,10,2,8,125.0,48471,9.2,5.1,4.0,4.45,4.7,4.06
379,1627851,Mindaugas Kuzminskas,1610612752,NYK,1,0,1,2.0,683,0.1,0.1,0.1,3.23,11.78,4.46
380,203141,Mirza Teletovic,1610612749,MIL,9,4,5,142.0,52521,9.9,5.3,4.7,4.19,4.57,3.92
381,1628420,Monte Morris,1610612743,DEN,3,2,1,25.0,9772,1.9,1.0,0.8,4.52,4.79,3.79
382,1626149,Montrezl Harrell,1610612746,LAC,76,39,37,1293.0,473126,89.6,46.0,43.6,4.16,4.49,3.87
383,1627988,Myke Henry,1610612763,MEM,20,3,17,378.0,153592,29.1,16.2,12.9,4.64,4.99,4.26
384,1626167,Myles Turner,1610612754,IND,65,39,26,1836.0,691079,130.9,69.9,61.0,4.29,4.62,3.97
385,203489,Nate Wolters,1610612762,UTA,5,3,2,19.0,6580,1.2,0.7,0.5,3.87,4.25,3.43
386,1628513,Naz Mitrou-Long,1610612762,UTA,1,0,1,1.0,231,0.0,0.0,0.0,0.0,0.0,0.0
387,202357,Nemanja Bjelica,1610612750,MIN,67,38,29,1371.0,524361,99.3,53.2,46.2,4.35,4.53,4.17
388,2403,Nene,1610612745,HOU,51,42,9,743.0,276622,52.4,27.0,25.4,4.24,4.51,3.99
389,203457,Nerlens Noel,1610612742,DAL,30,6,24,472.0,176921,33.5,18.0,15.5,4.28,4.41,4.14
390,2555,Nick Collison,1610612760,OKC,13,9,4,58.0,22639,4.3,2.3,1.9,4.42,4.68,3.94
391,201156,Nick Young,1610612744,GSW,79,55,24,1382.0,497949,94.3,49.8,44.5,4.12,4.42,3.84
392,201587,Nicolas Batum,1610612766,CHA,64,27,37,1981.0,764264,144.7,76.8,67.9,4.4,4.65,4.14
393,1627852,Nicolas Brussino,1610612737,ATL,4,0,4,10.0,3745,0.7,0.4,0.3,4.25,5.31,3.36
394,1628502,Nigel Hayes,1610612758,SAC,9,6,3,122.0,45657,8.6,4.8,3.9,4.24,4.68,3.88
395,203917,Nik Stauskas,1610612751,BKN,41,14,27,523.0,201140,38.1,21.0,17.1,4.37,4.78,3.95
396,203999,Nikola Jokic,1610612743,DEN,75,43,32,2443.0,858033,162.5,89.3,73.2,4.06,4.46,3.66
397,202703,Nikola Mirotic,1610612740,NOP,55,34,21,1494.0,577050,109.3,57.9,51.4,4.39,4.9,3.94
398,202696,Nikola Vucevic,1610612753,ORL,57,17,40,1683.0,590662,111.9,58.2,53.7,4.05,4.26,3.84
399,203943,Noah Vonleh,1610612741,CHI,54,24,30,876.0,336574,63.7,34.4,29.3,4.39,4.78,4.01
400,1626181,Norman Powell,1610612761,TOR,70,51,19,1062.0,422629,80.0,42.5,37.6,4.56,4.91,4.23
401,1628384,OG Anunoby,1610612761,TOR,74,51,23,1481.0,585554,110.9,58.0,52.9,4.54,4.71,4.36
402,1627855,Okaro White,1610612739,CLE,6,2,4,80.0,31722,6.0,3.1,2.9,4.55,4.75,4.35
403,204179,Omari Johnson,1610612763,MEM,4,1,3,75.0,28087,5.3,2.9,2.5,4.24,4.62,4.02
404,201600,Omer Asik,1610612741,CHI,18,7,11,182.0,64397,12.2,6.3,5.9,4.03,4.32,3.76
405,201956,Omri Casspi,1610612744,GSW,53,40,13,742.0,294488,55.8,29.9,25.9,4.54,4.99,4.12
406,203490,Otto Porter Jr.,1610612764,WAS,77,42,35,2432.0,955862,181.0,96.8,84.3,4.48,4.78,4.18
407,1628408,PJ Dozier,1610612760,OKC,2,1,1,3.0,1187,0.2,0.1,0.1,3.76,3.87,3.66
408,200782,PJ Tucker,1610612745,HOU,81,65,16,2253.0,803678,152.2,78.4,73.8,4.07,4.19,3.94
409,1627783,Pascal Siakam,1610612761,TOR,81,59,22,1679.0,674004,127.7,68.6,59.1,4.6,5.03,4.18
410,1626192,Pat Connaughton,1610612757,POR,82,49,33,1488.0,575343,109.0,60.3,48.6,4.42,4.69,4.12
411,201976,Patrick Beverley,1610612746,LAC,11,5,6,334.0,133011,25.2,13.5,11.7,4.53,4.85,4.21
412,1627775,Patrick McCaw,1610612744,GSW,57,41,16,961.0,372982,70.6,37.0,33.6,4.42,4.69,4.15
413,202335,Patrick Patterson,1610612760,OKC,79,48,31,1212.0,433698,82.1,42.8,39.3,4.07,4.33,3.81
414,201988,Patty Mills,1610612759,SAS,82,47,35,2107.0,837774,158.7,89.3,69.4,4.53,4.94,4.1
415,2200,Pau Gasol,1610612759,SAS,77,45,32,1812.0,652145,123.5,67.7,55.8,4.1,4.36,3.83
416,202331,Paul George,1610612760,OKC,77,47,30,2818.0,1041584,197.3,104.1,93.2,4.21,4.62,3.83
417,200794,Paul Millsap,1610612743,DEN,38,22,16,1143.0,400571,75.9,40.6,35.2,4.11,4.39,3.82
418,1627835,Paul Zipser,1610612741,CHI,54,17,37,824.0,326417,61.8,33.2,28.6,4.51,5.02,4.04
419,203112,Quincy Acy,1610612751,BKN,68,25,43,1323.0,482589,91.4,50.8,40.6,4.16,4.51,3.79
420,202347,Quincy Pondexter,1610612741,CHI,23,6,17,196.0,75699,14.3,7.5,6.8,4.39,4.74,4.07
421,1626188,Quinn Cook,1610612744,GSW,33,21,12,741.0,304994,57.8,32.0,25.7,4.75,5.27,4.22
422,1626154,RJ Hunter,1610612745,HOU,5,3,2,45.0,16852,3.2,1.7,1.5,4.28,4.61,3.95
423,200765,Rajon Rondo,1610612740,NOP,64,40,24,1674.0,631421,119.6,62.5,57.1,4.3,4.67,3.95
424,201196,Ramon Sessions,1610612764,WAS,28,10,18,392.0,139634,26.4,14.7,11.7,4.2,4.62,3.77
425,1626173,Rashad Vaughn,1610612753,ORL,28,13,15,212.0,79337,15.0,7.6,7.4,4.28,4.4,4.18
426,203526,Raul Neto,1610612762,UTA,41,28,13,498.0,198398,37.6,20.7,16.9,4.61,4.96,4.23
427,101109,Raymond Felton,1610612760,OKC,79,48,31,1312.0,467746,88.6,45.9,42.7,4.05,4.24,3.86
428,203493,Reggie Bullock,1610612765,DET,62,32,30,1732.0,668635,126.6,67.2,59.4,4.42,4.66,4.16
429,203687,Reggie Hearn,1610612765,DET,3,3,0,7.0,2057,0.4,0.2,0.2,4.21,3.6,5.06
430,202704,Reggie Jackson,1610612765,DET,45,27,18,1201.0,454065,86.0,47.3,38.7,4.32,4.67,3.95
431,2210,Richard Jefferson,1610612743,DEN,20,10,10,163.0,59241,11.2,5.9,5.3,4.13,4.2,4.06
432,1626158,Richaun Holmes,1610612755,PHI,47,30,17,728.0,270969,51.3,26.8,24.5,4.23,4.5,3.98
433,201937,Ricky Rubio,1610612762,UTA,77,44,33,2254.0,877002,166.1,93.4,72.7,4.45,4.89,3.99
434,203496,Robert Covington,1610612755,PHI,79,51,28,2501.0,938419,177.7,93.3,84.4,4.27,4.65,3.92
435,201577,Robin Lopez,1610612741,CHI,64,23,41,1690.0,630136,119.3,64.0,55.4,4.24,4.59,3.92
436,203918,Rodney Hood,1610612739,CLE,60,29,31,1615.0,611900,115.9,62.4,53.5,4.32,4.62,4.01
437,203585,Rodney McGruder,1610612748,MIA,18,11,7,299.0,121326,23.0,12.2,10.8,4.62,4.86,4.39
438,1628681,Rodney Purvis,1610612753,ORL,16,5,11,290.0,106290,20.1,10.6,9.5,4.26,4.4,4.11
439,1627758,Ron Baker,1610612752,NYK,28,11,17,367.0,153530,29.1,15.6,13.5,4.78,5.25,4.32
440,1626178,Rondae Hollis-Jefferson,1610612751,BKN,66,25,41,1851.0,730466,138.3,75.1,63.3,4.49,4.8,4.19
441,1626220,Royce O'Neale,1610612762,UTA,69,43,26,1150.0,444393,84.2,45.7,38.4,4.44,4.72,4.13
442,200752,Rudy Gay,1610612759,SAS,57,36,21,1231.0,473057,89.6,49.1,40.5,4.38,4.63,4.1
443,203497,Rudy Gobert,1610612762,UTA,56,37,19,1816.0,681849,129.1,70.7,58.4,4.3,4.62,3.97
444,201566,Russell Westbrook,1610612760,OKC,77,47,30,2804.0,1018693,192.9,103.4,89.5,4.13,4.66,3.65
445,201583,Ryan Anderson,1610612745,HOU,65,52,13,1694.0,614593,116.4,61.8,54.6,4.14,4.39,3.89
446,1627853,Ryan Arcidiacono,1610612741,CHI,24,6,18,304.0,125990,23.9,12.6,11.2,4.73,5.24,4.23
447,1626257,Salah Mejri,1610612742,DAL,61,21,40,729.0,279342,52.9,28.2,24.7,4.37,4.49,4.23
448,1626155,Sam Dekker,1610612746,LAC,73,36,37,883.0,367634,69.6,37.0,32.7,4.74,5.27,4.27
449,203816,Scotty Hopson,1610612742,DAL,1,0,1,8.0,3579,0.7,0.3,0.3,5.04,4.12,4.54
450,203930,Sean Kilpatrick,1610612741,CHI,52,22,30,640.0,240704,45.6,24.3,21.3,4.32,4.68,3.97
451,1628400,Semi Ojeleye,1610612738,BOS,70,47,23,1132.0,440337,83.4,45.2,38.2,4.44,4.71,4.15
452,201586,Serge Ibaka,1610612761,TOR,76,53,23,2093.0,772303,146.3,79.3,67.0,4.22,4.57,3.88
453,203498,Shabazz Muhammad,1610612749,MIL,43,25,18,418.0,165982,31.4,15.8,15.6,4.53,4.56,4.5
454,203894,Shabazz Napier,1610612757,POR,74,46,28,1535.0,566213,107.2,59.4,47.8,4.23,4.51,3.93
455,203499,Shane Larkin,1610612738,BOS,51,36,15,743.0,287124,54.4,28.9,25.5,4.41,4.51,4.3
456,1627885,Shaquille Harrison,1610612756,PHX,23,3,20,384.0,169751,32.1,17.2,14.9,5.0,5.5,4.53
457,2733,Shaun Livingston,1610612744,GSW,70,48,22,1115.0,434621,82.3,43.7,38.6,4.47,5.01,3.98
458,202714,Shelvin Mack,1610612753,ORL,69,21,48,1365.0,538651,102.0,55.4,46.6,4.54,4.92,4.16
459,1628414,Sindarius Thornwell,1610612746,LAC,73,36,37,1156.0,462989,87.7,44.2,43.5,4.55,4.75,4.37
460,1627746,Skal Labissiere,1610612758,SAC,60,19,41,1240.0,478051,90.5,47.7,42.8,4.42,4.65,4.19
461,203524,Solomon Hill,1610612740,NOP,12,8,4,187.0,70532,13.4,7.2,6.2,4.31,4.79,3.86
462,203915,Spencer Dinwiddie,1610612751,BKN,78,27,51,2255.0,819364,155.2,87.6,67.5,4.13,4.51,3.72
463,1626169,Stanley Johnson,1610612765,DET,69,33,36,1893.0,711036,134.7,70.0,64.7,4.29,4.43,4.15
464,201939,Stephen Curry,1610612744,GSW,50,40,10,1596.0,636819,120.6,64.0,56.6,4.54,5.23,3.95
465,1628425,Sterling Brown,1610612749,MIL,54,26,28,776.0,297300,56.3,27.8,28.5,4.42,4.46,4.38
466,203500,Steven Adams,1610612760,OKC,74,43,31,2431.0,873729,165.5,81.8,83.7,4.09,4.21,3.98
467,204456,T.J. McConnell,1610612755,PHI,75,50,25,1680.0,707599,134.0,72.9,61.1,4.78,5.24,4.32
468,203933,T.J. Warren,1610612756,PHX,65,18,47,2142.0,838088,158.7,83.5,75.2,4.46,4.72,4.21
469,1628388,TJ Leaf,1610612754,IND,53,31,22,459.0,180450,34.2,18.8,15.3,4.51,4.78,4.19
470,201959,Taj Gibson,1610612750,MIN,82,47,35,2726.0,1008201,190.9,102.2,88.7,4.21,4.36,4.05
471,204028,Tarik Black,1610612745,HOU,51,40,11,536.0,203959,38.6,20.6,18.0,4.33,4.57,4.09
472,1627752,Taurean Prince,1610612737,ATL,81,24,57,2431.0,884029,167.4,88.5,78.9,4.14,4.33,3.95
473,1628390,Terrance Ferguson,1610612760,OKC,59,37,22,742.0,282160,53.4,26.0,27.4,4.32,4.29,4.35
474,203082,Terrence Ross,1610612753,ORL,24,10,14,600.0,239194,45.3,23.2,22.1,4.55,4.89,4.25
475,1626179,Terry Rozier,1610612738,BOS,77,51,26,2001.0,795859,150.7,82.9,67.8,4.54,4.88,4.18
476,200757,Thabo Sefolosha,1610612762,UTA,38,16,22,806.0,309082,58.5,32.1,26.4,4.38,4.74,4.01
477,201152,Thaddeus Young,1610612754,IND,81,48,33,2607.0,996742,188.8,97.1,91.6,4.36,4.56,4.16
478,1628418,Thomas Bryant,1610612747,LAL,15,7,8,72.0,28351,5.4,2.9,2.4,4.5,5.0,3.86
479,1627748,Thon Maker,1610612749,MIL,73,40,33,1224.0,489950,92.8,45.7,47.1,4.57,4.65,4.49
480,204025,Tim Frazier,1610612764,WAS,59,31,28,838.0,321921,61.0,32.1,28.8,4.42,4.66,4.17
481,203501,Tim Hardaway Jr.,1610612752,NYK,57,19,38,1885.0,704157,133.4,71.0,62.3,4.28,4.53,4.02
482,1627817,Tim Quarterman,1610612745,HOU,3,2,1,13.0,5140,1.0,0.6,0.4,4.71,4.72,4.7
483,202389,Timofey Mozgov,1610612751,BKN,29,11,18,346.0,138374,26.2,14.7,11.5,4.58,5.0,4.13
484,1627789,Timothe Luwawu-Cabarrot,1610612755,PHI,51,29,22,795.0,337491,63.9,35.1,28.8,4.83,5.37,4.3
485,202699,Tobias Harris,1610612746,LAC,80,39,41,2668.0,1044959,197.9,109.6,88.3,4.46,4.91,4.0
486,203107,Tomas Satoransky,1610612764,WAS,73,39,34,1643.0,658083,124.6,66.3,58.4,4.62,4.87,4.37
487,2754,Tony Allen,1610612740,NOP,20,11,9,247.0,94165,17.8,9.3,8.5,4.35,4.66,4.05
488,1628396,Tony Bradley,1610612762,UTA,9,6,3,29.0,10855,2.1,1.1,1.0,4.35,4.35,4.35
489,2225,Tony Parker,1610612759,SAS,55,32,23,1071.0,440428,83.4,47.7,35.7,4.68,5.12,4.19
490,203503,Tony Snell,1610612749,MIL,74,42,32,2028.0,718704,136.1,66.9,69.2,4.06,4.18,3.94
491,1628470,Torrey Craig,1610612743,DEN,39,22,17,629.0,254751,48.2,24.9,23.4,4.62,4.78,4.48
492,204037,Travis Wear,1610612747,LAL,17,7,10,228.0,84794,16.1,8.5,7.5,4.43,5.07,3.84
493,1626203,Treveon Graham,1610612766,CHA,63,28,35,1050.0,422348,80.0,42.8,37.2,4.59,4.79,4.38
494,2772,Trevor Ariza,1610612745,HOU,66,51,15,2229.0,779705,147.7,74.8,72.9,3.99,4.03,3.94
495,202344,Trevor Booker,1610612754,IND,67,36,31,1148.0,442851,83.9,45.2,38.7,4.41,4.68,4.14
496,203504,Trey Burke,1610612752,NYK,36,10,26,785.0,308777,58.5,31.5,27.0,4.52,4.87,4.17
497,1626168,Trey Lyles,1610612743,DEN,73,41,32,1391.0,503426,95.3,52.5,42.8,4.16,4.52,3.79
498,203590,Trey McKinney-Jones,1610612754,IND,1,1,0,1.0,533,0.1,0.1,0.0,4.85,7.24,0.0
499,202684,Tristan Thompson,1610612739,CLE,53,27,26,1072.0,423550,80.2,42.8,37.4,4.5,4.8,4.21
500,203584,Troy Daniels,1610612756,PHX,79,20,59,1622.0,653504,123.8,68.1,55.7,4.59,5.09,4.1
501,1627786,Troy Williams,1610612752,NYK,21,7,14,307.0,121931,23.1,12.3,10.8,4.63,4.88,4.38
502,1628463,Tyler Cavanaugh,1610612737,ATL,38,11,27,503.0,203227,38.5,21.6,16.9,4.6,5.05,4.13
503,1628416,Tyler Dorsey,1610612737,ATL,56,15,41,974.0,382194,72.4,38.3,34.1,4.49,4.65,4.31
504,203898,Tyler Ennis,1610612747,LAL,54,22,32,683.0,270729,51.3,27.3,24.0,4.63,5.18,4.14
505,204020,Tyler Johnson,1610612748,MIA,71,38,33,2025.0,797246,151.0,79.9,71.1,4.48,4.65,4.3
506,1628399,Tyler Lydon,1610612743,DEN,1,1,0,2.0,897,0.2,0.1,0.1,5.53,4.28,7.8
507,1627755,Tyler Ulis,1610612756,PHX,71,20,51,1658.0,646198,122.4,63.4,59.0,4.44,4.67,4.21
508,203092,Tyler Zeller,1610612749,MIL,64,26,38,1066.0,407822,77.2,41.3,36.0,4.38,4.65,4.12
509,201936,Tyreke Evans,1610612763,MEM,51,18,33,1584.0,547623,103.7,57.7,46.0,3.94,4.3,3.57
510,1627820,Tyrone Wallace,1610612746,LAC,30,17,13,851.0,341990,64.8,34.2,30.6,4.59,4.98,4.22
511,2199,Tyson Chandler,1610612756,PHX,46,15,31,1151.0,396482,75.1,39.7,35.4,3.93,4.13,3.72
512,1626145,Tyus Jones,1610612750,MIN,82,47,35,1467.0,579802,109.8,59.3,50.5,4.5,4.71,4.27
513,2617,Udonis Haslem,1610612748,MIA,14,9,5,72.0,22642,4.3,2.3,2.0,3.61,3.63,3.58
514,203505,Vander Blue,1610612747,LAL,5,1,4,45.0,16437,3.1,1.6,1.5,4.16,4.85,3.61
515,203506,Victor Oladipo,1610612754,IND,75,48,27,2552.0,995950,188.6,98.7,89.9,4.45,4.75,4.15
516,1713,Vince Carter,1610612758,SAC,58,20,38,1026.0,353974,67.0,36.4,30.6,3.97,4.2,3.72
517,1626205,Vincent Hunter,1610612763,MEM,4,0,4,7.0,2482,0.5,0.3,0.2,4.06,4.99,3.17
518,1627735,Wade Baldwin IV,1610612757,POR,7,4,3,80.0,33126,6.3,3.3,3.0,4.82,5.11,4.53
519,1627215,Walter Lemon Jr.,1610612740,NOP,5,4,1,35.0,9880,1.9,1.0,0.9,4.91,5.13,4.68
520,201961,Wayne Ellington,1610612748,MIA,76,41,35,2018.0,771865,146.2,80.9,65.3,4.36,4.7,4.0
521,1627782,Wayne Selden,1610612763,MEM,35,10,25,691.0,259423,49.1,26.8,22.3,4.28,4.57,3.97
522,1628411,Wes Iwundu,1610612753,ORL,62,18,44,1020.0,398379,75.5,39.8,35.6,4.53,4.66,4.38
523,202325,Wesley Johnson,1610612746,LAC,74,38,36,1486.0,552380,104.6,53.2,51.4,4.23,4.37,4.1
524,202083,Wesley Matthews,1610612742,DAL,63,20,43,2131.0,786000,148.9,82.6,66.3,4.2,4.48,3.91
525,203115,Will Barton,1610612743,DEN,81,46,35,2683.0,976265,184.9,100.8,84.1,4.21,4.57,3.85
526,1626161,Willie Cauley-Stein,1610612758,SAC,73,23,50,2044.0,773702,146.5,78.2,68.3,4.31,4.58,4.04
527,203186,Willie Reed,1610612765,DET,42,20,22,428.0,160203,30.3,15.3,15.0,4.26,4.43,4.1
528,1626195,Willy Hernangomez,1610612766,CHA,48,20,28,494.0,189501,35.9,19.3,16.6,4.38,4.72,4.05
529,201163,Wilson Chandler,1610612743,DEN,74,41,33,2346.0,828554,156.9,82.0,74.9,4.04,4.18,3.89
530,204098,Xavier Munford,1610612749,MIL,6,2,4,21.0,7519,1.4,0.8,0.6,4.43,4.81,3.99
531,1628504,Xavier Rathan-Mayes,1610612763,MEM,5,0,5,118.0,42965,8.1,4.6,3.6,4.65,5.23,4.16
532,202918,Xavier Silas,1610612738,BOS,2,1,1,7.0,2894,0.5,0.3,0.3,4.02,5.58,4.26
533,1627812,Yogi Ferrell,1610612742,DAL,82,24,58,2282.0,884922,167.6,91.5,76.1,4.42,4.72,4.1
534,1628380,Zach Collins,1610612757,POR,66,41,25,1045.0,378342,71.7,38.9,32.8,4.16,4.32,3.98
535,203897,Zach LaVine,1610612741,CHI,24,9,15,656.0,263225,49.9,26.9,23.0,4.6,5.05,4.17
536,2216,Zach Randolph,1610612758,SAC,59,18,41,1508.0,523322,99.1,53.2,45.9,3.96,4.06,3.84
537,2585,Zaza Pachulia,1610612744,GSW,68,46,22,951.0,353368,66.9,33.5,33.4,4.25,4.56,3.97
538,1627753,Zhou Qi,1610612745,HOU,18,14,4,124.0,45130,8.5,4.6,4.0,4.12,4.25,4.09
