,PLAYER_ID,PLAYER_NAME,TEAM_ID,TEAM_ABBREVIATION,GP,W,L,MIN,CATCH_SHOOT_FGM,CATCH_SHOOT_FGA,CATCH_SHOOT_FG_PCT,CATCH_SHOOT_PTS,CATCH_SHOOT_FG3M,CATCH_SHOOT_FG3A,CATCH_SHOOT_FG3_PCT,CATCH_SHOOT_EFG_PCT
0,201985,AJ Price,1610612750,MIN,28,15,13,99.0,6,16,0.375,18,6,13,0.462,0.563
1,201166,Aaron Brooks,1610612743,DEN,72,42,30,1557.0,69,160,0.431,206,68,154,0.442,0.644
2,201189,Aaron Gray,1610612758,SAC,36,11,25,348.0,8,11,0.727,16,0,1,0.0,0.727
3,203519,Adonis Thomas,1610612755,PHI,6,2,4,38.0,1,8,0.125,3,1,5,0.2,0.188
4,1733,Al Harrington,1610612764,WAS,33,20,13,497.0,36,102,0.353,104,32,94,0.34,0.51
5,201143,Al Horford,1610612737,ATL,29,16,13,958.0,93,180,0.517,190,4,9,0.444,0.528
6,2744,Al Jefferson,1610612766,CHA,72,37,35,2517.0,178,450,0.396,357,1,13,0.077,0.397
7,202329,Al-Farouq Aminu,1610612740,NOP,80,33,47,2045.0,47,141,0.333,107,13,47,0.277,0.379
8,101187,Alan Anderson,1610612751,BKN,77,42,35,1745.0,76,218,0.349,222,70,201,0.348,0.509
9,202692,Alec Burks,1610612762,UTA,78,24,54,2193.0,58,129,0.45,155,39,92,0.424,0.601
10,203458,Alex Len,1610612756,PHX,42,24,18,362.0,2,17,0.118,4,0,0,0.0,0.118
11,203144,Alexey Shved,1610612750,MIN,63,28,35,664.0,19,66,0.288,55,17,60,0.283,0.417
12,201582,Alexis Ajinca,1610612740,NOP,56,22,34,951.0,37,74,0.5,74,0,0,0.0,0.5
13,203459,Allen Crabbe,1610612757,POR,15,12,3,100.0,5,14,0.357,15,5,13,0.385,0.536
14,202087,Alonzo Gee,1610612739,CLE,65,29,36,1020.0,25,72,0.347,68,18,51,0.353,0.472
15,2405,Amar'e Stoudemire,1610612752,NYK,65,26,39,1466.0,83,173,0.48,166,0,0,0.0,0.48
16,101161,Amir Johnson,1610612761,TOR,76,42,34,2181.0,63,155,0.406,145,19,62,0.306,0.468
17,2760,Anderson Varejao,1610612739,CLE,65,25,40,1800.0,74,153,0.484,148,0,5,0.0,0.484
18,101154,Andray Blatche,1610612751,BKN,72,39,33,1591.0,60,173,0.347,134,14,43,0.326,0.387
19,203083,Andre Drummond,1610612765,DET,81,29,52,2619.0,2,7,0.286,4,0,2,0.0,0.286
20,2738,Andre Iguodala,1610612744,GSW,63,41,22,2040.0,63,161,0.391,183,57,146,0.39,0.568
21,1889,Andre Miller,1610612764,WAS,57,32,25,968.0,12,22,0.545,34,10,16,0.625,0.773
22,203460,Andre Roberson,1610612760,OKC,40,30,10,399.0,2,14,0.143,6,2,13,0.154,0.214
23,200745,Andrea Bargnani,1610612752,NYK,42,15,27,1257.0,112,271,0.413,253,29,106,0.274,0.467
24,1905,Andrei Kirilenko,1610612751,BKN,44,29,15,836.0,4,28,0.143,9,1,5,0.2,0.161
25,101106,Andrew Bogut,1610612744,GSW,66,39,27,1746.0,4,9,0.444,8,0,0,0.0,0.444
26,101115,Andrew Bynum,1610612754,IND,26,11,15,516.0,12,34,0.353,24,0,0,0.0,0.353
27,203094,Andrew Nicholson,1610612753,ORL,76,19,57,1174.0,90,232,0.388,208,28,87,0.322,0.448
28,2740,Andris Biedrins,1610612762,UTA,6,0,6,45.0,0,0,0.0,0,0,0,0.0,0.0
29,1712,Antawn Jamison,1610612746,LAC,22,15,7,248.0,11,56,0.196,30,8,41,0.195,0.268
30,203461,Anthony Bennett,1610612739,CLE,52,20,32,663.0,29,110,0.264,70,12,48,0.25,0.318
31,203076,Anthony Davis,1610612740,NOP,67,29,38,2358.0,111,283,0.392,224,2,8,0.25,0.396
32,201627,Anthony Morrow,1610612740,NOP,76,32,44,1426.0,113,249,0.454,308,82,180,0.456,0.618
33,201576,Anthony Randolph,1610612743,DEN,43,15,28,527.0,28,78,0.359,74,18,54,0.333,0.474
34,201229,Anthony Tolliver,1610612766,CHA,63,32,31,1281.0,103,251,0.41,307,101,239,0.423,0.612
35,203462,Archie Goodwin,1610612756,PHX,52,32,20,533.0,7,31,0.226,19,5,28,0.179,0.306
36,202620,Arinze Onuaku,1610612739,CLE,5,2,3,30.0,0,1,0.0,0,0,0,0.0,0.0
37,203102,Arnett Moultrie,1610612755,PHI,12,0,12,187.0,8,19,0.421,16,0,0,0.0,0.421
38,203382,Aron Baynes,1610612759,SAS,53,41,12,491.0,10,35,0.286,20,0,0,0.0,0.286
39,201167,Arron Afflalo,1610612753,ORL,73,21,52,2552.0,190,425,0.447,489,109,255,0.427,0.575
40,201948,Austin Daye,1610612759,SAS,22,16,6,148.0,14,42,0.333,40,12,36,0.333,0.476
41,203085,Austin Rivers,1610612740,NOP,69,27,42,1339.0,33,82,0.402,99,33,74,0.446,0.604
42,202340,Avery Bradley,1610612738,BOS,60,19,41,1855.0,140,330,0.424,354,74,185,0.4,0.536
43,2732,Ben Gordon,1610612766,CHA,19,8,11,279.0,10,32,0.313,27,7,22,0.318,0.422
44,203463,Ben McLemore,1610612758,SAC,81,28,53,2169.0,114,337,0.338,312,84,249,0.337,0.463
45,2757,Beno Udrih,1610612763,MEM,41,18,23,643.0,23,51,0.451,63,17,36,0.472,0.618
46,203108,Bernard James,1610612742,DAL,30,17,13,146.0,0,2,0.0,0,0,1,0.0,0.0
47,202687,Bismack Biyombo,1610612766,CHA,76,41,35,1061.0,7,14,0.5,14,0,0,0.0,0.5
48,201933,Blake Griffin,1610612746,LAC,80,56,24,2863.0,151,401,0.377,312,10,36,0.278,0.389
49,2564,Boris Diaw,1610612759,SAS,79,60,19,1974.0,72,185,0.389,189,45,107,0.421,0.511
50,203078,Bradley Beal,1610612764,WAS,72,40,32,2494.0,148,376,0.394,419,123,295,0.417,0.557
51,201148,Brandan Wright,1610612742,DAL,58,36,22,1077.0,15,27,0.556,30,0,0,0.0,0.556
52,101138,Brandon Bass,1610612738,BOS,82,25,57,2266.0,112,235,0.477,224,0,2,0.0,0.477
53,203561,Brandon Davies,1610612755,PHI,51,15,36,575.0,7,32,0.219,16,2,10,0.2,0.25
54,201943,Brandon Jennings,1610612765,DET,80,28,52,2728.0,65,199,0.327,185,55,180,0.306,0.465
55,202688,Brandon Knight,1610612749,MIL,72,13,59,2400.0,78,214,0.364,214,58,175,0.331,0.5
56,201575,Brandon Rush,1610612762,UTA,38,13,25,418.0,16,42,0.381,45,13,38,0.342,0.536
57,203148,Brian Roberts,1610612740,NOP,72,28,44,1667.0,65,162,0.401,175,45,116,0.388,0.54
58,201572,Brook Lopez,1610612751,BKN,17,7,10,533.0,32,61,0.525,64,0,1,0.0,0.525
59,201957,Byron Mullens,1610612755,PHI,45,16,29,414.0,40,103,0.388,112,32,86,0.372,0.544
60,201228,C.J. Watson,1610612754,IND,63,48,15,1193.0,47,119,0.395,138,44,112,0.393,0.58
61,203468,CJ McCollum,1610612757,POR,38,21,17,476.0,29,64,0.453,83,25,58,0.431,0.648
62,101139,CJ Miles,1610612739,CLE,51,21,30,984.0,84,218,0.385,242,74,191,0.387,0.555
63,201171,Carl Landry,1610612758,SAC,18,5,13,233.0,14,25,0.56,28,0,0,0.0,0.56
64,2430,Carlos Boozer,1610612741,CHI,76,43,33,2141.0,155,359,0.432,310,0,2,0.0,0.432
65,2546,Carmelo Anthony,1610612752,NYK,77,35,42,2982.0,257,559,0.46,630,116,270,0.43,0.564
66,2406,Caron Butler,1610612760,OKC,55,21,34,1394.0,124,310,0.4,334,86,203,0.424,0.539
67,203467,Carrick Felix,1610612739,CLE,7,2,5,38.0,2,5,0.4,6,2,4,0.5,0.6
68,201858,Cartier Martin,1610612737,ATL,59,27,32,870.0,63,159,0.396,182,56,138,0.406,0.572
69,203810,Casper Ware,1610612755,PHI,9,3,6,116.0,5,11,0.455,15,5,11,0.455,0.682
70,202718,Chandler Parsons,1610612745,HOU,74,50,24,2783.0,133,339,0.392,386,120,305,0.393,0.569
71,101112,Channing Frye,1610612756,PHX,82,48,34,2312.0,216,548,0.394,591,159,423,0.376,0.539
72,101111,Charlie Villanueva,1610612765,DET,20,5,15,180.0,14,53,0.264,41,13,49,0.265,0.387
73,201978,Chase Budinger,1610612750,MIN,41,21,20,751.0,48,151,0.318,135,39,116,0.336,0.447
74,1497,Chauncey Billups,1610612765,DET,19,7,12,309.0,11,33,0.333,31,9,27,0.333,0.47
75,2365,Chris Andersen,1610612748,MIA,72,49,23,1396.0,11,37,0.297,25,3,11,0.273,0.338
76,203569,Chris Babb,1610612738,BOS,14,3,11,132.0,5,26,0.192,15,5,25,0.2,0.288
77,2547,Chris Bosh,1610612748,MIA,79,53,26,2531.0,208,477,0.436,487,71,209,0.34,0.51
78,203142,Chris Copeland,1610612754,IND,41,25,16,265.0,30,68,0.441,90,30,67,0.448,0.662
79,201604,Chris Douglas-Roberts,1610612766,CHA,48,26,22,994.0,49,125,0.392,144,46,120,0.383,0.576
80,203187,Chris Johnson,1610612738,BOS,40,11,29,789.0,42,128,0.328,125,41,122,0.336,0.488
81,2549,Chris Kaman,1610612747,LAL,39,13,26,736.0,51,117,0.436,102,0,3,0.0,0.436
82,101108,Chris Paul,1610612746,LAC,62,44,18,2171.0,51,120,0.425,137,35,83,0.422,0.571
83,202698,Chris Singleton,1610612764,WAS,25,13,12,250.0,8,26,0.308,23,7,19,0.368,0.442
84,203147,Chris Smith,1610612752,NYK,2,0,2,2.0,0,0,0.0,0,0,0,0.0,0.0
85,202874,Chris Wright,1610612749,MIL,8,1,7,126.0,1,2,0.5,2,0,1,0.0,0.5
86,101236,Chuck Hayes,1610612761,TOR,60,33,27,732.0,2,3,0.667,4,0,0,0.0,0.667
87,203469,Cody Zeller,1610612766,CHA,81,42,39,1400.0,26,106,0.245,52,0,1,0.0,0.245
88,202332,Cole Aldrich,1610612752,NYK,46,26,20,330.0,1,1,1.0,2,0,0,0.0,1.0
89,201147,Corey Brewer,1610612750,MIN,81,40,41,2609.0,70,229,0.306,196,56,189,0.296,0.428
90,202709,Cory Joseph,1610612759,SAS,68,52,16,936.0,22,53,0.415,55,11,34,0.324,0.519
91,201584,Courtney Lee,1610612763,MEM,79,47,32,1973.0,95,236,0.403,257,67,180,0.372,0.544
92,201571,D.J. Augustin,1610612741,CHI,70,43,27,1925.0,76,186,0.409,225,73,180,0.406,0.605
93,203474,DJ Stephens,1610612749,MIL,3,0,3,15.0,0,0,0.0,0,0,0,0.0,0.0
94,201591,DJ White,1610612766,CHA,2,2,0,10.0,0,1,0.0,0,0,0,0.0,0.0
95,203081,Damian Lillard,1610612757,POR,82,54,28,2937.0,132,311,0.424,381,117,278,0.421,0.613
96,202345,Damion James,1610612759,SAS,5,1,4,50.0,0,6,0.0,0,0,2,0.0,0.0
97,202350,Daniel Orton,1610612755,PHI,22,7,15,251.0,6,12,0.5,12,0,0,0.0,0.5
98,101122,Danny Granger,1610612746,LAC,41,31,10,848.0,58,155,0.374,158,42,123,0.341,0.51
99,201980,Danny Green,1610612759,SAS,68,54,14,1651.0,111,284,0.391,328,106,259,0.409,0.577
100,201967,Dante Cunningham,1610612750,MIN,81,39,42,1635.0,137,339,0.404,274,0,3,0.0,0.404
101,203130,Darius Johnson-Odom,1610612755,PHI,3,0,3,15.0,0,3,0.0,0,0,3,0.0,0.0
102,203121,Darius Miller,1610612740,NOP,45,14,31,723.0,39,89,0.438,102,24,69,0.348,0.573
103,202721,Darius Morris,1610612763,MEM,27,16,11,313.0,10,28,0.357,28,8,25,0.32,0.5
104,201589,Darrell Arthur,1610612743,DEN,68,33,35,1161.0,113,285,0.396,248,22,62,0.355,0.435
105,201954,Darren Collison,1610612746,LAC,80,56,24,2069.0,73,161,0.453,206,60,145,0.414,0.64
106,101135,David Lee,1610612744,GSW,68,41,27,2253.0,41,112,0.366,82,0,0,0.0,0.366
107,2561,David West,1610612754,IND,80,54,26,2472.0,166,324,0.512,336,4,12,0.333,0.519
108,201599,DeAndre Jordan,1610612746,LAC,82,57,25,2870.0,0,2,0.0,0,0,0,0.0,0.0
109,202732,DeAndre Liggins,1610612748,MIA,1,1,0,1.0,0,0,0.0,0,0,0,0.0,0.0
110,201971,DeJuan Blair,1610612742,DAL,78,46,32,1214.0,19,53,0.358,38,0,0,0.0,0.358
111,201942,DeMar DeRozan,1610612761,TOR,78,44,34,2982.0,150,384,0.391,354,54,166,0.325,0.461
112,202326,DeMarcus Cousins,1610612758,SAC,70,28,42,2277.0,101,241,0.419,202,0,5,0.0,0.419
113,201960,DeMarre Carroll,1610612737,ATL,73,37,36,2341.0,111,282,0.394,313,91,245,0.371,0.555
114,203471,Dennis Schroder,1610612737,ATL,48,21,27,622.0,11,29,0.379,31,9,25,0.36,0.534
115,965,Derek Fisher,1610612760,OKC,81,59,22,1428.0,76,191,0.398,217,65,168,0.387,0.568
116,101114,Deron Williams,1610612751,BKN,64,37,27,2059.0,93,216,0.431,257,71,172,0.413,0.595
117,202324,Derrick Favors,1610612762,UTA,73,25,48,2201.0,41,143,0.287,82,0,1,0.0,0.287
118,201565,Derrick Rose,1610612741,CHI,10,5,5,311.0,12,32,0.375,36,12,28,0.429,0.563
119,202682,Derrick Williams,1610612758,SAC,77,29,48,1799.0,34,113,0.301,90,22,83,0.265,0.398
120,2734,Devin Harris,1610612742,DAL,40,24,16,818.0,23,65,0.354,67,21,58,0.362,0.515
121,203473,Dewayne Dedmon,1610612753,ORL,31,7,24,390.0,5,15,0.333,10,0,0,0.0,0.333
122,202354,Dexter Pittman,1610612737,ATL,2,0,2,3.0,0,0,0.0,0,0,0,0.0,0.0
123,203197,Diante Garrett,1610612762,UTA,71,23,48,1048.0,33,83,0.398,98,32,80,0.4,0.59
124,203079,Dion Waiters,1610612739,CLE,70,28,42,2072.0,109,254,0.429,293,75,179,0.419,0.577
125,202091,Dionte Christmas,1610612756,PHX,31,15,16,198.0,13,32,0.406,35,9,24,0.375,0.547
126,1717,Dirk Nowitzki,1610612742,DAL,80,48,32,2628.0,337,714,0.472,796,122,310,0.394,0.557
127,202388,Donald Sloan,1610612754,IND,48,31,17,392.0,9,34,0.265,26,8,33,0.242,0.382
128,202700,Donatas Motiejunas,1610612745,HOU,62,42,20,952.0,27,98,0.276,75,21,83,0.253,0.383
129,2748,Dorell Wright,1610612757,POR,68,48,20,984.0,66,191,0.346,197,65,184,0.353,0.516
130,203117,Doron Lamb,1610612753,ORL,53,13,40,695.0,33,88,0.375,98,32,84,0.381,0.557
131,203110,Draymond Green,1610612744,GSW,81,50,31,1775.0,70,206,0.34,188,48,151,0.318,0.456
132,2400,Drew Gooden,1610612764,WAS,21,12,9,377.0,33,69,0.478,72,6,16,0.375,0.522
133,202779,Dwight Buycks,1610612761,TOR,14,5,9,146.0,5,11,0.455,15,5,10,0.5,0.682
134,2730,Dwight Howard,1610612745,HOU,71,48,23,2396.0,6,18,0.333,14,2,5,0.4,0.389
135,2548,Dwyane Wade,1610612748,MIA,54,36,18,1775.0,25,69,0.362,57,7,20,0.35,0.413
136,202734,E'Twaun Moore,1610612753,ORL,79,22,57,1506.0,52,152,0.342,151,47,136,0.346,0.497
137,201947,Earl Clark,1610612752,NYK,54,22,32,768.0,53,148,0.358,146,40,116,0.345,0.493
138,2248,Earl Watson,1610612757,POR,24,17,7,161.0,2,9,0.222,6,2,7,0.286,0.333
139,202334,Ed Davis,1610612763,MEM,63,38,25,956.0,25,59,0.424,50,0,0,0.0,0.424
140,202327,Ekpe Udoh,1610612749,MIL,42,7,35,804.0,10,31,0.323,20,0,0,0.0,0.323
141,203548,Elias Harris,1610612747,LAL,2,1,1,11.0,0,0,0.0,0,0,0,0.0,0.0
142,202343,Elliot Williams,1610612755,PHI,67,13,54,1157.0,34,111,0.306,97,29,99,0.293,0.437
143,1882,Elton Brand,1610612737,ATL,72,34,38,1392.0,79,160,0.494,158,0,2,0.0,0.494
144,202683,Enes Kanter,1610612762,UTA,80,23,57,2138.0,92,238,0.387,184,0,1,0.0,0.387
145,202339,Eric Bledsoe,1610612756,PHX,43,28,15,1416.0,27,73,0.37,75,21,65,0.323,0.514
146,201569,Eric Gordon,1610612740,NOP,64,26,38,2057.0,89,213,0.418,260,82,189,0.434,0.61
147,201953,Eric Maynor,1610612755,PHI,31,11,20,327.0,12,32,0.375,36,12,30,0.4,0.563
148,203513,Erik Murphy,1610612741,CHI,24,13,11,62.0,0,5,0.0,0,0,3,0.0,0.0
149,101141,Ersan Ilyasova,1610612749,MIL,54,10,44,1455.0,100,277,0.361,234,34,120,0.283,0.422
150,203095,Evan Fournier,1610612743,DEN,76,35,41,1504.0,77,201,0.383,229,75,192,0.391,0.57
151,202323,Evan Turner,1610612754,IND,81,29,52,2457.0,81,214,0.379,210,48,133,0.361,0.491
152,101128,Francisco Garcia,1610612745,HOU,55,33,22,1083.0,69,191,0.361,203,65,181,0.359,0.531
153,203539,Gal Mekel,1610612742,DAL,31,18,13,292.0,6,17,0.353,17,5,15,0.333,0.5
154,202066,Garrett Temple,1610612764,WAS,74,40,34,638.0,8,38,0.211,19,3,21,0.143,0.25
155,202390,Gary Neal,1610612766,CHA,51,19,32,1088.0,62,153,0.405,165,41,102,0.402,0.539
156,201588,George Hill,1610612754,IND,76,50,26,2434.0,86,208,0.413,250,78,190,0.411,0.601
157,101123,Gerald Green,1610612756,PHX,82,48,34,2330.0,184,456,0.404,522,154,385,0.4,0.572
158,201945,Gerald Henderson,1610612766,CHA,76,39,37,2434.0,89,234,0.38,212,34,96,0.354,0.453
159,2222,Gerald Wallace,1610612738,BOS,58,19,39,1416.0,24,66,0.364,66,18,57,0.316,0.5
160,203507,Giannis Antetokounmpo,1610612749,MIL,76,14,62,1880.0,35,119,0.294,100,30,94,0.319,0.42
161,203540,Gigi Datome,1610612765,DET,34,9,25,238.0,14,59,0.237,35,7,37,0.189,0.297
162,201175,Glen Davis,1610612746,LAC,68,30,38,1662.0,109,256,0.426,221,3,9,0.333,0.432
163,203318,Glen Rice,1610612764,WAS,11,2,9,109.0,4,19,0.211,12,4,15,0.267,0.316
164,201609,Goran Dragic,1610612756,PHX,76,45,31,2668.0,73,180,0.406,209,63,157,0.401,0.581
165,202330,Gordon Hayward,1610612762,UTA,77,23,54,2800.0,123,356,0.346,314,68,219,0.311,0.441
166,203476,Gorgui Dieng,1610612750,MIN,60,32,28,818.0,17,37,0.459,34,0,0,0.0,0.459
167,202328,Greg Monroe,1610612765,DET,82,29,53,2690.0,43,138,0.312,86,0,1,0.0,0.312
168,201141,Greg Oden,1610612748,MIA,23,16,7,212.0,0,2,0.0,0,0,0,0.0,0.0
169,202962,Greg Smith,1610612745,HOU,11,7,4,100.0,0,0,0.0,0,0,0,0.0,0.0
170,201880,Greg Stiemsma,1610612740,NOP,55,21,34,1007.0,7,21,0.333,14,0,1,0.0,0.333
171,202349,Greivis Vasquez,1610612761,TOR,78,46,32,1765.0,91,228,0.399,270,88,222,0.396,0.592
172,202970,Gustavo Ayon,1610612737,ATL,25,12,13,421.0,4,12,0.333,8,0,0,0.0,0.333
173,202380,Hamady Ndiaye,1610612758,SAC,14,5,9,74.0,0,1,0.0,0,0,0,0.0,0.0
174,203084,Harrison Barnes,1610612744,GSW,77,47,30,2165.0,80,208,0.385,223,63,173,0.364,0.536
175,201934,Hasheem Thabeet,1610612760,OKC,23,18,5,192.0,4,9,0.444,8,0,0,0.0,0.444
176,2045,Hedo Turkoglu,1610612746,LAC,38,27,11,392.0,21,44,0.477,59,17,36,0.472,0.67
177,203156,Henry Sims,1610612755,PHI,46,11,35,875.0,34,81,0.42,68,0,0,0.0,0.42
178,200756,Hilton Armstrong,1610612744,GSW,15,12,3,97.0,1,3,0.333,2,0,0,0.0,0.333
179,203138,Hollis Thompson,1610612755,PHI,77,18,59,1742.0,77,191,0.403,218,64,158,0.405,0.571
180,203546,Ian Clark,1610612762,UTA,23,3,20,172.0,11,31,0.355,32,10,28,0.357,0.516
181,101133,Ian Mahinmi,1610612754,IND,77,51,26,1248.0,11,36,0.306,22,0,1,0.0,0.306
182,202697,Iman Shumpert,1610612752,NYK,74,36,38,1962.0,74,220,0.336,216,68,198,0.343,0.491
183,203477,Isaiah Canaan,1610612745,HOU,22,14,8,252.0,15,39,0.385,44,14,37,0.378,0.564
184,202738,Isaiah Thomas,1610612758,SAC,71,26,45,2463.0,74,194,0.381,207,59,151,0.391,0.534
185,202397,Ish Smith,1610612756,PHX,70,39,31,1007.0,0,18,0.0,0,0,16,0.0,0.0
186,200826,J.J. Barea,1610612750,MIN,79,40,39,1471.0,34,95,0.358,98,30,87,0.345,0.516
187,201581,JJ Hickson,1610612743,DEN,69,31,38,1859.0,40,114,0.351,80,0,6,0.0,0.351
188,200755,JJ Redick,1610612746,LAC,35,24,11,987.0,94,216,0.435,249,61,149,0.409,0.576
189,2747,JR Smith,1610612752,NYK,74,34,40,2421.0,169,384,0.44,499,161,356,0.452,0.65
190,201580,JaVale McGee,1610612743,DEN,5,1,4,79.0,1,5,0.2,2,0,0,0.0,0.2
191,203109,Jae Crowder,1610612742,DAL,78,47,31,1254.0,55,158,0.348,158,48,143,0.336,0.5
192,203479,Jamaal Franklin,1610612763,MEM,21,11,10,162.0,6,14,0.429,16,4,10,0.4,0.571
193,2224,Jamaal Tinsley,1610612762,UTA,8,0,8,110.0,1,15,0.067,3,1,15,0.067,0.1
194,2037,Jamal Crawford,1610612746,LAC,69,47,22,2094.0,128,352,0.364,366,110,303,0.363,0.52
195,2749,Jameer Nelson,1610612753,ORL,68,21,47,2179.0,67,203,0.33,196,62,183,0.339,0.483
196,202341,James Anderson,1610612755,PHI,80,19,61,2309.0,100,298,0.336,298,98,284,0.345,0.5
197,201935,James Harden,1610612745,HOU,73,48,25,2777.0,106,277,0.383,306,94,248,0.379,0.552
198,201949,James Johnson,1610612763,MEM,52,33,19,956.0,27,82,0.329,75,21,72,0.292,0.457
199,2592,James Jones,1610612748,MIA,20,15,5,236.0,26,56,0.464,78,26,51,0.51,0.696
200,203263,James Nunnally,1610612755,PHI,12,3,9,157.0,7,21,0.333,21,7,20,0.35,0.5
201,203480,James Southerland,1610612740,NOP,4,2,2,30.0,4,10,0.4,11,3,6,0.5,0.55
202,202686,Jan Vesely,1610612743,DEN,54,22,32,776.0,4,15,0.267,8,0,0,0.0,0.267
203,2457,Jannero Pargo,1610612766,CHA,29,15,14,242.0,18,41,0.439,52,16,35,0.457,0.634
204,203099,Jared Cunningham,1610612758,SAC,13,5,8,80.0,2,7,0.286,5,1,6,0.167,0.357
205,201162,Jared Dudley,1610612746,LAC,74,51,23,1729.0,138,327,0.422,356,80,224,0.357,0.544
206,203096,Jared Sullinger,1610612738,BOS,74,23,51,2041.0,99,301,0.329,254,56,197,0.284,0.422
207,101127,Jarrett Jack,1610612739,CLE,80,32,48,2252.0,50,139,0.36,140,40,108,0.37,0.504
208,202363,Jarvis Varnado,1610612755,PHI,24,5,19,339.0,11,18,0.611,22,0,0,0.0,0.611
209,2215,Jason Collins,1610612751,BKN,22,16,6,172.0,3,9,0.333,6,0,3,0.0,0.333
210,101131,Jason Maxiell,1610612753,ORL,34,7,27,488.0,11,35,0.314,22,0,0,0.0,0.314
211,201160,Jason Smith,1610612740,NOP,31,11,20,830.0,89,194,0.459,178,0,0,0.0,0.459
212,1891,Jason Terry,1610612751,BKN,34,16,18,544.0,32,85,0.376,92,28,76,0.368,0.541
213,201574,Jason Thompson,1610612758,SAC,81,28,53,1979.0,42,110,0.382,84,0,0,0.0,0.382
214,202399,Jeff Adrien,1610612749,MIL,53,17,36,962.0,20,45,0.444,40,0,0,0.0,0.444
215,201965,Jeff Ayres,1610612759,SAS,73,55,18,952.0,10,28,0.357,20,0,0,0.0,0.357
216,201145,Jeff Green,1610612738,BOS,82,25,57,2805.0,145,382,0.38,398,108,288,0.375,0.521
217,201952,Jeff Teague,1610612737,ATL,78,37,41,2515.0,43,135,0.319,124,38,121,0.314,0.459
218,203481,Jeff Withey,1610612740,NOP,58,21,37,684.0,8,12,0.667,16,0,1,0.0,0.667
219,203106,Jeffery Taylor,1610612766,CHA,26,12,14,629.0,22,90,0.244,62,18,65,0.277,0.344
220,202379,Jeremy Evans,1610612762,UTA,66,23,43,1209.0,37,106,0.349,74,0,2,0.0,0.349
221,203087,Jeremy Lamb,1610612760,OKC,78,57,21,1538.0,95,255,0.373,266,76,202,0.376,0.522
222,202391,Jeremy Lin,1610612745,HOU,71,48,23,2054.0,76,184,0.413,217,65,165,0.394,0.59
223,202719,Jeremy Tyler,1610612752,NYK,41,20,21,398.0,12,31,0.387,24,0,0,0.0,0.387
224,979,Jermaine O'Neal,1610612744,GSW,43,26,17,862.0,12,29,0.414,24,0,0,0.0,0.414
225,201573,Jerryd Bayless,1610612738,BOS,72,24,48,1686.0,80,208,0.385,224,64,172,0.372,0.538
226,202690,Jimmer Fredette,1610612741,CHI,49,20,29,519.0,23,51,0.451,66,20,40,0.5,0.647
227,202710,Jimmy Butler,1610612741,CHI,67,43,24,2591.0,94,273,0.344,252,64,208,0.308,0.462
228,201149,Joakim Noah,1610612741,CHI,80,48,32,2820.0,65,165,0.394,130,0,1,0.0,0.394
229,201975,Jodie Meeks,1610612747,LAL,77,25,52,2556.0,139,337,0.412,407,129,308,0.419,0.604
230,2207,Joe Johnson,1610612751,BKN,78,42,36,2544.0,153,369,0.415,437,131,330,0.397,0.592
231,201202,Joel Anthony,1610612738,BOS,33,16,17,186.0,3,8,0.375,6,0,0,0.0,0.375
232,200777,Joel Freeland,1610612757,POR,52,37,15,727.0,29,61,0.475,58,0,2,0.0,0.475
233,203089,John Henson,1610612749,MIL,69,12,57,1832.0,21,65,0.323,42,0,1,0.0,0.323
234,203098,John Jenkins,1610612737,ATL,13,6,7,158.0,5,19,0.263,13,3,16,0.188,0.342
235,101249,John Lucas III,1610612762,UTA,42,10,32,591.0,26,87,0.299,77,25,78,0.321,0.443
236,2422,John Salmons,1610612761,TOR,77,46,31,1699.0,61,160,0.381,179,57,142,0.401,0.559
237,202322,John Wall,1610612764,WAS,81,44,37,2945.0,74,176,0.42,214,66,150,0.44,0.608
238,202720,Jon Leuer,1610612763,MEM,49,24,25,642.0,49,112,0.438,121,23,49,0.469,0.54
239,201973,Jonas Jerebko,1610612765,DET,64,23,41,741.0,37,86,0.43,105,31,72,0.431,0.61
240,202685,Jonas Valanciunas,1610612761,TOR,80,46,34,2266.0,43,118,0.364,86,0,1,0.0,0.364
241,202348,Jordan Crawford,1610612744,GSW,81,39,42,1860.0,63,173,0.364,178,52,153,0.34,0.514
242,200770,Jordan Farmar,1610612747,LAL,41,16,25,912.0,51,107,0.477,144,42,93,0.452,0.673
243,202706,Jordan Hamilton,1610612745,HOU,60,31,29,1020.0,59,157,0.376,174,56,148,0.378,0.554
244,201941,Jordan Hill,1610612747,LAL,72,24,48,1500.0,45,104,0.433,90,0,1,0.0,0.433
245,203268,Jorge Gutierrez,1610612751,BKN,15,8,7,244.0,9,22,0.409,21,3,12,0.25,0.477
246,101181,Jose Calderon,1610612742,DAL,81,49,32,2468.0,171,371,0.461,503,161,346,0.465,0.678
247,2735,Josh Childress,1610612740,NOP,4,2,2,24.0,0,0,0.0,0,0,0,0.0,0.0
248,202725,Josh Harrellson,1610612765,DET,32,12,20,317.0,14,39,0.359,40,12,31,0.387,0.513
249,201177,Josh McRoberts,1610612766,CHA,77,38,39,2329.0,122,333,0.366,345,101,278,0.363,0.518
250,2694,Josh Powell,1610612745,HOU,1,0,1,19.0,2,5,0.4,4,0,0,0.0,0.4
251,2746,Josh Smith,1610612765,DET,77,28,49,2730.0,152,455,0.334,371,67,247,0.271,0.408
252,201950,Jrue Holiday,1610612740,NOP,34,15,19,1143.0,17,39,0.436,46,12,28,0.429,0.59
253,202933,Julyan Stone,1610612761,TOR,21,9,12,120.0,2,8,0.25,6,2,8,0.25,0.375
254,203120,Justin Hamilton,1610612748,MIA,8,4,4,72.0,3,12,0.25,9,3,9,0.333,0.375
255,202695,Kawhi Leonard,1610612759,SAS,66,54,12,1923.0,78,187,0.417,216,60,158,0.38,0.578
256,2586,Keith Bogans,1610612738,BOS,6,1,5,55.0,3,6,0.5,9,3,6,0.5,0.75
257,203482,Kelly Olynyk,1610612738,BOS,70,18,52,1400.0,71,192,0.37,180,38,109,0.349,0.469
258,202689,Kemba Walker,1610612766,CHA,72,37,35,2577.0,87,247,0.352,243,69,209,0.33,0.492
259,203088,Kendall Marshall,1610612747,LAL,54,14,40,1564.0,63,157,0.401,183,57,141,0.404,0.583
260,2570,Kendrick Perkins,1610612760,OKC,62,48,14,1207.0,14,26,0.538,28,0,0,0.0,0.538
261,202702,Kenneth Faried,1610612743,DEN,80,36,44,2178.0,31,79,0.392,62,0,3,0.0,0.392
262,203145,Kent Bazemore,1610612747,LAL,67,35,32,911.0,27,74,0.365,76,22,64,0.344,0.514
263,203484,Kentavious Caldwell-Pope,1610612765,DET,80,28,52,1583.0,68,211,0.322,191,55,168,0.327,0.453
264,2030,Kenyon Martin,1610612752,NYK,32,13,19,633.0,13,38,0.342,26,0,1,0.0,0.342
265,201142,Kevin Durant,1610612760,OKC,81,58,23,3122.0,168,434,0.387,435,99,263,0.376,0.501
266,708,Kevin Garnett,1610612751,BKN,53,26,27,1090.0,64,136,0.471,128,0,2,0.0,0.471
267,201567,Kevin Love,1610612750,MIN,77,39,38,2797.0,225,553,0.407,605,155,399,0.388,0.547
268,2755,Kevin Martin,1610612750,MIN,68,32,36,2177.0,130,333,0.39,355,95,242,0.393,0.533
269,202338,Kevin Seraphin,1610612764,WAS,53,25,28,578.0,20,54,0.37,40,0,0,0.0,0.37
270,203114,Khris Middleton,1610612749,MIL,81,15,66,2441.0,168,378,0.444,446,110,261,0.421,0.59
271,2550,Kirk Hinrich,1610612741,CHI,73,45,28,2116.0,84,211,0.398,235,67,178,0.376,0.557
272,202691,Klay Thompson,1610612744,GSW,80,50,30,2827.0,276,626,0.441,754,202,459,0.44,0.602
273,977,Kobe Bryant,1610612747,LAL,6,2,4,177.0,4,16,0.25,9,1,8,0.125,0.281
274,201585,Kosta Koufos,1610612763,MEM,80,48,32,1349.0,20,51,0.392,40,0,0,0.0,0.392
275,2743,Kris Humphries,1610612738,BOS,69,22,47,1376.0,107,229,0.467,214,0,1,0.0,0.467
276,2594,Kyle Korver,1610612737,ATL,70,37,33,2380.0,210,421,0.499,589,169,345,0.49,0.7
277,200768,Kyle Lowry,1610612761,TOR,78,44,34,2828.0,112,259,0.432,330,106,245,0.433,0.637
278,203124,Kyle O'Quinn,1610612753,ORL,69,20,49,1188.0,77,179,0.43,154,0,3,0.0,0.43
279,202713,Kyle Singler,1610612765,DET,82,29,53,2337.0,108,277,0.39,307,91,230,0.396,0.554
280,202681,Kyrie Irving,1610612739,CLE,71,28,43,2496.0,76,235,0.323,201,49,164,0.299,0.428
281,200746,LaMarcus Aldridge,1610612757,POR,69,46,23,2499.0,225,508,0.443,452,2,9,0.222,0.445
282,202362,Lance Stephenson,1610612754,IND,78,53,25,2752.0,74,224,0.33,216,68,197,0.345,0.482
283,202498,Lance Thomas,1610612740,NOP,5,3,2,42.0,0,2,0.0,0,0,0,0.0,0.0
284,202361,Landry Fields,1610612761,TOR,29,13,16,294.0,1,5,0.2,2,0,3,0.0,0.2
285,202336,Larry Sanders,1610612749,MIL,22,3,19,563.0,3,8,0.375,6,0,1,0.0,0.375
286,202730,Lavoy Allen,1610612754,IND,65,18,47,1071.0,42,126,0.333,86,2,13,0.154,0.341
287,2544,LeBron James,1610612748,MIA,77,52,25,2902.0,95,222,0.428,255,65,152,0.428,0.574
288,2571,Leandro Barbosa,1610612756,PHX,20,12,8,368.0,7,28,0.25,21,7,23,0.304,0.375
289,203485,Lorenzo Brown,1610612755,PHI,26,2,24,224.0,2,20,0.1,6,2,19,0.105,0.15
290,200811,Lou Amundson,1610612741,CHI,19,11,8,185.0,0,3,0.0,0,0,0,0.0,0.0
291,101150,Lou Williams,1610612737,ATL,59,26,33,1420.0,51,140,0.364,146,44,126,0.349,0.521
292,201601,Luc Mbah a Moute,1610612750,MIN,64,31,33,1003.0,18,56,0.321,40,4,17,0.235,0.357
293,2449,Luis Scola,1610612754,IND,82,56,26,1399.0,138,313,0.441,277,1,7,0.143,0.442
294,202337,Luke Babbitt,1610612740,NOP,27,9,18,473.0,36,95,0.379,105,33,89,0.371,0.553
295,2557,Luke Ridnour,1610612766,CHA,60,21,39,1129.0,33,87,0.379,89,23,65,0.354,0.511
296,2736,Luol Deng,1610612739,CLE,63,29,34,2213.0,85,268,0.317,219,49,167,0.293,0.409
297,203146,Maalik Wayns,1610612746,LAC,2,2,0,9.0,0,0,0.0,0,0,0,0.0,0.0
298,202952,Malcolm Thomas,1610612762,UTA,8,2,6,63.0,1,7,0.143,3,1,4,0.25,0.214
299,202412,Manny Harris,1610612747,LAL,9,2,7,180.0,6,18,0.333,17,5,16,0.313,0.472
300,1938,Manu Ginobili,1610612759,SAS,68,52,16,1550.0,81,223,0.363,233,71,193,0.368,0.522
301,202705,MarShon Brooks,1610612747,LAL,35,13,22,317.0,9,17,0.529,27,9,15,0.6,0.794
302,201188,Marc Gasol,1610612763,MEM,59,40,19,1970.0,128,328,0.39,257,1,5,0.2,0.392
303,101162,Marcin Gortat,1610612764,WAS,80,44,36,2620.0,89,202,0.441,179,1,1,1.0,0.443
304,201158,Marco Belinelli,1610612759,SAS,80,61,19,2016.0,166,361,0.46,445,113,249,0.454,0.616
305,202694,Marcus Morris,1610612756,PHX,82,48,34,1800.0,120,300,0.4,334,94,241,0.39,0.557
306,201977,Marcus Thornton,1610612751,BKN,71,33,38,1711.0,101,292,0.346,288,86,245,0.351,0.493
307,201596,Mario Chalmers,1610612748,MIA,73,49,24,2178.0,77,200,0.385,231,77,194,0.397,0.578
308,202693,Markieff Morris,1610612756,PHX,81,47,34,2153.0,106,266,0.398,245,33,101,0.327,0.461
309,203104,Marquis Teague,1610612751,BKN,40,20,20,442.0,6,14,0.429,15,3,9,0.333,0.536
310,201578,Marreese Speights,1610612744,GSW,78,47,31,971.0,47,141,0.333,102,8,29,0.276,0.362
311,101110,Martell Webster,1610612764,WAS,77,42,35,2127.0,160,383,0.418,461,141,343,0.411,0.602
312,101107,Marvin Williams,1610612762,UTA,66,24,42,1674.0,112,311,0.36,303,79,222,0.356,0.487
313,203486,Mason Plumlee,1610612751,BKN,69,36,33,1272.0,2,8,0.25,4,0,1,0.0,0.25
314,2440,Matt Barnes,1610612746,LAC,63,45,18,1735.0,102,300,0.34,299,95,272,0.349,0.498
315,2588,Matt Bonner,1610612759,SAS,61,43,18,690.0,47,106,0.443,135,41,97,0.423,0.637
316,203521,Matthew Dellavedova,1610612739,CLE,72,29,43,1271.0,59,151,0.391,168,50,133,0.376,0.556
317,203090,Maurice Harkless,1610612753,ORL,80,22,58,1950.0,56,141,0.397,165,53,134,0.396,0.585
318,2408,Melvin Ely,1610612740,NOP,2,2,0,27.0,0,1,0.0,0,0,0,0.0,0.0
319,1897,Metta World Peace,1610612752,NYK,29,10,19,388.0,16,53,0.302,46,14,42,0.333,0.434
320,203086,Meyers Leonard,1610612757,POR,40,20,20,355.0,13,40,0.325,26,0,4,0.0,0.325
321,201563,Michael Beasley,1610612748,MIA,55,36,19,831.0,42,101,0.416,104,20,48,0.417,0.515
322,203487,Michael Carter-Williams,1610612755,PHI,70,18,52,2414.0,46,156,0.295,128,36,131,0.275,0.41
323,203077,Michael Kidd-Gilchrist,1610612766,CHA,61,34,27,1472.0,25,90,0.278,51,1,9,0.111,0.283
324,201144,Mike Conley,1610612763,MEM,73,46,27,2446.0,79,224,0.353,229,71,192,0.37,0.511
325,2399,Mike Dunleavy,1610612741,CHI,82,48,34,2584.0,175,451,0.388,456,106,296,0.358,0.506
326,200839,Mike Harris,1610612762,UTA,20,1,19,225.0,10,31,0.323,20,0,2,0.0,0.323
327,2229,Mike James,1610612741,CHI,11,3,8,77.0,1,6,0.167,3,1,5,0.2,0.25
328,2034,Mike Miller,1610612763,MEM,82,50,32,1707.0,132,291,0.454,365,101,223,0.453,0.627
329,203488,Mike Muscala,1610612737,ATL,20,10,10,215.0,14,34,0.412,28,0,3,0.0,0.412
330,203118,Mike Scott,1610612737,ATL,79,36,43,1454.0,104,282,0.369,269,61,190,0.321,0.477
331,203101,Miles Plumlee,1610612756,PHX,80,47,33,1964.0,12,34,0.353,24,0,0,0.0,0.353
332,203545,Miroslav Raduljica,1610612749,MIL,48,7,41,465.0,1,12,0.083,2,0,0,0.0,0.083
333,203141,Mirza Teletovic,1610612751,BKN,71,40,31,1373.0,137,352,0.389,400,126,328,0.384,0.568
334,2590,Mo Williams,1610612757,POR,74,49,25,1833.0,70,174,0.402,200,60,147,0.408,0.575
335,101145,Monta Ellis,1610612742,DAL,82,49,33,3023.0,73,196,0.372,200,54,136,0.397,0.51
336,201203,Mustafa Shakur,1610612760,OKC,3,2,1,11.0,0,2,0.0,0,0,1,0.0,0.0
337,201986,Nando De Colo,1610612761,TOR,47,36,11,494.0,15,45,0.333,44,14,41,0.341,0.489
338,101126,Nate Robinson,1610612743,DEN,44,22,22,866.0,38,97,0.392,109,33,86,0.384,0.562
339,203489,Nate Wolters,1610612749,MIL,57,10,47,1273.0,16,52,0.308,45,13,41,0.317,0.433
340,1737,Nazr Mohammed,1610612741,CHI,80,47,33,562.0,8,39,0.205,16,0,0,0.0,0.205
341,203517,Nemanja Nedovic,1610612744,GSW,23,16,7,134.0,2,12,0.167,6,2,11,0.182,0.25
342,2403,Nene,1610612764,WAS,53,30,23,1560.0,101,236,0.428,203,1,4,0.25,0.43
343,201979,Nick Calathes,1610612763,MEM,71,42,29,1173.0,21,56,0.375,59,17,47,0.362,0.527
344,2555,Nick Collison,1610612760,OKC,81,58,23,1353.0,25,64,0.391,54,4,17,0.235,0.422
345,201156,Nick Young,1610612747,LAL,64,21,43,1810.0,110,273,0.403,313,93,233,0.399,0.573
346,201587,Nicolas Batum,1610612757,POR,82,54,28,2956.0,150,379,0.396,424,124,321,0.386,0.559
347,201593,Nikola Pekovic,1610612750,MIN,54,27,27,1663.0,11,23,0.478,22,0,0,0.0,0.478
348,202696,Nikola Vucevic,1610612753,ORL,57,19,38,1812.0,105,235,0.447,210,0,0,0.0,0.447
349,202708,Norris Cole,1610612748,MIA,82,54,28,2014.0,64,181,0.354,186,58,163,0.356,0.514
350,201564,O.J. Mayo,1610612749,MIL,51,10,41,1314.0,83,223,0.372,229,63,169,0.373,0.513
351,203136,Ognjen Kuzmic,1610612744,GSW,21,16,5,92.0,0,0,0.0,0,0,0,0.0,0.0
352,201600,Omer Asik,1610612745,HOU,48,32,16,968.0,3,9,0.333,6,0,0,0.0,0.333
353,201956,Omri Casspi,1610612745,HOU,71,46,25,1283.0,61,177,0.345,178,56,160,0.35,0.503
354,203111,Orlando Johnson,1610612758,SAC,45,34,11,392.0,11,47,0.234,31,9,43,0.209,0.33
355,201785,Othyus Jeffers,1610612750,MIN,6,2,4,47.0,0,3,0.0,0,0,2,0.0,0.0
356,203490,Otto Porter Jr.,1610612764,WAS,37,20,17,319.0,12,44,0.273,27,3,19,0.158,0.307
357,200782,PJ Tucker,1610612756,PHX,81,48,33,2490.0,81,212,0.382,233,71,181,0.392,0.55
358,203143,Pablo Prigioni,1610612752,NYK,66,29,37,1283.0,43,96,0.448,128,42,93,0.452,0.667
359,201976,Patrick Beverley,1610612745,HOU,56,39,17,1751.0,89,237,0.376,263,85,227,0.374,0.555
360,202335,Patrick Patterson,1610612761,TOR,64,37,27,1506.0,111,278,0.399,275,53,147,0.361,0.495
361,201988,Patty Mills,1610612759,SAS,81,62,19,1527.0,95,240,0.396,280,90,224,0.402,0.583
362,2200,Pau Gasol,1610612747,LAL,60,21,39,1884.0,119,283,0.42,242,4,13,0.308,0.428
363,202331,Paul George,1610612754,IND,80,54,26,2898.0,183,443,0.413,509,143,342,0.418,0.574
364,200794,Paul Millsap,1610612737,ATL,73,36,37,2453.0,105,301,0.349,282,72,200,0.36,0.468
365,1718,Paul Pierce,1610612751,BKN,74,41,33,2071.0,119,310,0.384,343,105,272,0.386,0.553
366,203544,Pero Antic,1610612737,ATL,49,23,26,902.0,66,188,0.351,186,54,165,0.327,0.495
367,203103,Perry Jones III,1610612760,OKC,62,45,17,765.0,29,81,0.358,79,21,57,0.368,0.488
368,203491,Peyton Siva,1610612765,DET,24,9,15,224.0,1,9,0.111,3,1,8,0.125,0.167
369,203515,Phil Pressey,1610612738,BOS,75,23,52,1132.0,25,88,0.284,74,24,83,0.289,0.42
370,203112,Quincy Acy,1610612758,SAC,63,22,41,848.0,12,39,0.308,28,4,15,0.267,0.359
371,203113,Quincy Miller,1610612743,DEN,52,21,31,789.0,29,91,0.319,85,27,81,0.333,0.467
372,202347,Quincy Pondexter,1610612763,MEM,15,7,8,270.0,10,33,0.303,30,10,31,0.323,0.455
373,200765,Rajon Rondo,1610612738,BOS,30,6,24,998.0,14,50,0.28,38,10,40,0.25,0.38
374,201196,Ramon Sessions,1610612749,MIL,83,30,53,2214.0,44,128,0.344,113,25,84,0.298,0.441
375,200751,Randy Foye,1610612743,DEN,81,36,45,2485.0,147,384,0.383,428,134,354,0.379,0.557
376,1740,Rashard Lewis,1610612748,MIA,60,41,19,971.0,52,147,0.354,149,45,133,0.338,0.507
377,2446,Rasual Butler,1610612754,IND,50,30,20,378.0,23,64,0.359,67,21,55,0.382,0.523
378,951,Ray Allen,1610612748,MIA,73,47,26,1936.0,125,316,0.396,360,110,282,0.39,0.57
379,203492,Ray McCallum,1610612758,SAC,45,16,29,897.0,28,70,0.4,75,19,49,0.388,0.536
380,101109,Raymond Felton,1610612752,NYK,65,31,34,2017.0,58,169,0.343,161,45,127,0.354,0.476
381,203493,Reggie Bullock,1610612746,LAC,43,30,13,396.0,23,81,0.284,66,20,66,0.303,0.407
382,2501,Reggie Evans,1610612758,SAC,54,18,36,899.0,1,8,0.125,2,0,0,0.0,0.125
383,202704,Reggie Jackson,1610612760,OKC,80,57,23,2277.0,60,175,0.343,177,57,162,0.352,0.506
384,202130,Reggie Williams,1610612760,OKC,3,3,0,17.0,1,2,0.5,3,1,2,0.5,0.75
385,2210,Richard Jefferson,1610612762,UTA,82,25,57,2213.0,133,333,0.399,380,114,279,0.409,0.571
386,203495,Ricky Ledo,1610612742,DAL,11,5,6,33.0,2,6,0.333,6,2,6,0.333,0.5
387,201937,Ricky Rubio,1610612750,MIN,82,40,42,2638.0,49,146,0.336,139,41,120,0.342,0.476
388,203133,Robbie Hummel,1610612750,MIN,53,26,27,655.0,47,124,0.379,126,32,83,0.386,0.508
389,203496,Robert Covington,1610612745,HOU,7,4,3,34.0,5,12,0.417,14,4,11,0.364,0.583
390,203135,Robert Sacre,1610612747,LAL,65,20,45,1089.0,29,77,0.377,58,0,0,0.0,0.377
391,201577,Robin Lopez,1610612757,POR,82,54,28,2604.0,34,84,0.405,68,0,0,0.0,0.405
392,201155,Rodney Stuckey,1610612765,DET,73,27,46,1950.0,52,153,0.34,128,24,78,0.308,0.418
393,2427,Roger Mason Jr.,1610612748,MIA,25,18,7,260.0,16,46,0.348,45,13,41,0.317,0.489
394,200758,Ronnie Brewer,1610612741,CHI,24,17,7,160.0,1,9,0.111,3,1,8,0.125,0.167
395,101179,Ronnie Price,1610612753,ORL,31,9,22,377.0,8,31,0.258,23,7,29,0.241,0.371
396,101142,Ronny Turiaf,1610612750,MIN,31,16,15,606.0,1,3,0.333,2,0,0,0.0,0.333
397,201579,Roy Hibbert,1610612754,IND,81,55,26,2409.0,60,158,0.38,121,1,4,0.25,0.383
398,2767,Royal Ivey,1610612760,OKC,2,2,0,5.0,0,0,0.0,0,0,0,0.0,0.0
399,203091,Royce White,1610612758,SAC,3,1,2,9.0,0,1,0.0,0,0,0,0.0,0.0
400,200752,Rudy Gay,1610612758,SAC,72,26,46,2495.0,66,196,0.337,175,43,129,0.333,0.446
401,203497,Rudy Gobert,1610612762,UTA,45,7,38,434.0,1,3,0.333,2,0,0,0.0,0.333
402,201566,Russell Westbrook,1610612760,OKC,46,34,12,1412.0,21,69,0.304,59,17,62,0.274,0.428
403,201583,Ryan Anderson,1610612740,NOP,22,12,10,795.0,75,177,0.424,215,65,155,0.419,0.607
404,101155,Ryan Gomes,1610612760,OKC,5,3,2,34.0,1,4,0.25,2,0,2,0.0,0.25
405,200797,Ryan Hollins,1610612746,LAC,61,43,18,482.0,2,4,0.5,4,0,0,0.0,0.5
406,203527,Ryan Kelly,1610612747,LAL,59,15,44,1312.0,56,162,0.346,159,47,138,0.341,0.491
407,2223,Samuel Dalembert,1610612742,DAL,80,48,32,1614.0,21,52,0.404,42,0,0,0.0,0.404
408,2756,Sasha Vujacic,1610612746,LAC,2,1,1,10.0,2,4,0.5,5,1,2,0.5,0.625
409,203816,Scotty Hopson,1610612739,CLE,2,2,0,7.0,0,1,0.0,0,0,1,0.0,0.0
410,201586,Serge Ibaka,1610612760,OKC,81,59,22,2666.0,224,474,0.473,470,22,59,0.373,0.496
411,203508,Sergey Karasev,1610612739,CLE,22,7,15,156.0,5,22,0.227,14,4,19,0.211,0.318
412,203552,Seth Curry,1610612739,CLE,2,1,1,13.0,1,1,1.0,3,1,1,1.0,1.5
413,203498,Shabazz Muhammad,1610612750,MIN,37,21,16,290.0,5,18,0.278,13,3,10,0.3,0.361
414,2203,Shane Battier,1610612748,MIA,73,49,24,1468.0,72,206,0.35,216,72,202,0.356,0.524
415,202197,Shane Edwards,1610612739,CLE,2,0,2,12.0,0,0,0.0,0,0,0,0.0,0.0
416,203499,Shane Larkin,1610612742,DAL,48,26,22,489.0,10,32,0.313,29,9,27,0.333,0.453
417,200769,Shannon Brown,1610612752,NYK,29,19,10,251.0,0,10,0.0,0,0,2,0.0,0.0
418,2733,Shaun Livingston,1610612751,BKN,75,41,34,1952.0,5,15,0.333,11,1,5,0.2,0.367
419,101183,Shavlik Randolph,1610612756,PHX,14,8,6,95.0,0,0,0.0,0,0,0,0.0,0.0
420,1890,Shawn Marion,1610612742,DAL,76,44,32,2409.0,80,203,0.394,218,58,157,0.369,0.537
421,200761,Shawne Williams,1610612747,LAL,36,14,22,751.0,51,139,0.367,143,41,124,0.331,0.514
422,202714,Shelvin Mack,1610612737,ATL,72,33,39,1468.0,45,120,0.375,128,38,112,0.339,0.533
423,203524,Solomon Hill,1610612754,IND,28,17,11,226.0,4,20,0.2,12,4,20,0.2,0.3
424,200780,Solomon Jones,1610612753,ORL,11,2,9,85.0,4,10,0.4,8,0,0,0.0,0.4
425,201150,Spencer Hawes,1610612739,CLE,80,26,54,2470.0,159,376,0.423,441,123,295,0.417,0.586
426,201939,Stephen Curry,1610612744,GSW,77,49,28,2806.0,115,248,0.464,326,96,209,0.459,0.657
427,1536,Stephen Jackson,1610612746,LAC,9,6,3,107.0,1,15,0.067,3,1,13,0.077,0.1
428,2581,Steve Blake,1610612744,GSW,55,31,24,1498.0,70,176,0.398,203,63,156,0.404,0.577
429,959,Steve Nash,1610612747,LAL,15,4,11,313.0,7,17,0.412,20,6,13,0.462,0.588
430,200779,Steve Novak,1610612761,TOR,54,28,26,540.0,52,112,0.464,152,48,107,0.449,0.679
431,203500,Steven Adams,1610612760,OKC,81,59,22,1197.0,3,10,0.3,6,0,0,0.0,0.3
432,201959,Taj Gibson,1610612741,CHI,82,48,34,2351.0,123,288,0.427,246,0,7,0.0,0.427
433,2419,Tayshaun Prince,1610612763,MEM,76,46,30,1948.0,78,227,0.344,176,20,68,0.294,0.388
434,203093,Terrence Jones,1610612745,HOU,76,51,25,2078.0,40,122,0.328,110,30,92,0.326,0.451
435,203082,Terrence Ross,1610612761,TOR,80,46,34,2137.0,158,385,0.41,462,146,353,0.414,0.6
436,200757,Thabo Sefolosha,1610612760,OKC,61,44,17,1584.0,52,169,0.308,149,45,145,0.31,0.441
437,201152,Thaddeus Young,1610612755,PHI,79,18,61,2718.0,112,347,0.323,306,82,255,0.322,0.441
438,203080,Thomas Robinson,1610612757,POR,70,47,23,873.0,23,68,0.338,46,0,1,0.0,0.338
439,201168,Tiago Splitter,1610612759,SAS,59,46,13,1271.0,6,12,0.5,12,0,1,0.0,0.5
440,1495,Tim Duncan,1610612759,SAS,74,56,18,2158.0,115,302,0.381,230,0,5,0.0,0.381
441,203501,Tim Hardaway Jr.,1610612752,NYK,81,37,44,1875.0,130,354,0.367,374,114,311,0.367,0.528
442,202389,Timofey Mozgov,1610612743,DEN,82,36,46,1770.0,21,71,0.296,46,4,23,0.174,0.324
443,202699,Tobias Harris,1610612753,ORL,61,16,45,1850.0,74,225,0.329,178,30,116,0.259,0.396
444,201962,Toney Douglas,1610612748,MIA,51,33,18,675.0,22,62,0.355,65,21,58,0.362,0.524
445,2754,Tony Allen,1610612763,MEM,55,31,24,1278.0,25,89,0.281,60,10,43,0.233,0.337
446,203183,Tony Mitchell,1610612749,MIL,3,0,3,10.0,0,0,0.0,0,0,0,0.0,0.0
447,203502,Tony Mitchell,1610612765,DET,21,6,15,79.0,1,3,0.333,3,1,1,1.0,0.5
448,2225,Tony Parker,1610612759,SAS,68,51,17,1997.0,41,103,0.398,105,23,60,0.383,0.51
449,203503,Tony Snell,1610612741,CHI,77,46,31,1231.0,66,187,0.353,186,54,158,0.342,0.497
450,203100,Tony Wroten,1610612755,PHI,72,18,54,1765.0,28,118,0.237,83,27,113,0.239,0.352
451,203129,Tornike Shengelia,1610612741,CHI,25,13,12,147.0,0,6,0.0,0,0,6,0.0,0.0
452,203315,Toure' Murry,1610612752,NYK,51,26,25,372.0,7,19,0.368,16,2,7,0.286,0.421
453,2566,Travis Outlaw,1610612758,SAC,63,22,41,1065.0,56,153,0.366,150,38,104,0.365,0.49
454,2772,Trevor Ariza,1610612764,WAS,76,41,35,2690.0,181,433,0.418,529,167,401,0.416,0.611
455,202344,Trevor Booker,1610612764,WAS,71,36,35,1529.0,41,97,0.423,82,0,2,0.0,0.423
456,203504,Trey Burke,1610612762,UTA,70,24,46,2262.0,110,316,0.348,310,90,269,0.335,0.491
457,202684,Tristan Thompson,1610612739,CLE,82,33,49,2594.0,29,67,0.433,58,0,1,0.0,0.433
458,203584,Troy Daniels,1610612745,HOU,5,3,2,75.0,9,20,0.45,26,8,19,0.421,0.65
459,201951,Ty Lawson,1610612743,DEN,62,29,33,2222.0,52,139,0.374,148,44,120,0.367,0.532
460,201946,Tyler Hansbrough,1610612761,TOR,63,37,26,962.0,5,24,0.208,10,0,1,0.0,0.208
461,203092,Tyler Zeller,1610612739,CLE,70,27,43,1049.0,31,65,0.477,62,0,1,0.0,0.477
462,201936,Tyreke Evans,1610612740,NOP,72,32,40,2028.0,23,78,0.295,62,16,58,0.276,0.397
463,203116,Tyshawn Taylor,1610612751,BKN,22,10,12,262.0,2,8,0.25,6,2,7,0.286,0.375
464,2199,Tyson Chandler,1610612752,NYK,55,24,31,1662.0,15,39,0.385,30,0,1,0.0,0.385
465,2617,Udonis Haslem,1610612748,MIA,46,30,16,653.0,24,64,0.375,48,0,0,0.0,0.375
466,203505,Vander Blue,1610612738,BOS,3,1,2,15.0,0,1,0.0,0,0,1,0.0,0.0
467,203139,Viacheslav Kravtsov,1610612756,PHX,20,13,7,59.0,0,0,0.0,0,0,0,0.0,0.0
468,201964,Victor Claver,1610612757,POR,21,13,8,184.0,4,18,0.222,11,3,15,0.2,0.306
469,203506,Victor Oladipo,1610612753,ORL,80,23,57,2487.0,63,181,0.348,184,58,168,0.345,0.508
470,1713,Vince Carter,1610612742,DAL,81,49,32,1973.0,124,311,0.399,357,109,271,0.402,0.574
471,203543,Vitor Faverani,1610612738,BOS,37,13,24,488.0,21,56,0.375,54,12,38,0.316,0.482
472,201961,Wayne Ellington,1610612742,DAL,45,23,22,393.0,28,69,0.406,77,21,47,0.447,0.558
473,202325,Wesley Johnson,1610612747,LAL,79,27,52,2240.0,126,337,0.374,345,93,250,0.372,0.512
474,202083,Wesley Matthews,1610612757,POR,82,54,28,2780.0,188,463,0.406,549,173,424,0.408,0.593
475,203115,Will Barton,1610612757,POR,41,27,14,387.0,10,28,0.357,26,6,22,0.273,0.464
476,101198,Will Bynum,1610612765,DET,56,17,39,1054.0,15,51,0.294,41,11,37,0.297,0.402
477,2584,Willie Green,1610612746,LAC,55,38,17,869.0,51,153,0.333,141,39,106,0.368,0.461
478,201163,Wilson Chandler,1610612743,DEN,62,27,35,1927.0,137,369,0.371,392,118,327,0.361,0.531
479,202333,Xavier Henry,1610612747,LAL,43,16,27,908.0,33,87,0.379,90,24,63,0.381,0.517
480,2216,Zach Randolph,1610612763,MEM,79,49,30,2705.0,88,216,0.407,178,2,15,0.133,0.412
481,2585,Zaza Pachulia,1610612749,MIL,52,10,42,1310.0,39,101,0.386,78,0,1,0.0,0.386
