,PLAYER_ID,PLAYER_NAME,TEAM_ID,TEAM_ABBREVIATION,GP,W,L,MIN,TOUCHES,ELBOW_TOUCHES,ELBOW_TOUCH_FGM,ELBOW_TOUCH_FGA,ELBOW_TOUCH_FG_PCT,ELBOW_TOUCH_FTM,ELBOW_TOUCH_FTA,ELBOW_TOUCH_FT_PCT,ELBOW_TOUCH_PTS,ELBOW_TOUCH_PASSES,ELBOW_TOUCH_AST,ELBOW_TOUCH_AST_PCT,ELBOW_TOUCH_TOV,ELBOW_TOUCH_TOV_PCT,ELBOW_TOUCH_FOULS
0,201985,AJ Price,1610612750,MIN,28,15,13,99.0,244,1,0,1,0.0,0,0,0.0,0,0,0,0.0,0,0.0,0
1,201166,Aaron Brooks,1610612743,DEN,72,42,30,1557.0,2859,21,0,3,0.0,0,0,0.0,0,15,4,0.267,1,0.048,0
2,201189,Aaron Gray,1610612758,SAC,36,11,25,348.0,504,59,3,7,0.429,0,0,0.0,6,46,6,0.13,6,0.102,0
3,203519,Adonis Thomas,1610612755,PHI,6,2,4,38.0,38,0,0,0,0.0,0,0,0.0,0,0,0,0.0,0,0.0,0
4,1733,Al Harrington,1610612764,WAS,33,20,13,497.0,823,24,5,10,0.5,1,2,0.5,12,12,0,0.0,1,0.042,1
5,201143,Al Horford,1610612737,ATL,29,16,13,958.0,1826,195,40,75,0.533,4,8,0.5,85,95,12,0.126,14,0.072,4
6,2744,Al Jefferson,1610612766,CHA,72,37,35,2517.0,3575,373,82,176,0.466,15,22,0.682,184,170,19,0.112,13,0.035,11
7,202329,Al-Farouq Aminu,1610612740,NOP,80,33,47,2045.0,2520,108,17,29,0.586,9,12,0.75,42,64,10,0.156,6,0.056,6
8,101187,Alan Anderson,1610612751,BKN,77,42,35,1745.0,2060,20,3,7,0.429,1,2,0.5,9,11,2,0.182,1,0.05,1
9,202692,Alec Burks,1610612762,UTA,78,24,54,2193.0,4183,114,28,42,0.667,13,18,0.722,74,59,7,0.119,4,0.035,9
10,203458,Alex Len,1610612756,PHX,42,24,18,362.0,495,31,3,10,0.3,3,4,0.75,9,13,0,0.0,4,0.129,1
11,203144,Alexey Shved,1610612750,MIN,63,28,35,664.0,1029,14,2,4,0.5,3,4,0.75,8,6,1,0.167,1,0.071,3
12,201582,Alexis Ajinca,1610612740,NOP,56,22,34,951.0,1509,189,28,53,0.528,9,12,0.75,67,121,17,0.14,8,0.042,6
13,203459,Allen Crabbe,1610612757,POR,15,12,3,100.0,132,3,1,3,0.333,0,0,0.0,2,0,0,0.0,0,0.0,0
14,202087,Alonzo Gee,1610612739,CLE,65,29,36,1020.0,1319,10,1,3,0.333,0,0,0.0,2,6,0,0.0,1,0.1,0
15,2405,Amar'e Stoudemire,1610612752,NYK,65,26,39,1466.0,1937,187,46,78,0.59,18,24,0.75,111,79,4,0.051,13,0.07,12
16,101161,Amir Johnson,1610612761,TOR,76,42,34,2181.0,3628,300,73,120,0.608,17,30,0.567,166,143,21,0.147,16,0.053,15
17,2760,Anderson Varejao,1610612739,CLE,65,25,40,1800.0,3342,425,56,106,0.528,18,28,0.643,131,283,44,0.155,17,0.04,10
18,101154,Andray Blatche,1610612751,BKN,72,39,33,1591.0,2819,248,32,68,0.471,9,14,0.643,74,150,9,0.06,12,0.048,7
19,203083,Andre Drummond,1610612765,DET,81,29,52,2619.0,3140,135,27,54,0.5,2,10,0.2,57,66,7,0.106,6,0.044,5
20,2738,Andre Iguodala,1610612744,GSW,63,41,22,2040.0,2780,47,10,14,0.714,5,6,0.833,25,24,6,0.25,3,0.064,2
21,1889,Andre Miller,1610612764,WAS,57,32,25,968.0,2017,29,7,9,0.778,0,0,0.0,14,19,4,0.211,1,0.034,0
22,203460,Andre Roberson,1610612760,OKC,40,30,10,399.0,382,17,2,3,0.667,0,0,0.0,4,14,0,0.0,0,0.0,0
23,200745,Andrea Bargnani,1610612752,NYK,42,15,27,1257.0,1863,153,48,81,0.593,13,16,0.813,110,57,9,0.158,7,0.046,7
24,1905,Andrei Kirilenko,1610612751,BKN,44,29,15,836.0,1121,96,12,15,0.8,6,11,0.545,33,58,10,0.172,11,0.115,6
25,101106,Andrew Bogut,1610612744,GSW,66,39,27,1746.0,2597,127,31,49,0.633,3,8,0.375,65,66,10,0.152,6,0.047,4
26,101115,Andrew Bynum,1610612754,IND,26,11,15,516.0,678,92,13,31,0.419,2,2,1.0,28,58,2,0.034,1,0.011,1
27,203094,Andrew Nicholson,1610612753,ORL,76,19,57,1174.0,1504,29,6,12,0.5,5,6,0.833,18,13,1,0.077,1,0.034,3
28,2740,Andris Biedrins,1610612762,UTA,6,0,6,45.0,51,5,1,1,1.0,0,0,0.0,2,4,0,0.0,0,0.0,0
29,1712,Antawn Jamison,1610612746,LAC,22,15,7,248.0,479,13,2,6,0.333,3,4,0.75,7,5,0,0.0,0,0.0,2
30,203461,Anthony Bennett,1610612739,CLE,52,20,32,663.0,1129,76,9,23,0.391,9,20,0.45,27,34,2,0.059,9,0.118,10
31,203076,Anthony Davis,1610612740,NOP,67,29,38,2358.0,3605,544,87,174,0.5,58,78,0.744,236,294,38,0.129,24,0.044,40
32,201627,Anthony Morrow,1610612740,NOP,76,32,44,1426.0,1439,80,24,44,0.545,7,10,0.7,55,26,7,0.269,4,0.05,3
33,201576,Anthony Randolph,1610612743,DEN,43,15,28,527.0,817,48,5,7,0.714,5,8,0.625,15,30,1,0.033,5,0.104,3
34,201229,Anthony Tolliver,1610612766,CHA,63,32,31,1281.0,1506,19,1,3,0.333,0,0,0.0,3,16,2,0.125,0,0.0,0
35,203462,Archie Goodwin,1610612756,PHX,52,32,20,533.0,741,8,2,6,0.333,0,0,0.0,4,2,0,0.0,0,0.0,0
36,202620,Arinze Onuaku,1610612739,CLE,5,2,3,30.0,40,2,0,2,0.0,0,0,0.0,0,0,0,0.0,0,0.0,0
37,203102,Arnett Moultrie,1610612755,PHI,12,0,12,187.0,264,24,1,5,0.2,0,0,0.0,2,17,1,0.059,2,0.083,0
38,203382,Aron Baynes,1610612759,SAS,53,41,12,491.0,707,79,14,21,0.667,4,4,1.0,33,48,9,0.188,5,0.063,3
39,201167,Arron Afflalo,1610612753,ORL,73,21,52,2552.0,4323,95,18,36,0.5,13,14,0.929,51,40,9,0.225,9,0.095,6
40,201948,Austin Daye,1610612759,SAS,22,16,6,148.0,316,8,0,3,0.0,0,2,0.0,0,4,1,0.25,0,0.0,1
41,203085,Austin Rivers,1610612740,NOP,69,27,42,1339.0,2758,47,7,13,0.538,0,0,0.0,14,29,2,0.069,2,0.043,0
42,202340,Avery Bradley,1610612738,BOS,60,19,41,1855.0,2785,57,14,30,0.467,6,6,1.0,34,20,3,0.15,1,0.018,4
43,2732,Ben Gordon,1610612766,CHA,19,8,11,279.0,411,9,0,3,0.0,0,0,0.0,0,4,0,0.0,1,0.111,0
44,203463,Ben McLemore,1610612758,SAC,81,28,53,2169.0,2310,106,17,45,0.378,3,4,0.75,38,47,6,0.128,7,0.066,1
45,2757,Beno Udrih,1610612763,MEM,41,18,23,643.0,1557,15,1,3,0.333,0,0,0.0,2,11,3,0.273,1,0.067,0
46,203108,Bernard James,1610612742,DAL,30,17,13,146.0,131,23,1,5,0.2,2,2,1.0,5,11,0,0.0,4,0.174,2
47,202687,Bismack Biyombo,1610612766,CHA,76,41,35,1061.0,712,34,11,13,0.846,0,0,0.0,22,19,1,0.053,2,0.059,0
48,201933,Blake Griffin,1610612746,LAC,80,56,24,2863.0,6294,725,99,176,0.563,54,76,0.711,257,457,69,0.151,40,0.055,35
49,2564,Boris Diaw,1610612759,SAS,79,60,19,1974.0,3894,201,22,41,0.537,12,12,1.0,58,141,31,0.22,9,0.045,5
50,203078,Bradley Beal,1610612764,WAS,72,40,32,2494.0,4166,107,22,48,0.458,5,8,0.625,49,46,11,0.239,7,0.065,3
51,201148,Brandan Wright,1610612742,DAL,58,36,22,1077.0,1255,211,54,85,0.635,19,26,0.731,128,95,11,0.116,10,0.047,12
52,101138,Brandon Bass,1610612738,BOS,82,25,57,2266.0,3139,241,38,81,0.469,24,26,0.923,102,136,12,0.088,6,0.025,13
53,203561,Brandon Davies,1610612755,PHI,51,15,36,575.0,901,70,5,13,0.385,3,4,0.75,15,41,4,0.098,11,0.157,2
54,201943,Brandon Jennings,1610612765,DET,80,28,52,2728.0,6548,57,11,18,0.611,2,4,0.5,26,34,12,0.353,2,0.035,2
55,202688,Brandon Knight,1610612749,MIL,72,13,59,2400.0,6009,89,17,28,0.607,0,3,0.0,34,47,3,0.064,5,0.056,1
56,201575,Brandon Rush,1610612762,UTA,38,13,25,418.0,530,3,0,1,0.0,0,0,0.0,0,2,1,0.5,0,0.0,0
57,203148,Brian Roberts,1610612740,NOP,72,28,44,1667.0,3692,59,15,27,0.556,2,2,1.0,32,24,8,0.333,7,0.119,1
58,201572,Brook Lopez,1610612751,BKN,17,7,10,533.0,683,83,12,26,0.462,9,10,0.9,33,41,3,0.073,7,0.084,4
59,201957,Byron Mullens,1610612755,PHI,45,16,29,414.0,763,37,4,11,0.364,2,4,0.5,10,21,1,0.048,3,0.081,1
60,201228,C.J. Watson,1610612754,IND,63,48,15,1193.0,2485,21,6,9,0.667,0,0,0.0,13,12,3,0.25,0,0.0,0
61,203468,CJ McCollum,1610612757,POR,38,21,17,476.0,676,11,3,3,1.0,1,2,0.5,7,5,0,0.0,2,0.182,1
62,101139,CJ Miles,1610612739,CLE,51,21,30,984.0,1249,40,12,26,0.462,2,2,1.0,26,12,2,0.167,1,0.025,1
63,201171,Carl Landry,1610612758,SAC,18,5,13,233.0,321,33,3,4,0.75,2,2,1.0,8,25,2,0.08,3,0.091,0
64,2430,Carlos Boozer,1610612741,CHI,76,43,33,2141.0,3571,463,89,192,0.464,26,33,0.788,206,225,28,0.124,27,0.058,18
65,2546,Carmelo Anthony,1610612752,NYK,77,35,42,2982.0,5375,345,85,171,0.497,42,48,0.875,218,129,17,0.132,15,0.043,22
66,2406,Caron Butler,1610612760,OKC,55,21,34,1394.0,2165,78,6,19,0.316,3,4,0.75,16,49,0,0.0,7,0.09,1
67,203467,Carrick Felix,1610612739,CLE,7,2,5,38.0,58,4,0,1,0.0,2,2,1.0,2,1,0,0.0,1,0.25,1
68,201858,Cartier Martin,1610612737,ATL,59,27,32,870.0,1084,13,4,8,0.5,2,2,1.0,10,4,0,0.0,0,0.0,0
69,203810,Casper Ware,1610612755,PHI,9,3,6,116.0,252,3,1,1,1.0,0,0,0.0,2,2,1,0.5,0,0.0,0
70,202718,Chandler Parsons,1610612745,HOU,74,50,24,2783.0,4439,86,27,37,0.73,5,8,0.625,61,40,6,0.15,4,0.047,4
71,101112,Channing Frye,1610612756,PHX,82,48,34,2312.0,3915,118,15,24,0.625,4,4,1.0,34,87,7,0.08,4,0.034,2
72,101111,Charlie Villanueva,1610612765,DET,20,5,15,180.0,338,13,2,4,0.5,0,0,0.0,4,7,1,0.143,1,0.077,0
73,201978,Chase Budinger,1610612750,MIN,41,21,20,751.0,839,42,8,22,0.364,0,0,0.0,17,16,1,0.063,2,0.048,1
74,1497,Chauncey Billups,1610612765,DET,19,7,12,309.0,575,1,0,1,0.0,0,0,0.0,0,0,0,0.0,0,0.0,0
75,2365,Chris Andersen,1610612748,MIA,72,49,23,1396.0,1442,87,19,24,0.792,16,18,0.889,58,49,1,0.02,2,0.023,9
76,203569,Chris Babb,1610612738,BOS,14,3,11,132.0,150,2,0,0,0.0,0,0,0.0,0,2,1,0.5,0,0.0,0
77,2547,Chris Bosh,1610612748,MIA,79,53,26,2531.0,3914,331,61,106,0.575,34,42,0.81,161,181,17,0.094,14,0.042,21
78,203142,Chris Copeland,1610612754,IND,41,25,16,265.0,381,11,0,2,0.0,0,0,0.0,0,7,0,0.0,2,0.182,0
79,201604,Chris Douglas-Roberts,1610612766,CHA,48,26,22,994.0,1043,10,2,4,0.5,0,0,0.0,4,4,0,0.0,2,0.2,0
80,203187,Chris Johnson,1610612738,BOS,40,11,29,789.0,916,22,6,8,0.75,3,4,0.75,15,9,2,0.222,3,0.136,2
81,2549,Chris Kaman,1610612747,LAL,39,13,26,736.0,1535,181,41,77,0.532,11,14,0.786,96,84,17,0.202,12,0.066,6
82,101108,Chris Paul,1610612746,LAC,62,44,18,2171.0,5958,114,15,26,0.577,7,10,0.7,36,74,10,0.135,6,0.053,0
83,202698,Chris Singleton,1610612764,WAS,25,13,12,250.0,386,13,1,6,0.167,4,4,1.0,6,4,0,0.0,1,0.077,2
84,203147,Chris Smith,1610612752,NYK,2,0,2,2.0,3,0,0,0,0.0,0,0,0.0,0,0,0,0.0,0,0.0,0
85,202874,Chris Wright,1610612749,MIL,8,1,7,126.0,136,5,0,2,0.0,0,0,0.0,0,3,1,0.333,0,0.0,0
86,101236,Chuck Hayes,1610612761,TOR,60,33,27,732.0,1069,126,7,24,0.292,1,2,0.5,16,87,11,0.126,6,0.048,1
87,203469,Cody Zeller,1610612766,CHA,81,42,39,1400.0,3198,214,15,36,0.417,18,26,0.692,51,152,16,0.105,9,0.042,13
88,202332,Cole Aldrich,1610612752,NYK,46,26,20,330.0,533,47,7,15,0.467,5,6,0.833,19,23,2,0.087,6,0.128,3
89,201147,Corey Brewer,1610612750,MIN,81,40,41,2609.0,3166,108,32,55,0.582,11,15,0.733,80,36,6,0.167,7,0.065,7
90,202709,Cory Joseph,1610612759,SAS,68,52,16,936.0,1946,33,8,10,0.8,0,0,0.0,17,20,3,0.15,3,0.091,0
91,201584,Courtney Lee,1610612763,MEM,79,47,32,1973.0,2709,51,7,14,0.5,0,0,0.0,15,36,2,0.056,1,0.02,0
92,201571,D.J. Augustin,1610612741,CHI,70,43,27,1925.0,4905,37,11,18,0.611,2,2,1.0,26,15,3,0.2,2,0.054,1
93,203474,DJ Stephens,1610612749,MIL,3,0,3,15.0,23,0,0,0,0.0,0,0,0.0,0,0,0,0.0,0,0.0,0
94,201591,DJ White,1610612766,CHA,2,2,0,10.0,16,0,0,0,0.0,0,0,0.0,0,0,0,0.0,0,0.0,0
95,203081,Damian Lillard,1610612757,POR,82,54,28,2937.0,6918,59,9,16,0.563,8,8,1.0,26,31,3,0.097,5,0.085,4
96,202345,Damion James,1610612759,SAS,5,1,4,50.0,75,3,0,2,0.0,0,0,0.0,0,1,0,0.0,0,0.0,0
97,202350,Daniel Orton,1610612755,PHI,22,7,15,251.0,403,25,3,4,0.75,0,0,0.0,7,19,3,0.158,1,0.04,0
98,101122,Danny Granger,1610612746,LAC,41,31,10,848.0,1103,26,2,10,0.2,0,0,0.0,4,13,1,0.077,0,0.0,0
99,201980,Danny Green,1610612759,SAS,68,54,14,1651.0,2545,38,10,18,0.556,1,2,0.5,24,17,3,0.176,2,0.053,1
100,201967,Dante Cunningham,1610612750,MIN,81,39,42,1635.0,2838,353,52,107,0.486,6,9,0.667,111,226,25,0.111,9,0.025,4
101,203130,Darius Johnson-Odom,1610612755,PHI,3,0,3,15.0,34,0,0,0,0.0,0,0,0.0,0,0,0,0.0,0,0.0,0
102,203121,Darius Miller,1610612740,NOP,45,14,31,723.0,721,15,2,6,0.333,0,0,0.0,4,8,1,0.125,1,0.067,0
103,202721,Darius Morris,1610612763,MEM,27,16,11,313.0,675,5,2,2,1.0,0,0,0.0,4,2,0,0.0,0,0.0,0
104,201589,Darrell Arthur,1610612743,DEN,68,33,35,1161.0,1681,92,17,41,0.415,5,6,0.833,39,45,6,0.133,3,0.033,2
105,201954,Darren Collison,1610612746,LAC,80,56,24,2069.0,4416,45,10,16,0.625,9,10,0.9,29,22,3,0.136,2,0.044,4
106,101135,David Lee,1610612744,GSW,68,41,27,2253.0,3627,262,66,130,0.508,37,46,0.804,174,80,16,0.2,22,0.084,24
107,2561,David West,1610612754,IND,80,54,26,2472.0,5032,499,89,197,0.452,28,38,0.737,210,240,39,0.163,24,0.048,15
108,201599,DeAndre Jordan,1610612746,LAC,82,57,25,2870.0,4043,268,13,21,0.619,8,22,0.364,36,218,17,0.078,10,0.037,8
109,202732,DeAndre Liggins,1610612748,MIA,1,1,0,1.0,2,0,0,0,0.0,0,0,0.0,0,0,0,0.0,0,0.0,0
110,201971,DeJuan Blair,1610612742,DAL,78,46,32,1214.0,1594,320,70,139,0.504,18,24,0.75,160,154,30,0.195,13,0.041,13
111,201942,DeMar DeRozan,1610612761,TOR,78,44,34,2982.0,4804,160,22,66,0.333,13,20,0.65,59,77,15,0.195,5,0.031,10
112,202326,DeMarcus Cousins,1610612758,SAC,70,28,42,2277.0,4474,312,63,120,0.525,30,42,0.714,162,147,22,0.15,20,0.064,20
113,201960,DeMarre Carroll,1610612737,ATL,73,37,36,2341.0,3382,62,15,25,0.6,10,14,0.714,42,26,2,0.077,3,0.048,5
114,203471,Dennis Schroder,1610612737,ATL,48,21,27,622.0,1469,6,1,1,1.0,0,0,0.0,2,5,1,0.2,0,0.0,0
115,965,Derek Fisher,1610612760,OKC,81,59,22,1428.0,2156,53,5,9,0.556,2,4,0.5,13,35,7,0.2,5,0.094,1
116,101114,Deron Williams,1610612751,BKN,64,37,27,2059.0,4992,42,6,14,0.429,0,0,0.0,14,24,5,0.208,3,0.071,0
117,202324,Derrick Favors,1610612762,UTA,73,25,48,2201.0,4032,424,77,138,0.558,26,40,0.65,191,236,30,0.127,20,0.047,19
118,201565,Derrick Rose,1610612741,CHI,10,5,5,311.0,845,10,2,4,0.5,2,2,1.0,6,5,1,0.2,0,0.0,1
119,202682,Derrick Williams,1610612758,SAC,77,29,48,1799.0,2286,89,14,35,0.4,12,17,0.706,46,39,2,0.051,3,0.034,8
120,2734,Devin Harris,1610612742,DAL,40,24,16,818.0,2007,12,1,4,0.25,0,0,0.0,2,7,2,0.286,1,0.083,0
121,203473,Dewayne Dedmon,1610612753,ORL,31,7,24,390.0,578,34,5,9,0.556,4,7,0.571,14,20,0,0.0,2,0.059,2
122,202354,Dexter Pittman,1610612737,ATL,2,0,2,3.0,2,0,0,0,0.0,0,0,0.0,0,0,0,0.0,0,0.0,0
123,203197,Diante Garrett,1610612762,UTA,71,23,48,1048.0,2342,24,3,5,0.6,0,0,0.0,6,19,3,0.158,0,0.0,0
124,203079,Dion Waiters,1610612739,CLE,70,28,42,2072.0,3336,38,9,12,0.75,0,0,0.0,19,18,3,0.167,7,0.184,0
125,202091,Dionte Christmas,1610612756,PHX,31,15,16,198.0,291,5,1,2,0.5,2,2,1.0,4,2,0,0.0,0,0.0,1
126,1717,Dirk Nowitzki,1610612742,DAL,80,48,32,2628.0,4990,223,42,81,0.519,24,24,1.0,109,110,13,0.118,11,0.049,11
127,202388,Donald Sloan,1610612754,IND,48,31,17,392.0,805,6,0,1,0.0,2,2,1.0,2,4,1,0.25,0,0.0,1
128,202700,Donatas Motiejunas,1610612745,HOU,62,42,20,952.0,1590,94,20,34,0.588,7,10,0.7,48,50,6,0.12,4,0.043,5
129,2748,Dorell Wright,1610612757,POR,68,48,20,984.0,1385,20,3,4,0.75,0,0,0.0,6,13,0,0.0,2,0.1,0
130,203117,Doron Lamb,1610612753,ORL,53,13,40,695.0,766,14,2,4,0.5,0,0,0.0,5,8,3,0.375,1,0.071,0
131,203110,Draymond Green,1610612744,GSW,81,50,31,1775.0,2955,92,10,25,0.4,10,12,0.833,30,52,9,0.173,5,0.054,6
132,2400,Drew Gooden,1610612764,WAS,21,12,9,377.0,669,56,6,14,0.429,4,6,0.667,16,37,4,0.108,2,0.036,3
133,202779,Dwight Buycks,1610612761,TOR,14,5,9,146.0,299,1,0,0,0.0,0,0,0.0,0,1,0,0.0,0,0.0,0
134,2730,Dwight Howard,1610612745,HOU,71,48,23,2396.0,4206,187,21,31,0.677,8,26,0.308,53,133,11,0.083,6,0.032,12
135,2548,Dwyane Wade,1610612748,MIA,54,36,18,1775.0,3229,75,26,34,0.765,8,8,1.0,62,30,4,0.133,6,0.08,4
136,202734,E'Twaun Moore,1610612753,ORL,79,22,57,1506.0,1914,23,4,8,0.5,3,4,0.75,12,10,2,0.2,1,0.043,2
137,201947,Earl Clark,1610612752,NYK,54,22,32,768.0,1063,20,4,6,0.667,0,0,0.0,9,12,0,0.0,2,0.1,0
138,2248,Earl Watson,1610612757,POR,24,17,7,161.0,351,5,0,0,0.0,0,0,0.0,0,4,1,0.25,1,0.2,0
139,202334,Ed Davis,1610612763,MEM,63,38,25,956.0,1404,168,25,51,0.49,13,18,0.722,64,95,11,0.116,9,0.054,9
140,202327,Ekpe Udoh,1610612749,MIL,42,7,35,804.0,1102,113,10,22,0.455,9,14,0.643,30,77,5,0.065,5,0.044,7
141,203548,Elias Harris,1610612747,LAL,2,1,1,11.0,12,0,0,0,0.0,0,0,0.0,0,0,0,0.0,0,0.0,0
142,202343,Elliot Williams,1610612755,PHI,67,13,54,1157.0,1438,24,6,10,0.6,6,8,0.75,20,7,1,0.143,3,0.125,4
143,1882,Elton Brand,1610612737,ATL,72,34,38,1392.0,2320,296,59,114,0.518,11,16,0.688,130,158,17,0.108,12,0.041,7
144,202683,Enes Kanter,1610612762,UTA,80,23,57,2138.0,3224,289,55,108,0.509,8,12,0.667,120,156,8,0.051,11,0.038,3
145,202339,Eric Bledsoe,1610612756,PHX,43,28,15,1416.0,3061,41,6,10,0.6,5,8,0.625,18,25,5,0.2,0,0.0,3
146,201569,Eric Gordon,1610612740,NOP,64,26,38,2057.0,2644,93,19,35,0.543,10,14,0.714,49,43,7,0.163,5,0.054,6
147,201953,Eric Maynor,1610612755,PHI,31,11,20,327.0,860,1,0,0,0.0,0,0,0.0,0,1,1,1.0,0,0.0,0
148,203513,Erik Murphy,1610612741,CHI,24,13,11,62.0,122,9,0,1,0.0,0,0,0.0,0,7,1,0.143,1,0.111,0
149,101141,Ersan Ilyasova,1610612749,MIL,54,10,44,1455.0,2817,145,19,48,0.396,13,14,0.929,52,81,4,0.049,1,0.007,7
150,203095,Evan Fournier,1610612743,DEN,76,35,41,1504.0,2197,40,11,17,0.647,3,4,0.75,26,16,2,0.125,4,0.1,2
151,202323,Evan Turner,1610612754,IND,81,29,52,2457.0,4265,127,32,68,0.471,17,20,0.85,82,38,7,0.184,10,0.079,9
152,101128,Francisco Garcia,1610612745,HOU,55,33,22,1083.0,1303,11,2,4,0.5,0,0,0.0,4,4,0,0.0,3,0.273,0
153,203539,Gal Mekel,1610612742,DAL,31,18,13,292.0,731,5,2,2,1.0,0,0,0.0,4,3,1,0.333,0,0.0,0
154,202066,Garrett Temple,1610612764,WAS,74,40,34,638.0,1388,12,5,6,0.833,0,0,0.0,10,6,0,0.0,0,0.0,0
155,202390,Gary Neal,1610612766,CHA,51,19,32,1088.0,1774,33,4,14,0.286,3,3,1.0,11,11,2,0.182,5,0.152,2
156,201588,George Hill,1610612754,IND,76,50,26,2434.0,5293,39,7,10,0.7,2,2,1.0,17,26,2,0.077,0,0.0,0
157,101123,Gerald Green,1610612756,PHX,82,48,34,2330.0,3094,76,16,29,0.552,8,8,1.0,41,34,3,0.088,7,0.092,4
158,201945,Gerald Henderson,1610612766,CHA,76,39,37,2434.0,4091,132,28,56,0.5,8,10,0.8,67,56,11,0.196,7,0.053,5
159,2222,Gerald Wallace,1610612738,BOS,58,19,39,1416.0,2163,25,3,6,0.5,2,4,0.5,8,14,3,0.214,2,0.08,2
160,203507,Giannis Antetokounmpo,1610612749,MIL,76,14,62,1880.0,3261,74,10,19,0.526,4,12,0.333,24,43,9,0.209,3,0.041,5
161,203540,Gigi Datome,1610612765,DET,34,9,25,238.0,339,6,0,3,0.0,0,0,0.0,0,3,0,0.0,0,0.0,0
162,201175,Glen Davis,1610612746,LAC,68,30,38,1662.0,2534,177,30,76,0.395,10,12,0.833,73,89,9,0.101,4,0.023,6
163,203318,Glen Rice,1610612764,WAS,11,2,9,109.0,193,6,1,4,0.25,0,0,0.0,2,1,0,0.0,1,0.167,0
164,201609,Goran Dragic,1610612756,PHX,76,45,31,2668.0,5945,100,20,31,0.645,3,4,0.75,47,58,9,0.155,5,0.05,2
165,202330,Gordon Hayward,1610612762,UTA,77,23,54,2800.0,5481,145,19,37,0.514,10,12,0.833,49,84,11,0.131,7,0.048,5
166,203476,Gorgui Dieng,1610612750,MIN,60,32,28,818.0,1123,171,23,43,0.535,10,12,0.833,57,109,14,0.128,11,0.064,6
167,202328,Greg Monroe,1610612765,DET,82,29,53,2690.0,4225,446,64,116,0.552,32,50,0.64,163,270,44,0.163,24,0.054,25
168,201141,Greg Oden,1610612748,MIA,23,16,7,212.0,208,7,1,3,0.333,0,0,0.0,2,4,1,0.25,0,0.0,0
169,202962,Greg Smith,1610612745,HOU,11,7,4,100.0,114,9,5,5,1.0,2,2,1.0,12,2,0,0.0,1,0.111,1
170,201880,Greg Stiemsma,1610612740,NOP,55,21,34,1007.0,1558,155,7,20,0.35,2,4,0.5,17,121,14,0.116,9,0.058,2
171,202349,Greivis Vasquez,1610612761,TOR,78,46,32,1765.0,4415,48,9,16,0.563,1,2,0.5,20,28,4,0.143,3,0.063,1
172,202970,Gustavo Ayon,1610612737,ATL,25,12,13,421.0,832,68,9,23,0.391,1,4,0.25,17,38,3,0.079,3,0.044,2
173,202380,Hamady Ndiaye,1610612758,SAC,14,5,9,74.0,71,5,0,0,0.0,0,0,0.0,0,3,0,0.0,2,0.4,0
174,203084,Harrison Barnes,1610612744,GSW,77,47,30,2165.0,2407,61,20,35,0.571,3,4,0.75,42,16,4,0.25,5,0.082,2
175,201934,Hasheem Thabeet,1610612760,OKC,23,18,5,192.0,155,9,2,3,0.667,0,0,0.0,4,4,0,0.0,2,0.222,0
176,2045,Hedo Turkoglu,1610612746,LAC,38,27,11,392.0,764,18,4,7,0.571,2,2,1.0,10,10,2,0.2,0,0.0,1
177,203156,Henry Sims,1610612755,PHI,46,11,35,875.0,1316,143,9,29,0.31,5,8,0.625,23,103,12,0.117,7,0.049,4
178,200756,Hilton Armstrong,1610612744,GSW,15,12,3,97.0,118,12,1,3,0.333,2,2,1.0,4,8,0,0.0,0,0.0,1
179,203138,Hollis Thompson,1610612755,PHI,77,18,59,1742.0,1809,31,9,16,0.563,9,10,0.9,27,6,0,0.0,4,0.129,5
180,203546,Ian Clark,1610612762,UTA,23,3,20,172.0,268,5,1,3,0.333,0,0,0.0,2,1,0,0.0,0,0.0,0
181,101133,Ian Mahinmi,1610612754,IND,77,51,26,1248.0,1257,82,4,10,0.4,12,20,0.6,20,58,6,0.103,1,0.012,9
182,202697,Iman Shumpert,1610612752,NYK,74,36,38,1962.0,2452,34,6,12,0.5,0,1,0.0,14,20,3,0.15,0,0.0,1
183,203477,Isaiah Canaan,1610612745,HOU,22,14,8,252.0,530,4,0,1,0.0,0,0,0.0,0,2,0,0.0,1,0.25,0
184,202738,Isaiah Thomas,1610612758,SAC,71,26,45,2463.0,6002,84,24,43,0.558,2,2,1.0,53,37,5,0.135,2,0.024,1
185,202397,Ish Smith,1610612756,PHX,70,39,31,1007.0,2249,15,1,3,0.333,0,0,0.0,2,11,1,0.091,1,0.067,0
186,200826,J.J. Barea,1610612750,MIN,79,40,39,1471.0,3731,29,3,4,0.75,2,2,1.0,8,21,2,0.095,2,0.069,1
187,201581,JJ Hickson,1610612743,DEN,69,31,38,1859.0,3077,333,72,126,0.571,19,42,0.452,167,161,19,0.118,20,0.06,21
188,200755,JJ Redick,1610612746,LAC,35,24,11,987.0,1379,44,9,21,0.429,14,14,1.0,32,13,0,0.0,2,0.045,6
189,2747,JR Smith,1610612752,NYK,74,34,40,2421.0,4032,63,5,13,0.385,1,2,0.5,11,41,10,0.244,3,0.048,1
190,201580,JaVale McGee,1610612743,DEN,5,1,4,79.0,115,7,2,4,0.5,0,0,0.0,4,2,0,0.0,1,0.143,0
191,203109,Jae Crowder,1610612742,DAL,78,47,31,1254.0,1812,31,8,12,0.667,5,6,0.833,21,15,2,0.133,1,0.032,3
192,203479,Jamaal Franklin,1610612763,MEM,21,11,10,162.0,177,2,1,1,1.0,2,2,1.0,4,0,0,0.0,0,0.0,1
193,2224,Jamaal Tinsley,1610612762,UTA,8,0,8,110.0,313,2,0,0,0.0,0,0,0.0,0,2,0,0.0,0,0.0,0
194,2037,Jamal Crawford,1610612746,LAC,69,47,22,2094.0,3495,91,12,31,0.387,5,6,0.833,31,50,4,0.08,7,0.077,2
195,2749,Jameer Nelson,1610612753,ORL,68,21,47,2179.0,4874,77,10,22,0.455,4,4,1.0,25,50,10,0.2,1,0.013,2
196,202341,James Anderson,1610612755,PHI,80,19,61,2309.0,2535,61,12,28,0.429,5,8,0.625,29,26,2,0.077,2,0.033,4
197,201935,James Harden,1610612745,HOU,73,48,25,2777.0,5264,92,16,32,0.5,5,6,0.833,39,48,4,0.083,7,0.076,3
198,201949,James Johnson,1610612763,MEM,52,33,19,956.0,1449,49,12,19,0.632,4,4,1.0,29,23,8,0.348,4,0.082,2
199,2592,James Jones,1610612748,MIA,20,15,5,236.0,298,5,0,2,0.0,0,0,0.0,0,3,0,0.0,0,0.0,0
200,203263,James Nunnally,1610612755,PHI,12,3,9,157.0,172,2,0,1,0.0,1,2,0.5,1,0,0,0.0,0,0.0,1
201,203480,James Southerland,1610612740,NOP,4,2,2,30.0,45,1,1,1,1.0,0,0,0.0,2,0,0,0.0,0,0.0,0
202,202686,Jan Vesely,1610612743,DEN,54,22,32,776.0,1160,88,11,22,0.5,4,6,0.667,26,58,7,0.121,5,0.057,3
203,2457,Jannero Pargo,1610612766,CHA,29,15,14,242.0,642,3,0,0,0.0,0,0,0.0,0,3,2,0.667,0,0.0,0
204,203099,Jared Cunningham,1610612758,SAC,13,5,8,80.0,111,0,0,0,0.0,0,0,0.0,0,0,0,0.0,0,0.0,0
205,201162,Jared Dudley,1610612746,LAC,74,51,23,1729.0,2094,47,7,12,0.583,6,6,1.0,20,27,1,0.037,5,0.106,2
206,203096,Jared Sullinger,1610612738,BOS,74,23,51,2041.0,3531,176,28,53,0.528,5,6,0.833,62,111,15,0.135,6,0.034,3
207,101127,Jarrett Jack,1610612739,CLE,80,32,48,2252.0,4567,48,6,12,0.5,0,0,0.0,12,34,3,0.088,2,0.042,0
208,202363,Jarvis Varnado,1610612755,PHI,24,5,19,339.0,475,38,7,9,0.778,6,8,0.75,21,24,2,0.083,0,0.0,3
209,2215,Jason Collins,1610612751,BKN,22,16,6,172.0,182,36,0,1,0.0,0,0,0.0,0,31,3,0.097,3,0.083,0
210,101131,Jason Maxiell,1610612753,ORL,34,7,27,488.0,564,37,4,13,0.308,4,8,0.5,12,19,1,0.053,0,0.0,4
211,201160,Jason Smith,1610612740,NOP,31,11,20,830.0,1493,100,12,32,0.375,5,6,0.833,29,59,6,0.102,3,0.03,3
212,1891,Jason Terry,1610612751,BKN,34,16,18,544.0,772,5,0,1,0.0,0,0,0.0,0,3,0,0.0,0,0.0,0
213,201574,Jason Thompson,1610612758,SAC,81,28,53,1979.0,2898,215,27,68,0.397,11,18,0.611,66,121,20,0.165,9,0.042,8
214,202399,Jeff Adrien,1610612749,MIL,53,17,36,962.0,1413,122,21,38,0.553,2,8,0.25,44,75,4,0.053,4,0.033,4
215,201965,Jeff Ayres,1610612759,SAS,73,55,18,952.0,1515,130,16,23,0.696,5,9,0.556,38,93,16,0.172,8,0.062,5
216,201145,Jeff Green,1610612738,BOS,82,25,57,2805.0,4156,74,13,28,0.464,10,14,0.714,39,32,3,0.094,6,0.081,7
217,201952,Jeff Teague,1610612737,ATL,78,37,41,2515.0,6115,69,10,27,0.37,2,3,0.667,25,35,6,0.171,2,0.029,2
218,203481,Jeff Withey,1610612740,NOP,58,21,37,684.0,973,107,9,20,0.45,13,18,0.722,32,71,9,0.127,4,0.037,8
219,203106,Jeffery Taylor,1610612766,CHA,26,12,14,629.0,785,22,9,14,0.643,1,2,0.5,19,5,0,0.0,1,0.045,1
220,202379,Jeremy Evans,1610612762,UTA,66,23,43,1209.0,1967,202,21,44,0.477,9,14,0.643,51,139,22,0.158,8,0.04,7
221,203087,Jeremy Lamb,1610612760,OKC,78,57,21,1538.0,1986,50,16,34,0.471,0,0,0.0,34,14,3,0.214,1,0.02,0
222,202391,Jeremy Lin,1610612745,HOU,71,48,23,2054.0,4126,41,9,12,0.75,3,6,0.5,21,22,6,0.273,4,0.098,3
223,202719,Jeremy Tyler,1610612752,NYK,41,20,21,398.0,433,40,7,11,0.636,2,6,0.333,16,20,3,0.15,6,0.15,3
224,979,Jermaine O'Neal,1610612744,GSW,43,26,17,862.0,1003,60,17,30,0.567,10,13,0.769,48,20,3,0.15,2,0.033,6
225,201573,Jerryd Bayless,1610612738,BOS,72,24,48,1686.0,3185,49,14,27,0.519,1,2,0.5,31,15,2,0.133,3,0.061,1
226,202690,Jimmer Fredette,1610612741,CHI,49,20,29,519.0,1088,19,2,6,0.333,0,0,0.0,4,11,2,0.182,1,0.053,0
227,202710,Jimmy Butler,1610612741,CHI,67,43,24,2591.0,3396,74,15,32,0.469,13,16,0.813,45,30,5,0.167,3,0.041,8
228,201149,Joakim Noah,1610612741,CHI,80,48,32,2820.0,6615,628,70,147,0.476,33,48,0.688,178,406,87,0.214,39,0.062,25
229,201975,Jodie Meeks,1610612747,LAL,77,25,52,2556.0,3338,64,20,38,0.526,9,10,0.9,52,14,4,0.286,7,0.109,5
230,2207,Joe Johnson,1610612751,BKN,78,42,36,2544.0,3594,82,12,27,0.444,4,6,0.667,28,49,10,0.204,2,0.024,3
231,201202,Joel Anthony,1610612738,BOS,33,16,17,186.0,180,15,3,6,0.5,2,2,1.0,8,8,1,0.125,0,0.0,1
232,200777,Joel Freeland,1610612757,POR,52,37,15,727.0,856,93,11,21,0.524,3,4,0.75,26,61,6,0.098,6,0.065,2
233,203089,John Henson,1610612749,MIL,69,12,57,1832.0,3020,285,41,86,0.477,7,12,0.583,89,179,23,0.128,12,0.042,5
234,203098,John Jenkins,1610612737,ATL,13,6,7,158.0,218,4,2,2,1.0,0,2,0.0,4,1,0,0.0,0,0.0,1
235,101249,John Lucas III,1610612762,UTA,42,10,32,591.0,1257,9,2,2,1.0,0,0,0.0,4,7,1,0.143,0,0.0,0
236,2422,John Salmons,1610612761,TOR,77,46,31,1699.0,2097,40,6,15,0.4,0,0,0.0,13,23,5,0.217,1,0.025,0
237,202322,John Wall,1610612764,WAS,81,44,37,2945.0,7842,42,10,17,0.588,2,4,0.5,22,20,1,0.05,3,0.071,1
238,202720,Jon Leuer,1610612763,MEM,49,24,25,642.0,1139,75,13,22,0.591,4,4,1.0,31,45,2,0.044,5,0.067,2
239,201973,Jonas Jerebko,1610612765,DET,64,23,41,741.0,1137,35,9,13,0.692,2,4,0.5,21,19,2,0.105,1,0.029,2
240,202685,Jonas Valanciunas,1610612761,TOR,80,46,34,2266.0,3574,188,37,76,0.487,17,26,0.654,94,85,12,0.141,12,0.064,12
241,202348,Jordan Crawford,1610612744,GSW,81,39,42,1860.0,3926,51,14,22,0.636,3,4,0.75,33,22,1,0.045,4,0.078,3
242,200770,Jordan Farmar,1610612747,LAL,41,16,25,912.0,2375,22,4,6,0.667,0,0,0.0,9,14,5,0.357,1,0.045,0
243,202706,Jordan Hamilton,1610612745,HOU,60,31,29,1020.0,1388,20,5,10,0.5,2,2,1.0,12,9,2,0.222,0,0.0,1
244,201941,Jordan Hill,1610612747,LAL,72,24,48,1500.0,2498,193,42,86,0.488,14,16,0.875,99,83,9,0.108,9,0.047,8
245,203268,Jorge Gutierrez,1610612751,BKN,15,8,7,244.0,458,20,4,6,0.667,2,2,1.0,10,11,2,0.182,2,0.1,1
246,101181,Jose Calderon,1610612742,DAL,81,49,32,2468.0,6127,35,13,15,0.867,3,4,0.75,30,16,5,0.313,1,0.029,1
247,2735,Josh Childress,1610612740,NOP,4,2,2,24.0,24,0,0,0,0.0,0,0,0.0,0,0,0,0.0,0,0.0,0
248,202725,Josh Harrellson,1610612765,DET,32,12,20,317.0,401,27,4,5,0.8,1,3,0.333,11,17,2,0.118,1,0.037,1
249,201177,Josh McRoberts,1610612766,CHA,77,38,39,2329.0,5918,309,22,40,0.55,4,4,1.0,48,256,38,0.148,8,0.026,2
250,2694,Josh Powell,1610612745,HOU,1,0,1,19.0,20,1,0,0,0.0,0,0,0.0,0,1,0,0.0,0,0.0,0
251,2746,Josh Smith,1610612765,DET,77,28,49,2730.0,4324,181,41,81,0.506,10,21,0.476,95,77,10,0.13,10,0.055,11
252,201950,Jrue Holiday,1610612740,NOP,34,15,19,1143.0,2779,44,7,18,0.389,4,4,1.0,18,22,2,0.091,1,0.023,1
253,202933,Julyan Stone,1610612761,TOR,21,9,12,120.0,235,1,0,1,0.0,0,0,0.0,0,0,0,0.0,0,0.0,0
254,203120,Justin Hamilton,1610612748,MIA,8,4,4,72.0,94,7,0,1,0.0,0,0,0.0,0,6,0,0.0,0,0.0,0
255,202695,Kawhi Leonard,1610612759,SAS,66,54,12,1923.0,2710,54,15,22,0.682,4,4,1.0,35,27,7,0.259,3,0.056,2
256,2586,Keith Bogans,1610612738,BOS,6,1,5,55.0,62,0,0,0,0.0,0,0,0.0,0,0,0,0.0,0,0.0,0
257,203482,Kelly Olynyk,1610612738,BOS,70,18,52,1400.0,2588,164,24,49,0.49,12,14,0.857,60,98,18,0.184,9,0.055,7
258,202689,Kemba Walker,1610612766,CHA,72,37,35,2577.0,7111,74,12,28,0.429,4,4,1.0,28,41,7,0.171,1,0.014,2
259,203088,Kendall Marshall,1610612747,LAL,54,14,40,1564.0,4061,12,2,4,0.5,0,0,0.0,4,7,1,0.143,0,0.0,0
260,2570,Kendrick Perkins,1610612760,OKC,62,48,14,1207.0,1780,122,18,34,0.529,3,8,0.375,39,73,9,0.123,10,0.082,4
261,202702,Kenneth Faried,1610612743,DEN,80,36,44,2178.0,3307,335,61,125,0.488,27,44,0.614,154,165,17,0.103,20,0.06,20
262,203145,Kent Bazemore,1610612747,LAL,67,35,32,911.0,1516,15,7,8,0.875,0,2,0.0,14,4,1,0.25,2,0.133,1
263,203484,Kentavious Caldwell-Pope,1610612765,DET,80,28,52,1583.0,1811,43,16,22,0.727,6,7,0.857,41,14,2,0.143,0,0.0,4
264,2030,Kenyon Martin,1610612752,NYK,32,13,19,633.0,832,90,6,22,0.273,4,8,0.5,16,59,8,0.136,1,0.011,4
265,201142,Kevin Durant,1610612760,OKC,81,58,23,3122.0,5572,245,56,125,0.448,21,27,0.778,136,86,19,0.221,13,0.053,11
266,708,Kevin Garnett,1610612751,BKN,53,26,27,1090.0,2259,170,15,34,0.441,12,12,1.0,43,120,14,0.117,7,0.041,6
267,201567,Kevin Love,1610612750,MIN,77,39,38,2797.0,6660,615,64,122,0.525,43,51,0.843,184,420,54,0.129,29,0.047,21
268,2755,Kevin Martin,1610612750,MIN,68,32,36,2177.0,3183,99,26,51,0.51,14,14,1.0,68,37,3,0.081,3,0.03,7
269,202338,Kevin Seraphin,1610612764,WAS,53,25,28,578.0,877,89,9,26,0.346,0,0,0.0,18,54,5,0.093,6,0.067,0
270,203114,Khris Middleton,1610612749,MIL,81,15,66,2441.0,3708,155,25,56,0.446,6,10,0.6,57,72,14,0.194,16,0.103,4
271,2550,Kirk Hinrich,1610612741,CHI,73,45,28,2116.0,4927,21,5,9,0.556,0,0,0.0,10,11,4,0.364,1,0.048,0
272,202691,Klay Thompson,1610612744,GSW,80,50,30,2827.0,3047,133,35,66,0.53,8,10,0.8,80,50,13,0.26,7,0.053,5
273,977,Kobe Bryant,1610612747,LAL,6,2,4,177.0,439,16,2,4,0.5,4,4,1.0,8,6,1,0.167,3,0.188,2
274,201585,Kosta Koufos,1610612763,MEM,80,48,32,1349.0,2235,232,33,75,0.44,10,20,0.5,76,135,13,0.096,8,0.034,9
275,2743,Kris Humphries,1610612738,BOS,69,22,47,1376.0,2617,195,45,77,0.584,12,14,0.857,104,96,12,0.125,10,0.051,7
276,2594,Kyle Korver,1610612737,ATL,70,37,33,2380.0,3154,50,8,14,0.571,0,0,0.0,16,35,8,0.229,0,0.0,0
277,200768,Kyle Lowry,1610612761,TOR,78,44,34,2828.0,6995,47,10,18,0.556,3,5,0.6,23,22,3,0.136,2,0.043,2
278,203124,Kyle O'Quinn,1610612753,ORL,69,20,49,1188.0,2150,185,31,65,0.477,8,8,1.0,70,103,15,0.146,11,0.059,4
279,202713,Kyle Singler,1610612765,DET,82,29,53,2337.0,2864,78,17,31,0.548,14,18,0.778,49,31,3,0.097,5,0.064,9
280,202681,Kyrie Irving,1610612739,CLE,71,28,43,2496.0,5750,84,18,33,0.545,5,6,0.833,41,39,11,0.282,9,0.107,3
281,200746,LaMarcus Aldridge,1610612757,POR,69,46,23,2499.0,4761,392,55,109,0.505,33,40,0.825,147,242,46,0.19,12,0.031,19
282,202362,Lance Stephenson,1610612754,IND,78,53,25,2752.0,4279,50,9,18,0.5,2,2,1.0,20,26,9,0.346,3,0.06,1
283,202498,Lance Thomas,1610612740,NOP,5,3,2,42.0,39,6,0,2,0.0,1,2,0.5,1,3,1,0.333,0,0.0,1
284,202361,Landry Fields,1610612761,TOR,29,13,16,294.0,418,10,3,5,0.6,1,2,0.5,8,4,0,0.0,0,0.0,1
285,202336,Larry Sanders,1610612749,MIL,22,3,19,563.0,880,61,5,13,0.385,1,4,0.25,13,41,3,0.073,4,0.066,2
286,202730,Lavoy Allen,1610612754,IND,65,18,47,1071.0,2050,150,15,36,0.417,0,0,0.0,30,111,11,0.099,2,0.013,0
287,2544,LeBron James,1610612748,MIA,77,52,25,2902.0,5929,255,50,79,0.633,7,10,0.7,111,154,23,0.149,13,0.051,3
288,2571,Leandro Barbosa,1610612756,PHX,20,12,8,368.0,526,9,2,5,0.4,0,0,0.0,4,4,1,0.25,0,0.0,0
289,203485,Lorenzo Brown,1610612755,PHI,26,2,24,224.0,510,7,0,1,0.0,2,2,1.0,2,5,0,0.0,0,0.0,1
290,200811,Lou Amundson,1610612741,CHI,19,11,8,185.0,293,23,1,6,0.167,0,2,0.0,2,13,1,0.077,1,0.043,0
291,101150,Lou Williams,1610612737,ATL,59,26,33,1420.0,2561,27,8,11,0.727,0,0,0.0,16,13,1,0.077,1,0.037,0
292,201601,Luc Mbah a Moute,1610612750,MIN,64,31,33,1003.0,1084,55,5,11,0.455,0,2,0.0,10,40,4,0.1,2,0.036,1
293,2449,Luis Scola,1610612754,IND,82,56,26,1399.0,2900,187,29,68,0.426,22,30,0.733,81,88,8,0.091,12,0.064,12
294,202337,Luke Babbitt,1610612740,NOP,27,9,18,473.0,724,30,2,6,0.333,0,0,0.0,4,22,4,0.182,0,0.0,0
295,2557,Luke Ridnour,1610612766,CHA,60,21,39,1129.0,2482,39,3,9,0.333,0,0,0.0,6,29,2,0.069,1,0.026,0
296,2736,Luol Deng,1610612739,CLE,63,29,34,2213.0,3294,80,16,29,0.552,12,16,0.75,44,29,6,0.207,8,0.1,6
297,203146,Maalik Wayns,1610612746,LAC,2,2,0,9.0,23,0,0,0,0.0,0,0,0.0,0,0,0,0.0,0,0.0,0
298,202952,Malcolm Thomas,1610612762,UTA,8,2,6,63.0,124,7,1,1,1.0,0,0,0.0,2,6,1,0.167,0,0.0,0
299,202412,Manny Harris,1610612747,LAL,9,2,7,180.0,230,2,0,0,0.0,0,0,0.0,0,1,0,0.0,0,0.0,0
300,1938,Manu Ginobili,1610612759,SAS,68,52,16,1550.0,2942,65,19,31,0.613,4,6,0.667,44,25,4,0.16,3,0.046,3
301,202705,MarShon Brooks,1610612747,LAL,35,13,22,317.0,480,5,1,2,0.5,0,0,0.0,2,3,0,0.0,0,0.0,0
302,201188,Marc Gasol,1610612763,MEM,59,40,19,1970.0,3908,894,90,184,0.489,36,48,0.75,221,630,82,0.13,30,0.034,23
303,101162,Marcin Gortat,1610612764,WAS,80,44,36,2620.0,4519,551,94,171,0.55,40,62,0.645,231,312,31,0.099,26,0.047,33
304,201158,Marco Belinelli,1610612759,SAS,80,61,19,2016.0,3099,74,16,31,0.516,5,6,0.833,38,35,5,0.143,4,0.054,2
305,202694,Marcus Morris,1610612756,PHX,82,48,34,1800.0,2648,119,18,36,0.5,4,6,0.667,42,66,17,0.258,10,0.084,2
306,201977,Marcus Thornton,1610612751,BKN,71,33,38,1711.0,1968,75,17,33,0.515,6,8,0.75,42,31,5,0.161,6,0.08,3
307,201596,Mario Chalmers,1610612748,MIA,73,49,24,2178.0,4828,37,7,13,0.538,0,0,0.0,14,22,2,0.091,2,0.054,0
308,202693,Markieff Morris,1610612756,PHX,81,47,34,2153.0,3283,247,55,87,0.632,18,24,0.75,134,129,20,0.155,9,0.036,10
309,203104,Marquis Teague,1610612751,BKN,40,20,20,442.0,958,8,3,4,0.75,0,0,0.0,6,4,0,0.0,0,0.0,0
310,201578,Marreese Speights,1610612744,GSW,78,47,31,971.0,1338,88,20,42,0.476,4,8,0.5,46,31,2,0.065,11,0.125,4
311,101110,Martell Webster,1610612764,WAS,77,42,35,2127.0,2664,36,7,12,0.583,3,4,0.75,19,18,2,0.111,3,0.083,2
312,101107,Marvin Williams,1610612762,UTA,66,24,42,1674.0,2477,103,13,20,0.65,2,2,1.0,29,76,8,0.105,5,0.049,1
313,203486,Mason Plumlee,1610612751,BKN,69,36,33,1272.0,1716,250,28,40,0.7,8,17,0.471,68,180,15,0.083,15,0.06,8
314,2440,Matt Barnes,1610612746,LAC,63,45,18,1735.0,2514,60,23,32,0.719,5,10,0.5,51,19,3,0.158,2,0.033,3
315,2588,Matt Bonner,1610612759,SAS,61,43,18,690.0,1110,19,1,2,0.5,0,0,0.0,2,16,4,0.25,0,0.0,0
316,203521,Matthew Dellavedova,1610612739,CLE,72,29,43,1271.0,2216,17,1,3,0.333,1,2,0.5,4,12,1,0.083,1,0.059,1
317,203090,Maurice Harkless,1610612753,ORL,80,22,58,1950.0,2066,42,15,24,0.625,3,6,0.5,36,10,1,0.1,4,0.095,3
318,2408,Melvin Ely,1610612740,NOP,2,2,0,27.0,29,5,1,1,1.0,0,0,0.0,2,3,0,0.0,0,0.0,0
319,1897,Metta World Peace,1610612752,NYK,29,10,19,388.0,514,22,2,9,0.222,1,2,0.5,5,11,2,0.182,0,0.0,1
320,203086,Meyers Leonard,1610612757,POR,40,20,20,355.0,527,51,5,14,0.357,3,4,0.75,13,28,5,0.179,7,0.137,2
321,201563,Michael Beasley,1610612748,MIA,55,36,19,831.0,1384,118,25,41,0.61,9,14,0.643,62,66,6,0.091,4,0.034,6
322,203487,Michael Carter-Williams,1610612755,PHI,70,18,52,2414.0,5930,91,20,32,0.625,9,10,0.9,51,44,8,0.182,4,0.044,5
323,203077,Michael Kidd-Gilchrist,1610612766,CHA,61,34,27,1472.0,1518,56,10,22,0.455,11,20,0.55,33,24,0,0.0,0,0.0,10
324,201144,Mike Conley,1610612763,MEM,73,46,27,2446.0,6334,87,15,28,0.536,1,2,0.5,32,54,5,0.093,3,0.034,0
325,2399,Mike Dunleavy,1610612741,CHI,82,48,34,2584.0,3569,74,22,34,0.647,14,16,0.875,58,28,8,0.286,3,0.041,6
326,200839,Mike Harris,1610612762,UTA,20,1,19,225.0,350,17,2,6,0.333,5,6,0.833,9,8,2,0.25,0,0.0,3
327,2229,Mike James,1610612741,CHI,11,3,8,77.0,176,1,0,1,0.0,0,0,0.0,0,0,0,0.0,0,0.0,0
328,2034,Mike Miller,1610612763,MEM,82,50,32,1707.0,2510,99,17,25,0.68,5,6,0.833,40,62,15,0.242,6,0.061,3
329,203488,Mike Muscala,1610612737,ATL,20,10,10,215.0,416,28,5,10,0.5,0,0,0.0,10,15,1,0.067,1,0.036,0
330,203118,Mike Scott,1610612737,ATL,79,36,43,1454.0,2415,183,43,69,0.623,21,22,0.955,109,88,13,0.148,10,0.055,10
331,203101,Miles Plumlee,1610612756,PHX,80,47,33,1964.0,3061,228,34,56,0.607,11,20,0.55,80,147,8,0.054,11,0.048,9
332,203545,Miroslav Raduljica,1610612749,MIL,48,7,41,465.0,662,92,16,25,0.64,5,6,0.833,39,53,4,0.075,7,0.076,3
333,203141,Mirza Teletovic,1610612751,BKN,71,40,31,1373.0,2239,32,6,10,0.6,1,2,0.5,14,19,2,0.105,1,0.031,1
334,2590,Mo Williams,1610612757,POR,74,49,25,1833.0,4046,34,8,13,0.615,0,0,0.0,16,18,4,0.222,3,0.088,0
335,101145,Monta Ellis,1610612742,DAL,82,49,33,3023.0,5830,90,17,37,0.459,3,8,0.375,37,37,12,0.324,11,0.122,5
336,201203,Mustafa Shakur,1610612760,OKC,3,2,1,11.0,25,1,0,1,0.0,0,0,0.0,0,0,0,0.0,0,0.0,0
337,201986,Nando De Colo,1610612761,TOR,47,36,11,494.0,923,20,3,6,0.5,1,2,0.5,7,12,4,0.333,1,0.05,0
338,101126,Nate Robinson,1610612743,DEN,44,22,22,866.0,1622,22,4,8,0.5,0,0,0.0,8,11,1,0.091,1,0.045,0
339,203489,Nate Wolters,1610612749,MIL,57,10,47,1273.0,2743,30,2,6,0.333,2,2,1.0,6,22,4,0.182,1,0.033,1
340,1737,Nazr Mohammed,1610612741,CHI,80,47,33,562.0,693,99,10,25,0.4,0,0,0.0,20,67,7,0.104,7,0.071,0
341,203517,Nemanja Nedovic,1610612744,GSW,23,16,7,134.0,243,3,0,0,0.0,0,0,0.0,0,2,0,0.0,1,0.333,0
342,2403,Nene,1610612764,WAS,53,30,23,1560.0,2629,370,69,118,0.585,26,53,0.491,171,197,28,0.142,19,0.051,23
343,201979,Nick Calathes,1610612763,MEM,71,42,29,1173.0,2940,30,8,11,0.727,4,4,1.0,22,16,2,0.125,1,0.033,2
344,2555,Nick Collison,1610612760,OKC,81,58,23,1353.0,2552,189,23,34,0.676,6,8,0.75,54,134,26,0.194,11,0.058,4
345,201156,Nick Young,1610612747,LAL,64,21,43,1810.0,2594,82,21,40,0.525,11,14,0.786,55,30,1,0.033,3,0.037,7
346,201587,Nicolas Batum,1610612757,POR,82,54,28,2956.0,5663,99,7,22,0.318,5,9,0.556,22,70,19,0.271,0,0.0,4
347,201593,Nikola Pekovic,1610612750,MIN,54,27,27,1663.0,2137,370,55,102,0.539,42,50,0.84,157,228,21,0.092,13,0.035,23
348,202696,Nikola Vucevic,1610612753,ORL,57,19,38,1812.0,3571,209,42,81,0.519,13,16,0.813,99,108,11,0.102,9,0.043,8
349,202708,Norris Cole,1610612748,MIA,82,54,28,2014.0,4072,16,1,5,0.2,0,0,0.0,2,11,1,0.091,0,0.0,0
350,201564,O.J. Mayo,1610612749,MIL,51,10,41,1314.0,2049,80,10,27,0.37,4,4,1.0,24,43,8,0.186,7,0.088,2
351,203136,Ognjen Kuzmic,1610612744,GSW,21,16,5,92.0,93,7,1,3,0.333,2,4,0.5,4,1,0,0.0,1,0.143,2
352,201600,Omer Asik,1610612745,HOU,48,32,16,968.0,1445,92,12,27,0.444,16,22,0.727,41,46,4,0.087,7,0.076,11
353,201956,Omri Casspi,1610612745,HOU,71,46,25,1283.0,2300,55,12,22,0.545,5,6,0.833,29,26,7,0.269,3,0.055,4
354,203111,Orlando Johnson,1610612758,SAC,45,34,11,392.0,516,4,0,1,0.0,2,2,1.0,2,2,0,0.0,0,0.0,1
355,201785,Othyus Jeffers,1610612750,MIN,6,2,4,47.0,48,0,0,0,0.0,0,0,0.0,0,0,0,0.0,0,0.0,0
356,203490,Otto Porter Jr.,1610612764,WAS,37,20,17,319.0,413,12,2,8,0.25,2,3,0.667,9,2,0,0.0,0,0.0,2
357,200782,PJ Tucker,1610612756,PHX,81,48,33,2490.0,3142,68,12,23,0.522,2,2,1.0,27,43,4,0.093,0,0.0,1
358,203143,Pablo Prigioni,1610612752,NYK,66,29,37,1283.0,3011,20,0,2,0.0,2,2,1.0,2,15,4,0.267,1,0.05,1
359,201976,Patrick Beverley,1610612745,HOU,56,39,17,1751.0,3345,19,2,2,1.0,5,5,1.0,9,13,2,0.154,1,0.053,2
360,202335,Patrick Patterson,1610612761,TOR,64,37,27,1506.0,2518,113,20,36,0.556,12,14,0.857,52,66,8,0.121,4,0.035,4
361,201988,Patty Mills,1610612759,SAS,81,62,19,1527.0,3527,53,10,17,0.588,5,6,0.833,28,32,4,0.125,0,0.0,3
362,2200,Pau Gasol,1610612747,LAL,60,21,39,1884.0,4190,549,104,199,0.523,27,40,0.675,242,296,44,0.149,21,0.038,17
363,202331,Paul George,1610612754,IND,80,54,26,2898.0,5462,194,42,90,0.467,24,27,0.889,116,80,17,0.213,9,0.046,12
364,200794,Paul Millsap,1610612737,ATL,73,36,37,2453.0,4782,381,67,135,0.496,18,26,0.692,154,193,23,0.119,30,0.079,13
365,1718,Paul Pierce,1610612751,BKN,74,41,33,2071.0,3470,80,12,22,0.545,6,8,0.75,31,50,8,0.16,3,0.038,3
366,203544,Pero Antic,1610612737,ATL,49,23,26,902.0,1570,35,4,7,0.571,0,2,0.0,8,25,3,0.12,1,0.029,0
367,203103,Perry Jones III,1610612760,OKC,62,45,17,765.0,843,42,4,11,0.364,4,4,1.0,12,25,1,0.04,3,0.071,2
368,203491,Peyton Siva,1610612765,DET,24,9,15,224.0,475,1,0,0,0.0,0,0,0.0,0,1,1,1.0,0,0.0,0
369,203515,Phil Pressey,1610612738,BOS,75,23,52,1132.0,2634,19,3,6,0.5,2,2,1.0,8,8,2,0.25,3,0.158,1
370,203112,Quincy Acy,1610612758,SAC,63,22,41,848.0,1201,71,8,13,0.615,7,8,0.875,24,49,8,0.163,2,0.028,3
371,203113,Quincy Miller,1610612743,DEN,52,21,31,789.0,888,24,7,12,0.583,2,2,1.0,17,8,1,0.125,3,0.125,1
372,202347,Quincy Pondexter,1610612763,MEM,15,7,8,270.0,334,5,1,2,0.5,0,0,0.0,2,3,0,0.0,0,0.0,0
373,200765,Rajon Rondo,1610612738,BOS,30,6,24,998.0,2759,64,7,11,0.636,3,4,0.75,17,50,10,0.2,0,0.0,1
374,201196,Ramon Sessions,1610612749,MIL,83,30,53,2214.0,4918,111,21,40,0.525,14,16,0.875,56,52,6,0.115,7,0.063,8
375,200751,Randy Foye,1610612743,DEN,81,36,45,2485.0,3520,58,6,13,0.462,4,4,1.0,17,35,6,0.171,5,0.086,2
376,1740,Rashard Lewis,1610612748,MIA,60,41,19,971.0,1419,66,4,10,0.4,2,2,1.0,10,50,8,0.16,4,0.061,0
377,2446,Rasual Butler,1610612754,IND,50,30,20,378.0,424,5,1,2,0.5,0,0,0.0,2,3,0,0.0,0,0.0,0
378,951,Ray Allen,1610612748,MIA,73,47,26,1936.0,2376,70,13,16,0.813,7,8,0.875,34,45,6,0.133,5,0.071,3
379,203492,Ray McCallum,1610612758,SAC,45,16,29,897.0,1891,27,8,12,0.667,1,2,0.5,17,12,0,0.0,2,0.074,1
380,101109,Raymond Felton,1610612752,NYK,65,31,34,2017.0,4648,51,7,17,0.412,1,2,0.5,15,31,3,0.097,1,0.02,1
381,203493,Reggie Bullock,1610612746,LAC,43,30,13,396.0,428,12,4,6,0.667,0,0,0.0,8,5,1,0.2,1,0.083,0
382,2501,Reggie Evans,1610612758,SAC,54,18,36,899.0,1067,97,12,26,0.462,4,8,0.5,29,56,4,0.071,7,0.072,4
383,202704,Reggie Jackson,1610612760,OKC,80,57,23,2277.0,4627,46,15,21,0.714,10,10,1.0,40,17,3,0.176,3,0.065,3
384,202130,Reggie Williams,1610612760,OKC,3,3,0,17.0,29,0,0,0,0.0,0,0,0.0,0,0,0,0.0,0,0.0,0
385,2210,Richard Jefferson,1610612762,UTA,82,25,57,2213.0,3097,52,17,30,0.567,5,6,0.833,41,18,4,0.222,1,0.019,3
386,203495,Ricky Ledo,1610612742,DAL,11,5,6,33.0,52,1,0,0,0.0,0,0,0.0,0,1,0,0.0,0,0.0,0
387,201937,Ricky Rubio,1610612750,MIN,82,40,42,2638.0,7017,39,2,5,0.4,6,6,1.0,10,27,2,0.074,2,0.051,1
388,203133,Robbie Hummel,1610612750,MIN,53,26,27,655.0,928,24,3,5,0.6,3,4,0.75,9,17,1,0.059,0,0.0,2
389,203496,Robert Covington,1610612745,HOU,7,4,3,34.0,38,0,0,0,0.0,0,0,0.0,0,0,0,0.0,0,0.0,0
390,203135,Robert Sacre,1610612747,LAL,65,20,45,1089.0,1696,138,29,62,0.468,21,30,0.7,79,52,5,0.096,9,0.065,13
391,201577,Robin Lopez,1610612757,POR,82,54,28,2604.0,2770,373,85,144,0.59,35,42,0.833,213,193,16,0.083,13,0.035,20
392,201155,Rodney Stuckey,1610612765,DET,73,27,46,1950.0,2863,116,30,54,0.556,11,14,0.786,72,44,9,0.205,7,0.06,6
393,2427,Roger Mason Jr.,1610612748,MIA,25,18,7,260.0,332,1,1,1,1.0,0,0,0.0,2,0,0,0.0,0,0.0,0
394,200758,Ronnie Brewer,1610612741,CHI,24,17,7,160.0,158,2,0,0,0.0,0,0,0.0,0,2,1,0.5,0,0.0,0
395,101179,Ronnie Price,1610612753,ORL,31,9,22,377.0,710,8,0,0,0.0,0,0,0.0,0,8,3,0.375,0,0.0,0
396,101142,Ronny Turiaf,1610612750,MIN,31,16,15,606.0,710,148,17,27,0.63,1,6,0.167,36,113,14,0.124,2,0.014,3
397,201579,Roy Hibbert,1610612754,IND,81,55,26,2409.0,3133,230,26,74,0.351,10,12,0.833,63,129,10,0.078,13,0.057,6
398,2767,Royal Ivey,1610612760,OKC,2,2,0,5.0,12,0,0,0,0.0,0,0,0.0,0,0,0,0.0,0,0.0,0
399,203091,Royce White,1610612758,SAC,3,1,2,9.0,7,1,0,0,0.0,0,0,0.0,0,1,0,0.0,0,0.0,0
400,200752,Rudy Gay,1610612758,SAC,72,26,46,2495.0,4026,137,26,56,0.464,6,12,0.5,63,65,8,0.123,9,0.066,4
401,203497,Rudy Gobert,1610612762,UTA,45,7,38,434.0,526,78,6,14,0.429,4,10,0.4,17,44,2,0.045,10,0.128,5
402,201566,Russell Westbrook,1610612760,OKC,46,34,12,1412.0,3423,38,15,20,0.75,3,4,0.75,34,15,4,0.267,1,0.026,2
403,201583,Ryan Anderson,1610612740,NOP,22,12,10,795.0,1151,62,6,19,0.316,4,4,1.0,17,38,3,0.079,1,0.016,2
404,101155,Ryan Gomes,1610612760,OKC,5,3,2,34.0,50,3,0,1,0.0,0,0,0.0,0,1,0,0.0,1,0.333,0
405,200797,Ryan Hollins,1610612746,LAC,61,43,18,482.0,519,55,12,15,0.8,4,6,0.667,30,33,3,0.091,4,0.073,3
406,203527,Ryan Kelly,1610612747,LAL,59,15,44,1312.0,2175,49,10,25,0.4,4,4,1.0,25,21,1,0.048,1,0.02,2
407,2223,Samuel Dalembert,1610612742,DAL,80,48,32,1614.0,1830,212,32,63,0.508,22,28,0.786,87,117,13,0.111,16,0.075,13
408,2756,Sasha Vujacic,1610612746,LAC,2,1,1,10.0,29,0,0,0,0.0,0,0,0.0,0,0,0,0.0,0,0.0,0
409,203816,Scotty Hopson,1610612739,CLE,2,2,0,7.0,13,0,0,0,0.0,0,0,0.0,0,0,0,0.0,0,0.0,0
410,201586,Serge Ibaka,1610612760,OKC,81,59,22,2666.0,3958,290,76,129,0.589,29,38,0.763,184,113,13,0.115,20,0.069,19
411,203508,Sergey Karasev,1610612739,CLE,22,7,15,156.0,202,4,2,3,0.667,0,0,0.0,4,0,0,0.0,1,0.25,0
412,203552,Seth Curry,1610612739,CLE,2,1,1,13.0,19,0,0,0,0.0,0,0,0.0,0,0,0,0.0,0,0.0,0
413,203498,Shabazz Muhammad,1610612750,MIN,37,21,16,290.0,348,9,0,2,0.0,2,2,1.0,2,3,0,0.0,2,0.222,2
414,2203,Shane Battier,1610612748,MIA,73,49,24,1468.0,2101,53,1,5,0.2,2,2,1.0,4,44,3,0.068,0,0.0,1
415,202197,Shane Edwards,1610612739,CLE,2,0,2,12.0,18,0,0,0,0.0,0,0,0.0,0,0,0,0.0,0,0.0,0
416,203499,Shane Larkin,1610612742,DAL,48,26,22,489.0,1082,9,1,2,0.5,0,0,0.0,2,7,0,0.0,0,0.0,0
417,200769,Shannon Brown,1610612752,NYK,29,19,10,251.0,338,6,2,4,0.5,0,0,0.0,4,2,0,0.0,0,0.0,0
418,2733,Shaun Livingston,1610612751,BKN,75,41,34,1952.0,4034,68,12,19,0.632,4,4,1.0,28,36,8,0.222,8,0.118,3
419,101183,Shavlik Randolph,1610612756,PHX,14,8,6,95.0,114,11,1,2,0.5,1,2,0.5,4,8,1,0.125,0,0.0,1
420,1890,Shawn Marion,1610612742,DAL,76,44,32,2409.0,3687,189,49,78,0.628,3,4,0.75,101,99,13,0.131,8,0.042,2
421,200761,Shawne Williams,1610612747,LAL,36,14,22,751.0,1202,25,2,6,0.333,1,2,0.5,5,16,3,0.188,2,0.08,1
422,202714,Shelvin Mack,1610612737,ATL,72,33,39,1468.0,3350,27,5,8,0.625,4,4,1.0,14,16,1,0.063,0,0.0,2
423,203524,Solomon Hill,1610612754,IND,28,17,11,226.0,293,2,0,0,0.0,0,0,0.0,0,2,0,0.0,0,0.0,0
424,200780,Solomon Jones,1610612753,ORL,11,2,9,85.0,114,3,0,0,0.0,0,0,0.0,0,3,0,0.0,0,0.0,0
425,201150,Spencer Hawes,1610612739,CLE,80,26,54,2470.0,5279,281,30,66,0.455,8,10,0.8,68,186,21,0.113,14,0.05,6
426,201939,Stephen Curry,1610612744,GSW,77,49,28,2806.0,6130,62,17,26,0.654,3,4,0.75,37,30,6,0.2,3,0.048,2
427,1536,Stephen Jackson,1610612746,LAC,9,6,3,107.0,117,3,0,1,0.0,0,0,0.0,0,2,1,0.5,0,0.0,0
428,2581,Steve Blake,1610612744,GSW,55,31,24,1498.0,3221,20,1,4,0.25,0,0,0.0,2,15,6,0.4,1,0.05,0
429,959,Steve Nash,1610612747,LAL,15,4,11,313.0,790,12,0,4,0.0,0,0,0.0,0,7,1,0.143,1,0.083,0
430,200779,Steve Novak,1610612761,TOR,54,28,26,540.0,699,4,1,1,1.0,0,0,0.0,2,3,0,0.0,0,0.0,0
431,203500,Steven Adams,1610612760,OKC,81,59,22,1197.0,1507,125,15,26,0.577,7,15,0.467,39,82,6,0.073,7,0.056,8
432,201959,Taj Gibson,1610612741,CHI,82,48,34,2351.0,3555,264,43,89,0.483,19,23,0.826,110,141,13,0.092,18,0.068,9
433,2419,Tayshaun Prince,1610612763,MEM,76,46,30,1948.0,2797,86,10,21,0.476,1,2,0.5,21,62,6,0.097,1,0.012,1
434,203093,Terrence Jones,1610612745,HOU,76,51,25,2078.0,3092,133,26,47,0.553,3,10,0.3,55,74,9,0.122,5,0.038,4
435,203082,Terrence Ross,1610612761,TOR,80,46,34,2137.0,2326,29,6,12,0.5,1,2,0.5,13,12,0,0.0,2,0.069,0
436,200757,Thabo Sefolosha,1610612760,OKC,61,44,17,1584.0,1639,55,4,10,0.4,0,0,0.0,8,43,3,0.07,1,0.018,0
437,201152,Thaddeus Young,1610612755,PHI,79,18,61,2718.0,5432,313,68,125,0.544,25,30,0.833,166,146,21,0.144,23,0.073,13
438,203080,Thomas Robinson,1610612757,POR,70,47,23,873.0,1329,113,22,41,0.537,6,15,0.4,51,58,10,0.172,7,0.062,6
439,201168,Tiago Splitter,1610612759,SAS,59,46,13,1271.0,2138,196,28,48,0.583,14,28,0.5,72,119,16,0.134,9,0.046,13
440,1495,Tim Duncan,1610612759,SAS,74,56,18,2158.0,4410,544,80,151,0.53,25,34,0.735,188,327,65,0.199,35,0.064,18
441,203501,Tim Hardaway Jr.,1610612752,NYK,81,37,44,1875.0,2242,32,4,13,0.308,2,4,0.5,10,17,2,0.118,0,0.0,1
442,202389,Timofey Mozgov,1610612743,DEN,82,36,46,1770.0,2760,256,48,87,0.552,29,36,0.806,129,120,16,0.133,29,0.113,18
443,202699,Tobias Harris,1610612753,ORL,61,16,45,1850.0,2798,87,21,37,0.568,17,20,0.85,61,31,5,0.161,7,0.08,9
444,201962,Toney Douglas,1610612748,MIA,51,33,18,675.0,1265,19,6,8,0.75,0,2,0.0,12,10,1,0.1,0,0.0,1
445,2754,Tony Allen,1610612763,MEM,55,31,24,1278.0,1619,63,15,31,0.484,13,18,0.722,43,17,3,0.176,3,0.048,9
446,203183,Tony Mitchell,1610612749,MIL,3,0,3,10.0,11,2,1,1,1.0,0,0,0.0,2,1,0,0.0,0,0.0,0
447,203502,Tony Mitchell,1610612765,DET,21,6,15,79.0,91,1,0,0,0.0,0,0,0.0,0,1,1,1.0,0,0.0,0
448,2225,Tony Parker,1610612759,SAS,68,51,17,1997.0,5161,121,25,41,0.61,3,6,0.5,54,72,10,0.139,3,0.025,3
449,203503,Tony Snell,1610612741,CHI,77,46,31,1231.0,1363,18,3,7,0.429,3,4,0.75,9,8,1,0.125,1,0.056,2
450,203100,Tony Wroten,1610612755,PHI,72,18,54,1765.0,3595,44,5,15,0.333,7,12,0.583,17,19,2,0.105,2,0.045,6
451,203129,Tornike Shengelia,1610612741,CHI,25,13,12,147.0,187,2,0,0,0.0,0,0,0.0,0,2,1,0.5,0,0.0,0
452,203315,Toure' Murry,1610612752,NYK,51,26,25,372.0,745,14,2,5,0.4,0,0,0.0,4,9,2,0.222,0,0.0,0
453,2566,Travis Outlaw,1610612758,SAC,63,22,41,1065.0,1202,30,3,9,0.333,4,4,1.0,10,15,0,0.0,3,0.1,2
454,2772,Trevor Ariza,1610612764,WAS,76,41,35,2690.0,3859,79,19,29,0.655,10,12,0.833,50,38,6,0.158,3,0.038,5
455,202344,Trevor Booker,1610612764,WAS,71,36,35,1529.0,2523,202,44,70,0.629,8,10,0.8,96,117,6,0.051,6,0.03,5
456,203504,Trey Burke,1610612762,UTA,70,24,46,2262.0,5624,56,11,22,0.5,1,2,0.5,23,27,4,0.148,4,0.071,0
457,202684,Tristan Thompson,1610612739,CLE,82,33,49,2594.0,4147,327,69,125,0.552,19,24,0.792,163,173,12,0.069,8,0.024,12
458,203584,Troy Daniels,1610612745,HOU,5,3,2,75.0,102,0,0,0,0.0,0,0,0.0,0,0,0,0.0,0,0.0,0
459,201951,Ty Lawson,1610612743,DEN,62,29,33,2222.0,5048,47,7,12,0.583,4,4,1.0,19,32,5,0.156,1,0.021,2
460,201946,Tyler Hansbrough,1610612761,TOR,63,37,26,962.0,1335,106,15,28,0.536,32,38,0.842,62,55,6,0.109,3,0.028,19
461,203092,Tyler Zeller,1610612739,CLE,70,27,43,1049.0,1363,119,25,43,0.581,8,14,0.571,61,58,8,0.138,6,0.05,7
462,201936,Tyreke Evans,1610612740,NOP,72,32,40,2028.0,3854,113,10,23,0.435,17,21,0.81,38,68,12,0.176,6,0.053,10
463,203116,Tyshawn Taylor,1610612751,BKN,22,10,12,262.0,589,6,2,3,0.667,0,0,0.0,4,2,1,0.5,1,0.167,0
464,2199,Tyson Chandler,1610612752,NYK,55,24,31,1662.0,2064,277,28,58,0.483,17,22,0.773,74,184,21,0.114,15,0.054,11
465,2617,Udonis Haslem,1610612748,MIA,46,30,16,653.0,777,58,7,23,0.304,6,8,0.75,20,28,2,0.071,2,0.034,4
466,203505,Vander Blue,1610612738,BOS,3,1,2,15.0,14,0,0,0,0.0,0,0,0.0,0,0,0,0.0,0,0.0,0
467,203139,Viacheslav Kravtsov,1610612756,PHX,20,13,7,59.0,104,4,0,0,0.0,0,0,0.0,0,3,0,0.0,0,0.0,0
468,201964,Victor Claver,1610612757,POR,21,13,8,184.0,243,14,6,7,0.857,0,0,0.0,12,7,1,0.143,0,0.0,0
469,203506,Victor Oladipo,1610612753,ORL,80,23,57,2487.0,5311,95,15,27,0.556,3,4,0.75,34,54,7,0.13,9,0.095,2
470,1713,Vince Carter,1610612742,DAL,81,49,32,1973.0,3481,51,6,16,0.375,11,12,0.917,25,23,3,0.13,3,0.059,6
471,203543,Vitor Faverani,1610612738,BOS,37,13,24,488.0,914,42,9,14,0.643,1,2,0.5,19,20,2,0.1,6,0.143,1
472,201961,Wayne Ellington,1610612742,DAL,45,23,22,393.0,497,6,2,4,0.5,0,0,0.0,5,2,0,0.0,0,0.0,0
473,202325,Wesley Johnson,1610612747,LAL,79,27,52,2240.0,2847,79,21,29,0.724,8,10,0.8,50,40,3,0.075,2,0.025,5
474,202083,Wesley Matthews,1610612757,POR,82,54,28,2780.0,3876,61,11,15,0.733,9,10,0.9,34,37,6,0.162,3,0.049,5
475,203115,Will Barton,1610612757,POR,41,27,14,387.0,636,10,2,3,0.667,2,2,1.0,6,6,0,0.0,0,0.0,1
476,101198,Will Bynum,1610612765,DET,56,17,39,1054.0,2218,11,2,6,0.333,0,0,0.0,4,4,0,0.0,1,0.091,0
477,2584,Willie Green,1610612746,LAC,55,38,17,869.0,1211,25,3,9,0.333,2,2,1.0,8,12,0,0.0,2,0.08,1
478,201163,Wilson Chandler,1610612743,DEN,62,27,35,1927.0,2710,87,10,29,0.345,2,6,0.333,22,48,10,0.208,6,0.069,3
479,202333,Xavier Henry,1610612747,LAL,43,16,27,908.0,1456,38,13,18,0.722,12,18,0.667,39,10,1,0.1,1,0.026,9
480,2216,Zach Randolph,1610612763,MEM,79,49,30,2705.0,4430,287,19,50,0.38,6,10,0.6,44,214,18,0.084,16,0.056,2
481,2585,Zaza Pachulia,1610612749,MIL,52,10,42,1310.0,2058,472,30,81,0.37,15,18,0.833,75,346,53,0.153,20,0.042,6
