,PLAYER_ID,PLAYER_NAME,TEAM_ID,TEAM_ABBREVIATION,GP,W,L,MIN,PASSES_MADE,PASSES_RECEIVED,AST,FT_AST,SECONDARY_AST,POTENTIAL_AST,AST_PTS_CREATED,AST_ADJ,AST_TO_PASS_PCT,AST_TO_PASS_PCT_ADJ
0,201166,Aaron Brooks,1610612750,MIN,32,19,13,189.0,287,335,20,0.0,1,43,48,21,0.07,0.073
1,203932,Aaron Gordon,1610612753,ORL,58,19,39,1909.0,2333,1884,136,8.0,13,269,326,155,0.058,0.066
2,1626151,Aaron Harrison,1610612742,DAL,9,2,7,233.0,176,190,11,0.0,0,25,29,11,0.063,0.063
3,1627846,Abdel Nader,1610612738,BOS,47,32,15,520.0,408,430,26,4.0,5,61,70,35,0.064,0.086
4,203940,Adreian Payne,1610612753,ORL,5,0,5,43.0,50,33,0,0.0,0,1,0,0,0.0,0.0
5,201143,Al Horford,1610612738,BOS,69,44,25,2175.0,3372,2963,322,10.0,19,554,802,349,0.095,0.103
6,2744,Al Jefferson,1610612754,IND,36,17,19,484.0,709,561,30,1.0,5,59,70,36,0.042,0.051
7,202329,Al-Farouq Aminu,1610612757,POR,69,40,29,2072.0,1727,1318,84,4.0,16,182,214,108,0.049,0.063
8,1626210,Alan Williams,1610612756,PHX,5,1,4,70.0,88,78,8,1.0,0,15,28,10,0.091,0.114
9,202692,Alec Burks,1610612762,UTA,64,37,27,1059.0,1076,1265,67,3.0,16,138,170,87,0.062,0.081
10,1628409,Alec Peters,1610612756,PHX,20,2,18,225.0,237,199,12,0.0,1,16,29,13,0.051,0.055
11,203518,Alex Abrines,1610612760,OKC,72,42,30,1084.0,713,721,25,2.0,5,71,62,32,0.035,0.045
12,1627936,Alex Caruso,1610612747,LAL,37,16,21,562.0,891,885,75,5.0,11,164,180,90,0.084,0.101
13,203458,Alex Len,1610612756,PHX,69,20,49,1395.0,1627,1186,82,4.0,5,177,213,93,0.05,0.057
14,1627816,Alex Poythress,1610612754,IND,25,10,15,104.0,95,60,2,0.0,1,4,5,3,0.021,0.032
15,1628035,Alfonzo McKinnie,1610612761,TOR,14,13,1,53.0,44,42,1,0.0,1,3,3,2,0.023,0.045
16,203459,Allen Crabbe,1610612751,BKN,73,24,49,2133.0,2172,2283,115,7.0,27,245,286,149,0.053,0.069
17,101161,Amir Johnson,1610612755,PHI,74,47,27,1170.0,1592,1287,118,2.0,8,199,262,125,0.074,0.079
18,203083,Andre Drummond,1610612765,DET,78,37,41,2625.0,2724,2694,237,11.0,5,434,549,253,0.087,0.093
19,2738,Andre Iguodala,1610612744,GSW,63,45,18,1599.0,2273,2033,207,11.0,34,359,494,250,0.091,0.11
20,201281,Andre Ingram,1610612747,LAL,2,1,1,64.0,46,53,7,0.0,0,9,18,7,0.152,0.152
21,203460,Andre Roberson,1610612760,OKC,36,24,12,955.0,693,452,44,1.0,8,70,105,53,0.063,0.076
22,101106,Andrew Bogut,1610612747,LAL,24,7,17,216.0,320,180,15,0.0,1,32,35,16,0.047,0.05
23,1626150,Andrew Harrison,1610612763,MEM,55,16,39,1306.0,2308,2657,175,7.0,40,386,432,224,0.076,0.097
24,1628510,Andrew White III,1610612737,ATL,15,1,14,209.0,149,162,6,0.0,0,15,16,6,0.04,0.04
25,203952,Andrew Wiggins,1610612750,MIN,82,47,35,2979.0,1814,2585,160,6.0,35,306,393,201,0.088,0.111
26,1627790,Ante Zizic,1610612739,CLE,32,21,11,214.0,185,132,5,0.0,2,10,12,7,0.027,0.038
27,1626148,Anthony Brown,1610612750,MIN,1,0,1,4.0,4,3,1,0.0,0,1,2,1,0.25,0.25
28,203076,Anthony Davis,1610612740,NOP,73,44,29,2643.0,3227,3238,166,7.0,22,287,414,194,0.051,0.06
29,201229,Anthony Tolliver,1610612765,DET,79,37,42,1757.0,3010,1650,90,5.0,9,180,204,100,0.03,0.033
30,1628469,Antonio Blakeney,1610612741,CHI,19,3,16,314.0,171,306,20,0.0,0,40,50,20,0.117,0.117
31,1628499,Antonius Cleveland,1610612737,ATL,17,7,10,123.0,64,75,2,0.0,0,10,5,2,0.031,0.031
32,203382,Aron Baynes,1610612738,BOS,78,51,27,1433.0,1638,1409,91,6.0,7,180,239,107,0.056,0.065
33,201167,Arron Afflalo,1610612753,ORL,53,16,37,682.0,538,563,30,0.0,3,80,77,33,0.056,0.061
34,203085,Austin Rivers,1610612746,LAC,61,30,31,2057.0,3112,3687,242,12.0,35,441,605,288,0.078,0.093
35,202340,Avery Bradley,1610612746,LAC,46,22,24,1433.0,1046,1555,94,3.0,18,172,236,116,0.09,0.111
36,1628389,Bam Adebayo,1610612748,MIA,68,33,35,1348.0,1331,1293,99,1.0,5,228,256,105,0.074,0.079
37,203463,Ben McLemore,1610612763,MEM,56,7,49,1091.0,1061,1100,51,1.0,12,100,122,64,0.048,0.06
38,1628500,Ben Moore,1610612754,IND,2,1,1,9.0,8,3,1,0.0,0,1,2,1,0.125,0.125
39,1627732,Ben Simmons,1610612755,PHI,80,51,29,2703.0,5926,6265,658,33.0,82,1368,1664,765,0.111,0.129
40,202687,Bismack Biyombo,1610612753,ORL,82,25,57,1495.0,1961,1133,66,1.0,2,107,147,67,0.034,0.034
41,201933,Blake Griffin,1610612765,DET,58,28,30,1970.0,3522,3413,334,6.0,23,592,806,356,0.095,0.101
42,1626246,Boban Marjanovic,1610612746,LAC,39,18,21,338.0,284,307,22,1.0,2,34,50,26,0.077,0.092
43,201628,Bobby Brown,1610612745,HOU,20,17,3,115.0,166,218,11,0.0,0,28,30,11,0.066,0.066
44,1626171,Bobby Portis,1610612741,CHI,73,25,48,1643.0,2103,1921,123,2.0,10,209,311,135,0.058,0.064
45,203992,Bogdan Bogdanovic,1610612758,SAC,78,26,52,2175.0,2747,2972,258,18.0,38,512,617,309,0.094,0.112
46,202711,Bojan Bogdanovic,1610612754,IND,80,47,33,2465.0,1772,2148,119,4.0,15,215,286,138,0.067,0.078
47,203078,Bradley Beal,1610612764,WAS,82,43,39,2977.0,3708,4622,373,21.0,92,741,912,481,0.101,0.13
48,201148,Brandan Wright,1610612745,HOU,27,10,17,370.0,400,293,13,1.0,2,23,33,16,0.033,0.04
49,1627742,Brandon Ingram,1610612747,LAL,59,27,32,1975.0,2154,2521,230,7.0,34,482,568,269,0.107,0.125
50,201943,Brandon Jennings,1610612749,MIL,14,8,6,205.0,407,437,44,1.0,2,73,101,48,0.108,0.118
51,203464,Brandon Paul,1610612759,SAS,64,38,26,576.0,520,505,37,0.0,6,73,93,45,0.071,0.087
52,1627362,Briante Weber,1610612763,MEM,18,8,10,237.0,413,367,22,2.0,1,66,64,25,0.053,0.061
53,1627744,Brice Johnson,1610612763,MEM,18,2,16,98.0,128,80,2,0.0,1,5,2,2,0.016,0.016
54,201572,Brook Lopez,1610612747,LAL,74,34,40,1735.0,1762,1909,126,4.0,13,218,290,138,0.072,0.078
55,203998,Bruno Caboclo,1610612758,SAC,12,4,8,106.0,123,72,4,0.0,0,4,11,5,0.033,0.041
56,1627854,Bryn Forbes,1610612759,SAS,80,46,34,1517.0,1111,1485,80,3.0,20,150,204,104,0.072,0.094
57,1627741,Buddy Hield,1610612758,SAC,80,27,53,2024.0,1890,2359,155,7.0,19,312,376,182,0.082,0.096
58,203710,C.J. Williams,1610612746,LAC,38,17,21,707.0,543,581,43,2.0,5,64,98,49,0.079,0.09
59,203468,CJ McCollum,1610612757,POR,81,48,33,2924.0,2838,4133,272,11.0,40,571,673,321,0.096,0.113
60,101139,CJ Miles,1610612761,TOR,70,50,20,1337.0,892,1117,55,3.0,8,90,128,64,0.062,0.072
61,1628403,Caleb Swanigan,1610612757,POR,27,16,11,189.0,159,153,14,0.0,0,31,36,14,0.088,0.088
62,1626166,Cameron Payne,1610612741,CHI,25,7,18,582.0,1149,1226,113,2.0,6,218,280,119,0.098,0.104
63,1627747,Caris LeVert,1610612751,BKN,69,24,45,1802.0,2449,2965,284,13.0,29,559,720,328,0.116,0.134
64,2546,Carmelo Anthony,1610612760,OKC,75,46,29,2397.0,2674,2139,97,2.0,11,167,244,106,0.036,0.04
65,1626224,Cedi Osman,1610612739,CLE,61,35,26,673.0,643,519,41,2.0,6,61,108,50,0.064,0.078
66,202718,Chandler Parsons,1610612763,MEM,35,11,24,676.0,765,795,69,1.0,11,127,161,80,0.09,0.105
67,101112,Channing Frye,1610612747,LAL,53,28,25,695.0,907,648,38,4.0,6,85,113,54,0.042,0.06
68,1628429,Charles Cooke,1610612740,NOP,13,8,5,38.0,23,33,1,0.0,0,1,3,1,0.043,0.043
69,1627767,Cheick Diallo,1610612740,NOP,52,29,23,581.0,656,348,19,0.0,0,28,43,18,0.029,0.027
70,1627778,Chinanu Onuaku,1610612745,HOU,1,0,1,22.0,18,18,1,0.0,0,2,3,1,0.056,0.056
71,1628449,Chris Boucher,1610612744,GSW,1,1,0,1.0,3,3,0,0.0,0,0,0,0,0.0,0.0
72,1626191,Chris McCullough,1610612764,WAS,19,11,8,90.0,127,82,4,1.0,0,8,10,5,0.031,0.039
73,101108,Chris Paul,1610612745,HOU,58,50,8,1847.0,2926,3446,457,24.0,35,895,1218,516,0.156,0.176
74,203991,Clint Capela,1610612745,HOU,73,62,11,2009.0,2808,1692,68,2.0,14,169,180,84,0.024,0.03
75,203469,Cody Zeller,1610612766,CHA,33,14,19,627.0,440,424,31,0.0,4,57,81,37,0.07,0.084
76,202332,Cole Aldrich,1610612750,MIN,21,14,7,49.0,59,42,3,0.0,0,3,7,3,0.051,0.051
77,201147,Corey Brewer,1610612760,OKC,72,32,40,1209.0,743,743,65,8.0,2,131,161,74,0.087,0.1
78,202709,Cory Joseph,1610612754,IND,82,48,34,2210.0,3339,3679,260,6.0,44,526,616,305,0.078,0.091
79,201584,Courtney Lee,1610612752,NYK,75,26,49,2278.0,1942,2435,178,5.0,24,358,419,207,0.092,0.107
80,1626245,Cristiano Felicio,1610612741,CHI,55,13,42,977.0,828,812,55,3.0,6,112,140,63,0.066,0.076
81,1626156,D'Angelo Russell,1610612751,BKN,48,16,32,1234.0,2195,2845,249,17.0,24,497,625,287,0.113,0.131
82,201571,D.J. Augustin,1610612753,ORL,75,23,52,1760.0,3052,3626,287,16.0,35,626,686,334,0.094,0.109
83,1628391,D.J. Wilson,1610612749,MIL,22,12,10,71.0,86,60,3,1.0,0,9,7,4,0.035,0.047
84,1626177,Dakari Johnson,1610612760,OKC,29,21,8,144.0,128,112,7,0.0,1,11,18,8,0.055,0.063
85,1627745,Damian Jones,1610612744,GSW,15,7,8,89.0,74,67,2,0.0,0,7,4,2,0.027,0.027
86,203081,Damian Lillard,1610612757,POR,73,44,29,2670.0,3953,5246,481,24.0,56,924,1146,556,0.122,0.141
87,2863,Damien Wilkins,1610612754,IND,19,10,9,152.0,139,145,9,0.0,1,15,23,10,0.065,0.072
88,1627814,Damion Lee,1610612737,ATL,15,4,11,404.0,425,427,29,2.0,5,72,73,36,0.068,0.085
89,1628422,Damyean Dotson,1610612752,NYK,44,11,33,474.0,418,453,31,3.0,4,62,77,38,0.074,0.091
90,1627772,Daniel Hamilton,1610612760,OKC,6,5,1,28.0,49,55,8,0.0,0,13,17,8,0.163,0.163
91,1628464,Daniel Theis,1610612738,BOS,60,41,19,894.0,1083,848,55,2.0,1,98,148,59,0.051,0.054
92,201568,Danilo Gallinari,1610612746,LAC,21,11,10,671.0,723,709,41,2.0,8,75,97,51,0.057,0.071
93,201980,Danny Green,1610612759,SAS,70,40,30,1791.0,1985,1833,110,7.0,22,199,261,140,0.055,0.071
94,201967,Dante Cunningham,1610612751,BKN,71,33,38,1518.0,1548,1026,48,1.0,8,95,125,56,0.031,0.036
95,203957,Dante Exum,1610612762,UTA,14,10,4,235.0,349,427,43,2.0,3,66,99,46,0.123,0.132
96,1627863,Danuel House,1610612756,PHX,23,6,17,403.0,327,330,25,0.0,2,50,61,27,0.076,0.083
97,203967,Dario Saric,1610612755,PHI,77,49,28,2277.0,3442,2887,199,9.0,19,365,491,227,0.058,0.066
98,203121,Darius Miller,1610612740,NOP,80,47,33,1903.0,1257,1387,105,5.0,8,194,244,113,0.084,0.09
99,201589,Darrell Arthur,1610612743,DEN,19,12,7,141.0,160,142,9,1.0,1,16,26,11,0.056,0.069
100,201954,Darren Collison,1610612754,IND,69,39,30,2018.0,3421,3938,368,14.0,34,700,874,414,0.108,0.121
101,1626199,Darrun Hilliard,1610612759,SAS,14,8,6,95.0,107,105,11,1.0,0,16,27,11,0.103,0.103
102,1628021,David Nwaba,1610612741,CHI,70,26,44,1646.0,990,1121,104,7.0,11,201,259,122,0.105,0.123
103,204065,David Stockton,1610612762,UTA,3,3,0,9.0,13,21,0,0.0,0,2,0,0,0.0,0.0
104,2561,David West,1610612744,GSW,72,51,21,986.0,1386,1366,136,13.0,12,246,331,161,0.098,0.116
105,202722,Davis Bertans,1610612759,SAS,77,43,34,1086.0,1411,1078,74,2.0,7,109,175,82,0.052,0.058
106,1628432,Davon Reed,1610612756,PHX,21,2,19,242.0,232,218,13,3.0,2,37,33,18,0.056,0.078
107,1628368,De'Aaron Fox,1610612758,SAC,73,24,49,2026.0,3714,4450,320,10.0,39,626,770,365,0.086,0.098
108,201599,DeAndre Jordan,1610612746,LAC,77,39,38,2423.0,3352,1746,117,6.0,13,202,283,136,0.035,0.041
109,202732,DeAndre Liggins,1610612740,NOP,57,34,23,708.0,547,538,47,1.0,6,101,111,52,0.086,0.095
110,1627761,DeAndre' Bembry,1610612737,ATL,25,8,17,454.0,544,581,49,1.0,3,104,115,52,0.09,0.096
111,201942,DeMar DeRozan,1610612761,TOR,80,57,23,2712.0,3006,4390,417,5.0,62,828,1050,484,0.139,0.161
112,202326,DeMarcus Cousins,1610612740,NOP,46,26,20,1678.0,2792,2814,248,8.0,21,424,590,276,0.089,0.099
113,201960,DeMarre Carroll,1610612751,BKN,71,24,47,2122.0,2590,2298,145,3.0,26,298,360,172,0.056,0.066
114,1627749,Dejounte Murray,1610612759,SAS,81,47,34,1743.0,3306,3355,231,4.0,56,464,547,289,0.07,0.087
115,1626153,Delon Wright,1610612761,TOR,69,49,20,1433.0,2246,2382,200,4.0,31,410,510,235,0.089,0.105
116,1627743,Demetrius Jackson,1610612755,PHI,14,12,2,76.0,137,151,9,0.0,0,25,21,9,0.066,0.066
117,203471,Dennis Schroder,1610612737,ATL,66,21,45,2041.0,4138,5264,408,14.0,46,820,1025,470,0.099,0.114
118,1628372,Dennis Smith Jr.,1610612742,DAL,69,22,47,2049.0,3954,4644,358,12.0,59,741,903,425,0.091,0.107
119,1627756,Denzel Valentine,1610612741,CHI,77,26,51,2095.0,2151,2361,244,16.0,19,501,604,276,0.113,0.128
120,202324,Derrick Favors,1610612762,UTA,77,46,31,2153.0,3024,2327,102,3.0,12,189,266,120,0.034,0.04
121,1627884,Derrick Jones Jr.,1610612748,MIA,20,9,11,245.0,143,129,9,1.0,1,18,25,11,0.063,0.077
122,201565,Derrick Rose,1610612750,MIN,25,15,10,419.0,460,611,37,1.0,9,58,92,47,0.08,0.102
123,1628476,Derrick Walton Jr.,1610612748,MIA,16,8,8,147.0,225,201,16,0.0,1,40,39,17,0.071,0.076
124,1628401,Derrick White,1610612759,SAS,17,7,10,139.0,180,179,9,0.0,0,16,20,9,0.05,0.05
125,202682,Derrick Williams,1610612747,LAL,2,1,1,9.0,9,9,0,0.0,0,2,0,0,0.0,0.0
126,1626164,Devin Booker,1610612756,PHX,54,16,38,1865.0,2096,3151,253,14.0,28,516,618,296,0.121,0.141
127,2734,Devin Harris,1610612743,DEN,71,33,38,1340.0,1713,1967,152,4.0,11,269,357,163,0.089,0.095
128,1628421,Devin Robinson,1610612764,WAS,1,0,1,13.0,17,10,0,0.0,0,3,0,0,0.0,0.0
129,203473,Dewayne Dedmon,1610612737,ATL,61,18,43,1520.0,1937,1453,88,2.0,6,143,212,93,0.045,0.048
130,1627738,Deyonta Davis,1610612763,MEM,62,16,46,943.0,1043,713,40,1.0,1,78,109,45,0.038,0.043
131,1628415,Dillon Brooks,1610612763,MEM,81,21,60,2329.0,2136,2443,135,6.0,32,298,314,168,0.063,0.079
132,203079,Dion Waiters,1610612748,MIA,29,15,14,893.0,1049,1415,112,4.0,14,219,291,130,0.107,0.124
133,1717,Dirk Nowitzki,1610612742,DAL,77,24,53,1900.0,2385,2139,120,8.0,13,183,307,143,0.05,0.06
134,1627734,Domantas Sabonis,1610612754,IND,74,45,29,1810.0,3120,2353,151,4.0,17,291,382,172,0.048,0.055
135,1628378,Donovan Mitchell,1610612762,UTA,79,46,33,2638.0,2941,4202,291,17.0,37,541,745,345,0.099,0.117
136,1627827,Dorian Finney-Smith,1610612742,DAL,21,4,17,448.0,411,358,26,0.0,1,53,68,28,0.063,0.068
137,203926,Doug McDermott,1610612742,DAL,80,29,51,1736.0,1476,1493,78,4.0,12,145,193,94,0.053,0.064
138,1627733,Dragan Bender,1610612756,PHX,82,21,61,2069.0,3017,1896,130,7.0,9,255,304,143,0.043,0.047
139,203110,Draymond Green,1610612744,GSW,69,47,22,2252.0,4394,3502,499,23.0,53,843,1188,571,0.114,0.13
140,1628407,Dwayne Bacon,1610612766,CHA,53,25,28,713.0,494,502,38,2.0,11,78,102,51,0.077,0.103
141,202779,Dwight Buycks,1610612765,DET,29,10,19,427.0,705,929,59,2.0,12,118,148,73,0.084,0.104
142,2730,Dwight Howard,1610612766,CHA,81,35,46,2463.0,2490,2002,105,7.0,11,211,266,121,0.042,0.049
143,203939,Dwight Powell,1610612742,DAL,79,23,56,1672.0,2026,1450,91,0.0,14,187,230,107,0.045,0.053
144,2548,Dwyane Wade,1610612748,MIA,67,37,30,1536.0,2179,2454,228,16.0,23,460,569,263,0.105,0.121
145,202734,E'Twaun Moore,1610612740,NOP,80,47,33,2528.0,2098,2383,185,9.0,28,339,435,221,0.088,0.105
146,202334,Ed Davis,1610612757,POR,78,48,30,1471.0,1952,867,40,3.0,2,113,109,45,0.02,0.023
147,1628410,Edmond Sumner,1610612754,IND,1,0,1,2.0,2,3,0,0.0,0,0,0,0,0.0,0.0
148,202327,Ekpe Udoh,1610612762,UTA,63,36,27,810.0,943,658,53,0.0,2,98,135,55,0.056,0.058
149,203901,Elfrid Payton,1610612756,PHX,63,13,50,1809.0,3061,3563,393,22.0,35,815,964,449,0.128,0.147
150,2731,Emeka Okafor,1610612740,NOP,26,16,10,353.0,262,176,8,0.0,1,15,25,10,0.031,0.038
151,1626144,Emmanuel Mudiay,1610612752,NYK,64,29,35,1244.0,2115,2588,206,10.0,20,378,497,232,0.097,0.11
152,202683,Enes Kanter,1610612752,NYK,70,26,44,1807.0,2643,1867,103,2.0,14,199,244,120,0.039,0.045
153,202339,Eric Bledsoe,1610612749,MIL,74,40,34,2322.0,3786,4384,370,25.0,53,694,881,445,0.098,0.118
154,201569,Eric Gordon,1610612745,HOU,68,55,13,2121.0,1448,2224,147,10.0,13,274,384,168,0.102,0.116
155,203961,Eric Moreland,1610612765,DET,67,32,35,805.0,876,752,78,2.0,6,145,192,87,0.089,0.099
156,1628571,Erik McCree,1610612762,UTA,4,4,0,8.0,7,7,0,0.0,0,2,0,0,0.0,0.0
157,101141,Ersan Ilyasova,1610612755,PHI,69,36,33,1730.0,2363,1838,90,1.0,16,166,220,106,0.038,0.045
158,203095,Evan Fournier,1610612753,ORL,57,20,37,1837.0,1328,1881,165,4.0,18,285,400,186,0.124,0.14
159,202323,Evan Turner,1610612757,POR,79,48,31,2034.0,2229,2179,173,10.0,13,374,418,191,0.078,0.086
160,1626163,Frank Kaminsky,1610612766,CHA,79,35,44,1835.0,2827,2132,129,11.0,21,244,341,162,0.046,0.057
161,1628412,Frank Mason,1610612758,SAC,52,17,35,984.0,1689,2049,147,3.0,24,306,350,171,0.087,0.101
162,1628373,Frank Ntilikina,1610612752,NYK,77,27,50,1693.0,2931,3294,250,14.0,43,492,606,304,0.085,0.104
163,1627832,Fred VanVleet,1610612761,TOR,76,55,21,1520.0,2244,2552,243,12.0,42,483,593,294,0.108,0.131
164,1627788,Furkan Korkmaz,1610612755,PHI,14,11,3,80.0,56,67,4,0.0,3,6,8,7,0.071,0.125
165,202066,Garrett Temple,1610612758,SAC,65,23,42,1615.0,1812,1929,124,7.0,21,229,282,147,0.068,0.081
166,203914,Gary Harris,1610612743,DEN,67,37,30,2305.0,1646,2385,194,7.0,33,323,471,227,0.118,0.138
167,1627780,Gary Payton II,1610612747,LAL,23,10,13,221.0,253,224,21,0.0,1,40,51,22,0.083,0.087
168,201588,George Hill,1610612739,CLE,67,28,39,1812.0,2852,3109,186,6.0,27,391,456,218,0.065,0.076
169,1627777,Georges Niang,1610612762,UTA,9,9,0,32.0,28,32,3,0.0,0,2,4,2,0.107,0.071
170,1627834,Georgios Papagiannis,1610612757,POR,17,3,14,122.0,185,114,9,0.0,1,13,23,10,0.049,0.054
171,101123,Gerald Green,1610612745,HOU,41,33,8,929.0,687,795,25,1.0,4,63,63,30,0.036,0.044
172,1628492,Gian Clavell,1610612742,DAL,7,0,7,64.0,45,53,3,1.0,0,6,10,4,0.067,0.089
173,203507,Giannis Antetokounmpo,1610612749,MIL,74,39,35,2715.0,4246,4148,354,8.0,59,689,898,421,0.083,0.099
174,203922,Glenn Robinson III,1610612754,IND,23,14,9,338.0,272,247,17,1.0,5,24,37,22,0.063,0.081
175,201609,Goran Dragic,1610612748,MIA,74,38,36,2349.0,4267,4933,356,16.0,64,744,868,436,0.083,0.102
176,202330,Gordon Hayward,1610612738,BOS,1,0,1,5.0,7,5,0,0.0,0,0,0,0,0.0,0.0
177,203476,Gorgui Dieng,1610612750,MIN,79,45,34,1333.0,1703,1241,71,1.0,14,146,178,86,0.042,0.05
178,202328,Greg Monroe,1610612738,BOS,50,21,29,1024.0,1334,1222,113,4.0,7,205,272,122,0.085,0.091
179,1627824,Guerschon Yabusele,1610612738,BOS,32,23,9,233.0,356,295,16,0.0,2,30,41,18,0.045,0.051
180,203084,Harrison Barnes,1610612742,DAL,77,24,53,2634.0,3013,2851,152,6.0,24,288,401,182,0.05,0.06
181,202355,Hassan Whiteside,1610612748,MIA,54,30,24,1364.0,1015,1083,54,1.0,2,106,130,56,0.053,0.055
182,1627740,Henry Ellenson,1610612765,DET,38,21,17,329.0,553,355,20,1.0,1,39,55,22,0.036,0.04
183,203546,Ian Clark,1610612740,NOP,73,43,30,1428.0,1296,1538,107,3.0,16,189,253,124,0.083,0.096
184,101133,Ian Mahinmi,1610612764,WAS,77,42,35,1145.0,1213,775,53,4.0,12,94,130,69,0.044,0.057
185,1628387,Ike Anigbogu,1610612754,IND,11,5,6,30.0,44,27,0,0.0,0,0,0,0,0.0,0.0
186,202697,Iman Shumpert,1610612758,SAC,14,9,5,276.0,316,285,17,2.0,5,27,47,24,0.054,0.076
187,203477,Isaiah Canaan,1610612756,PHX,20,9,11,422.0,828,935,76,6.0,8,164,197,90,0.092,0.109
188,1628439,Isaiah Hicks,1610612752,NYK,18,4,14,239.0,241,207,16,1.0,1,30,43,18,0.066,0.075
189,1627819,Isaiah Taylor,1610612737,ATL,67,18,49,1167.0,2035,2424,206,8.0,11,408,538,225,0.101,0.111
190,202738,Isaiah Thomas,1610612747,LAL,32,15,17,862.0,1185,1653,153,9.0,21,287,373,179,0.129,0.151
191,1627785,Isaiah Whitehead,1610612751,BKN,15,2,13,163.0,186,263,19,0.0,1,40,44,20,0.102,0.108
192,202397,Ish Smith,1610612765,DET,82,39,43,2043.0,3995,4532,360,10.0,50,752,927,418,0.09,0.105
193,1628397,Ivan Rabb,1610612763,MEM,36,6,30,516.0,666,494,32,2.0,5,59,75,39,0.048,0.059
194,1627826,Ivica Zubac,1610612747,LAL,43,19,24,410.0,559,379,25,1.0,2,35,58,27,0.045,0.048
195,200826,J.J. Barea,1610612742,DAL,69,23,46,1603.0,3344,3777,434,19.0,53,764,1036,505,0.13,0.151
196,200755,JJ Redick,1610612755,PHI,69,45,24,2086.0,1982,2658,207,8.0,36,356,496,245,0.104,0.124
197,2747,JR Smith,1610612739,CLE,80,49,31,2244.0,1778,1777,141,4.0,25,270,351,168,0.079,0.094
198,203960,JaKarr Sampson,1610612758,SAC,22,6,16,344.0,332,213,9,0.0,0,28,22,9,0.027,0.027
199,203210,JaMychal Green,1610612763,MEM,55,11,44,1542.0,1865,1302,79,5.0,9,151,188,91,0.042,0.049
200,201580,JaVale McGee,1610612744,GSW,64,44,20,607.0,605,481,32,0.0,3,48,80,37,0.053,0.061
201,1628444,Jabari Bird,1610612738,BOS,13,8,5,115.0,68,75,8,1.0,3,10,21,12,0.118,0.176
202,203953,Jabari Parker,1610612749,MIL,31,16,15,743.0,975,856,59,2.0,6,121,127,62,0.061,0.064
203,204022,Jack Cooley,1610612758,SAC,7,4,3,87.0,90,81,6,1.0,0,8,11,6,0.067,0.067
204,1626643,Jacob Pullen,1610612755,PHI,3,2,1,6.0,6,9,0,0.0,0,2,0,0,0.0,0.0
205,1628451,Jacob Wiley,1610612751,BKN,4,1,3,32.0,40,18,2,0.0,0,2,4,2,0.05,0.05
206,203109,Jae Crowder,1610612762,UTA,80,52,28,2090.0,2227,1861,99,3.0,11,155,249,112,0.044,0.05
207,1626143,Jahlil Okafor,1610612751,BKN,28,7,21,353.0,382,383,12,0.0,1,27,33,13,0.031,0.034
208,1627774,Jake Layman,1610612757,POR,35,22,13,160.0,127,136,11,0.0,1,14,28,12,0.087,0.094
209,1627751,Jakob Poeltl,1610612761,TOR,82,59,23,1524.0,1681,1105,57,2.0,10,112,147,69,0.034,0.041
210,1627883,Jalen Jones,1610612742,DAL,16,3,13,181.0,152,132,4,0.0,2,14,12,7,0.026,0.046
211,2037,Jamal Crawford,1610612750,MIN,80,45,35,1653.0,1412,2110,185,20.0,20,317,451,224,0.131,0.159
212,1627750,Jamal Murray,1610612743,DEN,81,46,35,2565.0,4288,4987,274,12.0,64,557,667,344,0.064,0.08
213,1627866,Jameel Warney,1610612742,DAL,3,1,2,27.0,21,22,0,0.0,0,1,0,0,0.0,0.0
214,2749,Jameer Nelson,1610612765,DET,49,24,25,995.0,2026,2043,175,5.0,25,332,429,202,0.086,0.1
215,1628503,Jamel Artis,1610612753,ORL,15,4,11,279.0,265,258,18,1.0,4,46,46,22,0.068,0.083
216,203516,James Ennis III,1610612765,DET,71,24,47,1567.0,995,983,70,7.0,14,141,166,89,0.07,0.089
217,201935,James Harden,1610612745,HOU,71,59,12,2516.0,3625,5189,622,43.0,54,1160,1545,718,0.172,0.198
218,201949,James Johnson,1610612748,MIA,72,36,36,1912.0,2925,2477,277,11.0,14,550,724,300,0.095,0.103
219,203949,James Michael McAdoo,1610612755,PHI,3,1,2,18.0,20,18,0,0.0,0,0,0,0,0.0,0.0
220,1627821,James Webb III,1610612751,BKN,10,1,9,120.0,188,105,4,0.0,1,6,11,5,0.021,0.027
221,203923,James Young,1610612755,PHI,6,4,2,61.0,35,44,2,0.0,0,4,7,3,0.057,0.086
222,203966,Jamil Wilson,1610612746,LAC,15,6,9,274.0,310,240,10,0.0,0,24,24,10,0.032,0.032
223,201162,Jared Dudley,1610612756,PHX,48,7,41,687.0,1184,786,78,6.0,4,146,187,85,0.066,0.072
224,204067,Jarell Eddie,1610612741,CHI,3,1,2,9.0,6,6,0,0.0,0,3,0,0,0.0,0.0
225,1626185,Jarell Martin,1610612763,MEM,72,20,52,1640.0,1924,1341,72,6.0,7,144,185,86,0.037,0.045
226,1628386,Jarrett Allen,1610612751,BKN,70,24,46,1401.0,1700,1318,49,1.0,9,95,113,56,0.029,0.033
227,101127,Jarrett Jack,1610612752,NYK,61,25,36,1513.0,3111,3527,341,8.0,38,620,808,387,0.11,0.124
228,201160,Jason Smith,1610612764,WAS,33,15,18,285.0,377,275,14,0.0,3,34,33,16,0.037,0.042
229,1891,Jason Terry,1610612749,MIL,51,27,24,814.0,760,677,59,4.0,3,104,145,65,0.078,0.086
230,1628393,Jawun Evans,1610612746,LAC,48,24,24,778.0,1182,1322,100,6.0,14,186,238,120,0.085,0.102
231,1627759,Jaylen Brown,1610612738,BOS,67,44,23,2050.0,1556,1723,112,6.0,12,211,272,129,0.072,0.083
232,1628537,Jaylen Morris,1610612737,ATL,6,2,4,98.0,66,65,7,0.0,0,13,14,6,0.106,0.091
233,1628369,Jayson Tatum,1610612738,BOS,77,50,27,2362.0,2137,2149,123,2.0,19,235,310,143,0.058,0.067
234,201145,Jeff Green,1610612739,CLE,78,47,31,1828.0,1719,1749,99,3.0,12,175,241,112,0.058,0.065
235,201952,Jeff Teague,1610612750,MIN,70,41,29,2311.0,4022,4655,492,35.0,36,847,1180,563,0.122,0.14
236,203481,Jeff Withey,1610612742,DAL,10,2,8,39.0,37,37,0,0.0,0,3,0,0,0.0,0.0
237,203924,Jerami Grant,1610612760,OKC,79,48,31,1606.0,1776,1269,55,4.0,5,143,166,68,0.031,0.038
238,202379,Jeremy Evans,1610612737,ATL,1,0,1,5.0,6,5,0,0.0,0,1,0,0,0.0,0.0
239,203087,Jeremy Lamb,1610612766,CHA,80,36,44,1967.0,1780,2161,186,18.0,32,363,469,235,0.104,0.132
240,202391,Jeremy Lin,1610612751,BKN,1,0,1,25.0,32,49,4,0.0,0,7,12,4,0.125,0.125
241,1626170,Jerian Grant,1610612741,CHI,74,24,50,1686.0,2999,3287,342,7.0,32,661,835,378,0.114,0.126
242,201573,Jerryd Bayless,1610612755,PHI,38,21,17,908.0,796,984,54,2.0,14,116,132,71,0.068,0.089
243,202710,Jimmy Butler,1610612750,MIN,59,37,22,2164.0,2395,2832,288,11.0,24,544,677,321,0.12,0.134
244,201149,Joakim Noah,1610612752,NYK,7,1,6,40.0,77,48,4,0.0,0,14,10,4,0.052,0.052
245,201975,Jodie Meeks,1610612764,WAS,77,41,36,1119.0,983,1237,70,6.0,8,142,162,82,0.071,0.083
246,203925,Joe Harris,1610612751,BKN,77,26,51,1948.0,2047,2009,127,11.0,21,274,325,158,0.062,0.077
247,204060,Joe Ingles,1610612762,UTA,82,48,34,2579.0,3175,3455,392,39.0,37,708,954,466,0.123,0.147
248,2207,Joe Johnson,1610612745,HOU,55,35,20,1205.0,1411,1169,83,3.0,10,199,210,94,0.059,0.067
249,1626202,Joe Young,1610612754,IND,53,28,25,558.0,633,781,39,1.0,6,87,93,46,0.062,0.073
250,1627762,Joel Bolomboy,1610612749,MIL,6,3,3,38.0,35,23,0,0.0,1,4,0,1,0.0,0.029
251,203954,Joel Embiid,1610612755,PHI,62,41,21,1882.0,3136,3191,194,11.0,18,353,485,224,0.062,0.071
252,203530,Joffrey Lauvergne,1610612759,SAS,55,30,25,534.0,576,492,41,4.0,3,79,100,47,0.071,0.082
253,1628381,John Collins,1610612737,ATL,73,21,52,1760.0,2648,1874,97,0.0,11,183,246,110,0.037,0.042
254,203089,John Henson,1610612749,MIL,75,39,36,1953.0,1603,1404,114,5.0,9,172,270,127,0.071,0.079
255,204066,John Holland,1610612739,CLE,24,17,7,174.0,120,137,5,0.0,2,12,11,7,0.042,0.058
256,202322,John Wall,1610612764,WAS,41,23,18,1410.0,2222,2849,393,11.0,29,720,957,432,0.177,0.194
257,1628405,Johnathan Motley,1610612742,DAL,11,1,10,176.0,189,174,7,0.0,1,13,16,8,0.037,0.042
258,203948,Johnny O'Bryant III,1610612766,CHA,36,15,21,379.0,416,351,14,1.0,2,45,36,17,0.034,0.041
259,202720,Jon Leuer,1610612765,DET,8,5,3,136.0,176,125,5,0.0,2,11,10,7,0.028,0.04
260,201973,Jonas Jerebko,1610612762,UTA,74,45,29,1134.0,1655,1233,42,2.0,7,89,106,51,0.025,0.031
261,202685,Jonas Valanciunas,1610612761,TOR,77,56,21,1727.0,2716,1845,81,3.0,12,159,213,97,0.03,0.036
262,1626780,Jonathan Gibson,1610612738,BOS,4,2,2,40.0,27,50,4,0.0,0,7,9,4,0.148,0.148
263,1628371,Jonathan Isaac,1610612753,ORL,27,11,16,535.0,563,359,18,2.0,2,39,47,22,0.032,0.039
264,203613,Jonathon Simmons,1610612753,ORL,69,21,48,2029.0,1807,2379,171,9.0,17,372,446,197,0.095,0.109
265,1628395,Jordan Bell,1610612744,GSW,56,42,14,804.0,1281,889,102,3.0,9,169,243,114,0.08,0.089
266,203903,Jordan Clarkson,1610612739,CLE,81,40,41,1887.0,2073,2861,221,13.0,22,423,540,255,0.107,0.123
267,202348,Jordan Crawford,1610612740,NOP,4,3,1,29.0,51,65,7,0.0,1,12,18,8,0.137,0.157
268,1626175,Jordan Mickey,1610612748,MIA,23,15,8,284.0,420,223,9,0.0,0,22,22,9,0.021,0.021
269,101181,Jose Calderon,1610612739,CLE,57,33,24,914.0,1492,1460,117,7.0,27,214,290,150,0.078,0.101
270,1627982,Josh Gray,1610612756,PHX,5,0,5,86.0,161,190,12,0.0,2,28,31,14,0.075,0.087
271,1628404,Josh Hart,1610612747,LAL,63,27,36,1461.0,1031,1007,80,3.0,15,148,200,97,0.078,0.094
272,203962,Josh Huestis,1610612760,OKC,67,43,24,966.0,645,434,19,0.0,5,35,49,24,0.029,0.037
273,1628367,Josh Jackson,1610612756,PHX,77,19,58,1959.0,1599,1903,119,9.0,9,237,296,136,0.074,0.085
274,203705,Josh Magette,1610612737,ATL,18,3,15,216.0,432,463,57,2.0,3,110,134,60,0.132,0.139
275,201177,Josh McRoberts,1610612742,DAL,2,2,0,6.0,5,4,0,0.0,0,0,0,0,0.0,0.0
276,1626196,Josh Richardson,1610612748,MIA,80,43,37,2657.0,3333,3421,230,8.0,33,472,566,271,0.069,0.081
277,2746,Josh Smith,1610612740,NOP,3,2,1,12.0,21,12,0,2.0,0,6,2,2,0.0,0.095
278,201950,Jrue Holiday,1610612740,NOP,79,46,33,2859.0,4331,4868,481,25.0,59,885,1188,563,0.111,0.13
279,1627823,Juancho Hernangomez,1610612743,DEN,25,15,10,277.0,260,194,12,1.0,2,22,29,14,0.046,0.054
280,203944,Julius Randle,1610612747,LAL,82,35,47,2190.0,2796,2639,210,8.0,29,399,531,246,0.075,0.088
281,202933,Julyan Stone,1610612766,CHA,23,10,13,175.0,213,186,26,2.0,3,53,68,31,0.122,0.146
282,1626147,Justin Anderson,1610612755,PHI,37,27,10,515.0,496,513,25,0.0,6,51,59,31,0.05,0.063
283,203200,Justin Holiday,1610612741,CHI,72,24,48,2265.0,1483,2014,153,10.0,24,282,360,182,0.103,0.123
284,1628382,Justin Jackson,1610612758,SAC,68,21,47,1506.0,1345,1216,74,3.0,11,136,189,88,0.055,0.065
285,1628383,Justin Patton,1610612750,MIN,1,0,1,4.0,2,2,0,0.0,0,0,0,0,0.0,0.0
286,1626159,Justise Winslow,1610612748,MIA,67,32,35,1655.0,2461,1800,147,2.0,13,313,353,161,0.06,0.065
287,203994,Jusuf Nurkic,1610612757,POR,79,48,31,2088.0,3184,2346,143,9.0,11,281,359,163,0.045,0.051
288,1628443,Kadeem Allen,1610612738,BOS,18,9,9,107.0,158,160,12,0.0,1,21,28,13,0.076,0.082
289,1626157,Karl-Anthony Towns,1610612750,MIN,82,47,35,2918.0,4102,3341,199,7.0,24,350,483,232,0.049,0.057
290,202695,Kawhi Leonard,1610612759,SAS,9,5,4,210.0,215,291,21,0.0,2,46,49,23,0.098,0.107
291,1627770,Kay Felder,1610612765,DET,16,6,10,140.0,225,296,20,0.0,5,41,51,26,0.089,0.116
292,203482,Kelly Olynyk,1610612748,MIA,75,41,34,1751.0,2848,2330,204,5.0,18,395,526,227,0.072,0.08
293,1626162,Kelly Oubre Jr.,1610612764,WAS,81,43,38,2231.0,1713,1803,98,2.0,12,181,234,111,0.057,0.065
294,202689,Kemba Walker,1610612766,CHA,80,36,44,2736.0,4518,5866,444,27.0,81,839,1097,553,0.098,0.122
295,2570,Kendrick Perkins,1610612739,CLE,1,0,1,15.0,19,15,2,1.0,0,4,6,3,0.105,0.158
296,202702,Kenneth Faried,1610612743,DEN,32,16,16,461.0,442,319,18,0.0,2,36,42,20,0.041,0.045
297,203145,Kent Bazemore,1610612737,ATL,64,19,45,1759.0,2382,2425,224,5.0,17,414,525,245,0.094,0.103
298,203484,Kentavious Caldwell-Pope,1610612747,LAL,74,31,43,2458.0,2118,2145,162,10.0,23,321,395,191,0.076,0.09
299,201142,Kevin Durant,1610612744,GSW,67,48,19,2287.0,2816,3447,364,18.0,48,609,877,423,0.129,0.15
300,201567,Kevin Love,1610612739,CLE,59,37,22,1651.0,2091,1631,103,6.0,19,182,255,128,0.049,0.061
301,1626172,Kevon Looney,1610612744,GSW,66,45,21,910.0,1108,810,42,1.0,6,89,105,49,0.038,0.044
302,203920,Khem Birch,1610612753,ORL,42,14,28,578.0,643,426,34,1.0,6,51,84,41,0.053,0.064
303,203114,Khris Middleton,1610612749,MIL,81,44,37,2947.0,3499,3736,326,22.0,25,612,790,373,0.093,0.107
304,202691,Klay Thompson,1610612744,GSW,72,54,18,2468.0,1997,2918,183,9.0,46,308,435,239,0.092,0.12
305,1628424,Kobi Simmons,1610612763,MEM,32,6,26,643.0,1008,1160,68,1.0,8,134,164,77,0.067,0.076
306,201585,Kosta Koufos,1610612758,SAC,71,22,49,1391.0,1977,1289,87,2.0,8,167,224,100,0.044,0.051
307,1627739,Kris Dunn,1610612741,CHI,52,19,33,1525.0,2879,3339,310,14.0,26,593,763,346,0.108,0.12
308,204001,Kristaps Porzingis,1610612752,NYK,48,22,26,1553.0,1780,1910,57,4.0,12,129,146,73,0.032,0.041
309,203937,Kyle Anderson,1610612759,SAS,74,41,33,1978.0,2342,1883,202,11.0,33,381,504,245,0.086,0.105
310,1627858,Kyle Collinsworth,1610612742,DAL,32,9,23,480.0,607,548,56,1.0,6,129,131,61,0.092,0.1
311,2594,Kyle Korver,1610612739,CLE,73,43,30,1574.0,986,1200,88,3.0,7,150,206,98,0.089,0.099
312,1628398,Kyle Kuzma,1610612747,LAL,77,34,43,2401.0,2352,2190,141,5.0,16,276,329,157,0.06,0.067
313,200768,Kyle Lowry,1610612761,TOR,78,57,21,2510.0,4484,4699,537,27.0,41,951,1246,597,0.12,0.133
314,203124,Kyle O'Quinn,1610612752,NYK,76,27,49,1362.0,2346,1503,156,4.0,5,283,345,163,0.066,0.069
315,202713,Kyle Singler,1610612760,OKC,11,5,6,36.0,33,37,2,0.0,0,5,6,2,0.061,0.061
316,202681,Kyrie Irving,1610612738,BOS,57,38,19,1834.0,2958,3720,287,6.0,58,581,691,346,0.097,0.117
317,200746,LaMarcus Aldridge,1610612759,SAS,75,45,30,2509.0,2849,3248,152,1.0,42,285,371,193,0.053,0.068
318,202362,Lance Stephenson,1610612754,IND,82,48,34,1850.0,2014,2166,235,16.0,13,447,555,262,0.117,0.13
319,202498,Lance Thomas,1610612752,NYK,72,24,48,1328.0,1229,928,43,2.0,3,102,103,48,0.035,0.039
320,204038,Langston Galloway,1610612765,DET,58,28,30,863.0,780,977,58,2.0,11,116,147,71,0.074,0.091
321,203580,Larry Drew II,1610612740,NOP,10,6,4,70.0,105,129,10,0.0,0,19,23,10,0.095,0.095
322,1626204,Larry Nance Jr.,1610612739,CLE,66,32,34,1421.0,1877,1137,82,1.0,10,167,199,93,0.044,0.05
323,1628374,Lauri Markkanen,1610612741,CHI,68,23,45,2020.0,3738,2442,79,1.0,16,171,199,96,0.021,0.026
324,2544,LeBron James,1610612739,CLE,82,50,32,3026.0,4674,5701,747,33.0,64,1426,1898,837,0.16,0.179
325,1628506,London Perrantes,1610612739,CLE,14,8,6,66.0,96,97,5,1.0,3,16,14,9,0.052,0.094
326,1628366,Lonzo Ball,1610612747,LAL,52,24,28,1780.0,3403,3303,376,24.0,28,685,883,416,0.11,0.122
327,203485,Lorenzo Brown,1610612761,TOR,14,9,5,139.0,196,198,13,0.0,4,23,36,17,0.066,0.087
328,101150,Lou Williams,1610612746,LAC,79,42,37,2589.0,3149,4293,417,23.0,56,676,984,497,0.132,0.158
329,201601,Luc Mbah a Moute,1610612745,HOU,60,52,8,1536.0,1099,941,55,5.0,6,106,143,65,0.05,0.059
330,203512,Lucas Nogueira,1610612761,TOR,49,36,13,418.0,458,333,22,0.0,3,44,56,25,0.048,0.055
331,1626242,Luis Montero,1610612765,DET,2,1,1,8.0,3,5,0,0.0,0,0,0,0,0.0,0.0
332,202337,Luke Babbitt,1610612748,MIA,49,15,34,690.0,816,663,29,2.0,6,52,78,37,0.036,0.045
333,1628379,Luke Kennard,1610612765,DET,73,34,39,1463.0,1058,1296,124,6.0,15,230,317,146,0.117,0.138
334,1628436,Luke Kornet,1610612752,NYK,20,6,14,326.0,507,390,26,0.0,1,46,60,27,0.051,0.053
335,2736,Luol Deng,1610612747,LAL,1,0,1,13.0,9,7,1,0.0,0,2,2,1,0.111,0.111
336,1627781,Malachi Richardson,1610612761,TOR,26,8,18,323.0,267,288,13,1.0,2,29,30,15,0.049,0.056
337,1627763,Malcolm Brogdon,1610612749,MIL,47,25,22,1400.0,1963,2057,147,13.0,18,290,360,178,0.075,0.091
338,1627098,Malcolm Delaney,1610612737,ATL,53,16,37,989.0,1677,1841,162,9.0,18,321,406,187,0.097,0.112
339,1626259,Malcolm Miller,1610612761,TOR,15,15,0,126.0,107,100,3,0.0,1,7,7,4,0.028,0.037
340,1627736,Malik Beasley,1610612743,DEN,62,34,28,583.0,344,422,31,3.0,2,50,79,34,0.09,0.099
341,1628370,Malik Monk,1610612766,CHA,63,26,37,854.0,922,1324,91,9.0,10,173,218,110,0.099,0.119
342,1628493,Mangok Mathiang,1610612766,CHA,4,3,1,20.0,19,10,0,0.0,0,0,0,0,0.0,0.0
343,1938,Manu Ginobili,1610612759,SAS,65,39,26,1299.0,1469,1817,163,16.0,21,320,404,199,0.111,0.135
344,202705,MarShon Brooks,1610612763,MEM,7,2,5,193.0,225,272,25,1.0,2,58,63,29,0.111,0.129
345,201188,Marc Gasol,1610612763,MEM,72,20,52,2371.0,4521,4350,303,10.0,30,556,740,335,0.067,0.074
346,101162,Marcin Gortat,1610612764,WAS,82,43,39,2074.0,2688,1712,151,1.0,12,261,354,159,0.056,0.059
347,201158,Marco Belinelli,1610612755,PHI,79,39,40,1921.0,2004,2345,147,7.0,29,316,360,183,0.073,0.091
348,1627875,Marcus Georges-Hunt,1610612750,MIN,42,24,18,224.0,103,132,7,0.0,0,16,18,7,0.068,0.068
349,202694,Marcus Morris,1610612738,BOS,52,32,20,1394.0,1605,1513,68,3.0,11,129,165,80,0.042,0.05
350,1627779,Marcus Paige,1610612766,CHA,5,4,1,28.0,44,56,3,0.0,1,7,8,4,0.068,0.091
351,203935,Marcus Smart,1610612738,BOS,51,35,16,1537.0,2202,2429,251,12.0,27,447,620,289,0.114,0.131
352,201596,Mario Chalmers,1610612763,MEM,65,20,45,1396.0,2608,2754,193,15.0,29,374,479,237,0.074,0.091
353,1626209,Mario Hezonja,1610612753,ORL,75,21,54,1657.0,1846,1568,106,6.0,11,199,250,122,0.057,0.066
354,203900,Markel Brown,1610612745,HOU,4,4,0,31.0,33,32,2,0.0,0,3,4,2,0.061,0.061
355,1628365,Markelle Fultz,1610612755,PHI,14,11,3,253.0,453,524,53,3.0,3,104,135,59,0.117,0.13
356,202693,Markieff Morris,1610612764,WAS,73,37,36,1968.0,1865,1879,142,7.0,16,240,344,164,0.076,0.088
357,1627737,Marquese Chriss,1610612756,PHX,72,19,53,1527.0,2104,1418,83,4.0,15,194,201,102,0.039,0.048
358,203104,Marquis Teague,1610612763,MEM,3,0,3,74.0,139,149,13,0.0,0,17,33,14,0.094,0.101
359,201578,Marreese Speights,1610612753,ORL,52,15,37,675.0,892,889,40,5.0,2,68,96,45,0.045,0.05
360,1627850,Marshall Plumlee,1610612749,MIL,8,5,3,52.0,44,35,2,0.0,0,6,5,2,0.045,0.045
361,101107,Marvin Williams,1610612766,CHA,78,33,45,2006.0,2801,1906,96,4.0,14,191,232,115,0.034,0.041
362,203486,Mason Plumlee,1610612743,DEN,74,40,34,1439.0,1725,1439,142,3.0,16,243,340,158,0.082,0.092
363,1627856,Matt Costello,1610612759,SAS,4,2,2,32.0,38,23,2,0.0,0,4,9,3,0.053,0.079
364,1628475,Matt Williams Jr.,1610612748,MIA,3,1,2,11.0,4,10,0,0.0,0,0,0,0,0.0,0.0
365,203521,Matthew Dellavedova,1610612749,MIL,37,21,16,691.0,1182,1250,143,9.0,17,261,345,168,0.121,0.142
366,203090,Maurice Harkless,1610612757,POR,59,36,23,1264.0,1058,878,53,3.0,5,123,126,58,0.05,0.055
367,1628467,Maxi Kleber,1610612742,DAL,72,20,52,1206.0,1054,898,51,3.0,5,86,136,59,0.048,0.056
368,203086,Meyers Leonard,1610612757,POR,33,17,16,254.0,355,272,17,0.0,2,35,48,20,0.048,0.056
369,201563,Michael Beasley,1610612752,NYK,73,23,50,1616.0,2000,1913,119,8.0,22,250,284,147,0.06,0.074
370,203487,Michael Carter-Williams,1610612766,CHA,52,23,29,835.0,1392,1525,116,7.0,17,258,297,140,0.083,0.101
371,203077,Michael Kidd-Gilchrist,1610612766,CHA,74,34,40,1850.0,1022,1231,71,4.0,8,148,189,84,0.069,0.082
372,201144,Mike Conley,1610612763,MEM,11,6,5,345.0,540,719,45,3.0,7,109,114,55,0.083,0.102
373,1628455,Mike James,1610612740,NOP,36,11,25,686.0,1200,1468,126,11.0,11,258,322,148,0.105,0.123
374,203488,Mike Muscala,1610612737,ATL,53,14,39,1060.0,1258,960,51,1.0,7,83,127,57,0.041,0.045
375,203118,Mike Scott,1610612764,WAS,76,39,37,1406.0,1607,1462,80,7.0,9,165,208,96,0.05,0.06
376,203101,Miles Plumlee,1610612737,ATL,55,19,36,918.0,1050,768,45,1.0,5,83,105,49,0.043,0.047
377,1628462,Milos Teodosic,1610612746,LAC,45,29,16,1134.0,2189,2162,209,17.0,17,396,503,243,0.095,0.111
378,1628495,Milton Doyle,1610612751,BKN,10,2,8,125.0,146,171,10,1.0,2,26,25,13,0.068,0.089
379,1627851,Mindaugas Kuzminskas,1610612752,NYK,1,0,1,2.0,0,2,0,,0,0,0,0,0.0,0.0
380,203141,Mirza Teletovic,1610612749,MIL,9,4,5,142.0,197,145,9,0.0,0,17,23,9,0.046,0.046
381,1628420,Monte Morris,1610612743,DEN,3,2,1,25.0,52,53,7,0.0,0,13,16,7,0.135,0.135
382,1626149,Montrezl Harrell,1610612746,LAC,76,39,37,1293.0,1337,1285,74,3.0,9,113,174,84,0.055,0.063
383,1627988,Myke Henry,1610612763,MEM,20,3,17,378.0,380,354,22,2.0,5,49,53,29,0.058,0.076
384,1626167,Myles Turner,1610612754,IND,65,39,26,1836.0,2322,1791,87,3.0,8,156,217,97,0.037,0.042
385,203489,Nate Wolters,1610612762,UTA,5,3,2,19.0,30,28,1,0.0,0,6,3,1,0.033,0.033
386,1628513,Naz Mitrou-Long,1610612762,UTA,1,0,1,1.0,1,2,0,0.0,0,0,0,0,0.0,0.0
387,202357,Nemanja Bjelica,1610612750,MIN,67,38,29,1371.0,1666,1112,86,4.0,12,162,208,103,0.052,0.062
388,2403,Nene,1610612745,HOU,51,42,9,743.0,878,682,44,2.0,9,95,121,55,0.05,0.063
389,203457,Nerlens Noel,1610612742,DAL,30,6,24,472.0,450,304,20,1.0,0,37,53,23,0.044,0.051
390,2555,Nick Collison,1610612760,OKC,13,9,4,58.0,100,77,3,0.0,0,7,6,3,0.03,0.03
391,201156,Nick Young,1610612744,GSW,79,55,24,1382.0,953,1255,35,1.0,8,74,84,43,0.037,0.045
392,201587,Nicolas Batum,1610612766,CHA,64,27,37,1981.0,2497,2502,349,22.0,32,652,833,398,0.14,0.159
393,1627852,Nicolas Brussino,1610612737,ATL,4,0,4,10.0,6,5,0,0.0,0,2,0,0,0.0,0.0
394,1628502,Nigel Hayes,1610612758,SAC,9,6,3,122.0,152,107,6,0.0,0,11,17,6,0.039,0.039
395,203917,Nik Stauskas,1610612751,BKN,41,14,27,523.0,563,600,39,1.0,5,86,100,45,0.069,0.08
396,203999,Nikola Jokic,1610612743,DEN,75,43,32,2443.0,4975,3908,458,17.0,40,703,1078,505,0.092,0.102
397,202703,Nikola Mirotic,1610612740,NOP,55,34,21,1494.0,2227,1581,80,3.0,6,148,191,89,0.036,0.04
398,202696,Nikola Vucevic,1610612753,ORL,57,17,40,1683.0,2691,2424,191,8.0,12,331,464,207,0.071,0.077
399,203943,Noah Vonleh,1610612741,CHI,54,24,30,876.0,1313,694,34,2.0,5,83,90,42,0.026,0.032
400,1626181,Norman Powell,1610612761,TOR,70,51,19,1062.0,956,1179,89,3.0,14,185,223,105,0.093,0.11
401,1628384,OG Anunoby,1610612761,TOR,74,51,23,1481.0,892,912,55,0.0,12,92,137,67,0.062,0.075
402,1627855,Okaro White,1610612739,CLE,6,2,4,80.0,100,52,2,0.0,1,7,5,3,0.02,0.03
403,204179,Omari Johnson,1610612763,MEM,4,1,3,75.0,86,67,7,0.0,0,9,18,7,0.081,0.081
404,201600,Omer Asik,1610612741,CHI,18,7,11,182.0,198,102,3,0.0,0,6,4,2,0.015,0.01
405,201956,Omri Casspi,1610612744,GSW,53,40,13,742.0,985,770,51,4.0,6,101,122,60,0.052,0.061
406,203490,Otto Porter Jr.,1610612764,WAS,77,42,35,2432.0,2603,2274,157,6.0,28,305,381,191,0.06,0.073
407,1628408,PJ Dozier,1610612760,OKC,2,1,1,3.0,2,3,0,0.0,0,0,0,0,0.0,0.0
408,200782,PJ Tucker,1610612745,HOU,81,65,16,2253.0,2024,1238,74,5.0,14,190,191,92,0.037,0.045
409,1627783,Pascal Siakam,1610612761,TOR,81,59,22,1679.0,2406,1781,159,3.0,16,253,384,175,0.066,0.073
410,1626192,Pat Connaughton,1610612757,POR,82,49,33,1488.0,1275,1348,91,5.0,11,172,234,107,0.071,0.084
411,201976,Patrick Beverley,1610612746,LAC,11,5,6,334.0,528,573,32,4.0,11,78,77,46,0.061,0.087
412,1627775,Patrick McCaw,1610612744,GSW,57,41,16,961.0,1173,1206,81,2.0,14,148,201,99,0.069,0.084
413,202335,Patrick Patterson,1610612760,OKC,79,48,31,1212.0,1331,914,55,3.0,2,124,145,58,0.041,0.044
414,201988,Patty Mills,1610612759,SAS,82,47,35,2107.0,2930,3452,229,6.0,57,451,538,288,0.078,0.098
415,2200,Pau Gasol,1610612759,SAS,77,45,32,1812.0,3182,2465,238,10.0,15,385,554,264,0.075,0.083
416,202331,Paul George,1610612760,OKC,77,47,30,2818.0,2513,3166,255,21.0,33,498,645,309,0.101,0.123
417,200794,Paul Millsap,1610612743,DEN,38,22,16,1143.0,1234,1251,105,3.0,9,168,266,115,0.085,0.093
418,1627835,Paul Zipser,1610612741,CHI,54,17,37,824.0,1239,881,46,1.0,11,105,114,58,0.037,0.047
419,203112,Quincy Acy,1610612751,BKN,68,25,43,1323.0,1755,1364,57,2.0,11,135,152,71,0.032,0.04
420,202347,Quincy Pondexter,1610612741,CHI,23,6,17,196.0,214,179,9,1.0,2,18,25,12,0.042,0.056
421,1626188,Quinn Cook,1610612744,GSW,33,21,12,741.0,1283,1380,89,5.0,21,157,214,114,0.069,0.089
422,1626154,RJ Hunter,1610612745,HOU,5,3,2,45.0,37,48,3,0.0,1,8,7,4,0.081,0.108
423,200765,Rajon Rondo,1610612740,NOP,64,40,24,1674.0,3598,3568,525,18.0,37,868,1218,570,0.146,0.158
424,201196,Ramon Sessions,1610612764,WAS,28,10,18,392.0,694,817,77,4.0,10,139,173,85,0.111,0.122
425,1626173,Rashad Vaughn,1610612753,ORL,28,13,15,212.0,145,175,13,0.0,1,18,30,14,0.09,0.097
426,203526,Raul Neto,1610612762,UTA,41,28,13,498.0,883,953,75,7.0,8,149,194,88,0.085,0.1
427,101109,Raymond Felton,1610612760,OKC,79,48,31,1312.0,2061,2436,197,11.0,21,394,500,229,0.096,0.111
428,203493,Reggie Bullock,1610612765,DET,62,32,30,1732.0,1219,1470,95,1.0,15,155,234,111,0.078,0.091
429,203687,Reggie Hearn,1610612765,DET,3,3,0,7.0,1,2,0,0.0,0,0,0,0,0.0,0.0
430,202704,Reggie Jackson,1610612765,DET,45,27,18,1201.0,2216,2781,238,6.0,23,474,589,266,0.107,0.12
431,2210,Richard Jefferson,1610612743,DEN,20,10,10,163.0,136,117,15,2.0,0,30,43,17,0.11,0.125
432,1626158,Richaun Holmes,1610612755,PHI,47,30,17,729.0,986,835,61,3.0,3,104,150,68,0.062,0.069
433,201937,Ricky Rubio,1610612762,UTA,77,44,33,2254.0,4573,4885,410,19.0,53,810,1003,474,0.09,0.104
434,203496,Robert Covington,1610612755,PHI,79,51,28,2501.0,2634,2305,155,6.0,27,259,378,188,0.059,0.071
435,201577,Robin Lopez,1610612741,CHI,64,23,41,1690.0,1420,1753,124,5.0,12,232,323,146,0.087,0.103
436,203918,Rodney Hood,1610612739,CLE,60,29,31,1616.0,1333,1822,95,5.0,23,176,248,123,0.071,0.092
437,203585,Rodney McGruder,1610612748,MIA,18,11,7,299.0,259,248,17,0.0,4,45,43,21,0.066,0.081
438,1628681,Rodney Purvis,1610612753,ORL,16,5,11,290.0,218,282,17,0.0,4,35,42,22,0.078,0.101
439,1627758,Ron Baker,1610612752,NYK,28,11,17,367.0,426,424,45,0.0,4,79,101,49,0.106,0.115
440,1626178,Rondae Hollis-Jefferson,1610612751,BKN,66,25,41,1851.0,2911,2369,164,3.0,16,338,435,181,0.056,0.062
441,1626220,Royce O'Neale,1610612762,UTA,69,43,26,1150.0,1098,1091,95,5.0,12,194,241,111,0.087,0.101
442,200752,Rudy Gay,1610612759,SAS,57,36,21,1231.0,1557,1266,73,4.0,10,164,183,87,0.047,0.056
443,203497,Rudy Gobert,1610612762,UTA,56,37,19,1816.0,2612,1779,80,1.0,10,161,191,90,0.031,0.034
444,201566,Russell Westbrook,1610612760,OKC,77,47,30,2804.0,4772,5943,795,49.0,78,1560,1969,917,0.167,0.192
445,201583,Ryan Anderson,1610612745,HOU,65,52,13,1694.0,1422,1190,58,3.0,5,122,154,66,0.041,0.046
446,1627853,Ryan Arcidiacono,1610612741,CHI,24,6,18,304.0,516,495,35,3.0,5,90,100,45,0.068,0.087
447,1626257,Salah Mejri,1610612742,DAL,61,21,40,729.0,833,486,35,0.0,2,63,87,36,0.042,0.043
448,1626155,Sam Dekker,1610612746,LAC,73,36,37,883.0,999,733,38,3.0,7,76,89,48,0.038,0.048
449,203816,Scotty Hopson,1610612742,DAL,1,0,1,8.0,4,5,1,0.0,0,1,3,1,0.25,0.25
450,203930,Sean Kilpatrick,1610612741,CHI,52,22,30,640.0,541,767,46,4.0,4,80,116,51,0.085,0.094
451,1628400,Semi Ojeleye,1610612738,BOS,70,47,23,1132.0,1171,710,19,0.0,11,57,44,30,0.016,0.026
452,201586,Serge Ibaka,1610612761,TOR,76,53,23,2093.0,2252,1947,62,1.0,12,152,153,74,0.028,0.033
453,203498,Shabazz Muhammad,1610612749,MIL,43,25,18,418.0,221,307,14,0.0,2,19,35,16,0.063,0.072
454,203894,Shabazz Napier,1610612757,POR,74,46,28,1536.0,1899,2198,150,9.0,14,333,383,173,0.079,0.091
455,203499,Shane Larkin,1610612738,BOS,51,36,15,743.0,1081,1180,95,4.0,16,177,231,113,0.088,0.105
456,1627885,Shaquille Harrison,1610612756,PHX,23,3,20,384.0,578,613,55,3.0,5,105,141,62,0.095,0.107
457,2733,Shaun Livingston,1610612744,GSW,70,48,22,1115.0,1822,1855,139,7.0,28,250,329,172,0.076,0.094
458,202714,Shelvin Mack,1610612753,ORL,69,21,48,1365.0,2353,2579,272,18.0,32,541,674,319,0.116,0.136
459,1628414,Sindarius Thornwell,1610612746,LAC,73,36,37,1156.0,937,927,68,7.0,7,133,158,80,0.073,0.085
460,1627746,Skal Labissiere,1610612758,SAC,60,19,41,1240.0,1414,1172,72,0.0,6,133,174,76,0.051,0.054
461,203524,Solomon Hill,1610612740,NOP,12,8,4,187.0,186,140,22,0.0,1,31,52,22,0.118,0.118
462,203915,Spencer Dinwiddie,1610612751,BKN,78,27,51,2255.0,4303,5043,508,21.0,39,974,1299,571,0.118,0.133
463,1626169,Stanley Johnson,1610612765,DET,69,33,36,1894.0,1203,1395,112,10.0,12,246,286,131,0.093,0.109
464,201939,Stephen Curry,1610612744,GSW,50,40,10,1596.0,2603,3113,302,15.0,67,524,710,380,0.116,0.146
465,1628425,Sterling Brown,1610612749,MIL,54,26,28,776.0,610,546,25,1.0,8,69,69,35,0.041,0.057
466,203500,Steven Adams,1610612760,OKC,74,43,31,2431.0,1997,1625,87,4.0,14,210,223,107,0.044,0.054
467,204456,T.J. McConnell,1610612755,PHI,75,50,25,1680.0,3336,3416,298,19.0,44,611,742,359,0.089,0.108
468,203933,T.J. Warren,1610612756,PHX,65,18,47,2142.0,1592,2192,85,5.0,16,199,222,107,0.053,0.067
469,1628388,TJ Leaf,1610612754,IND,53,31,22,459.0,460,326,9,0.0,1,28,25,11,0.02,0.024
470,201959,Taj Gibson,1610612750,MIN,82,47,35,2726.0,3104,2176,99,7.0,12,206,245,116,0.032,0.037
471,204028,Tarik Black,1610612745,HOU,51,40,11,537.0,746,437,13,1.0,1,50,32,15,0.017,0.02
472,1627752,Taurean Prince,1610612737,ATL,81,24,57,2431.0,2530,2971,211,9.0,21,387,517,242,0.083,0.096
473,1628390,Terrance Ferguson,1610612760,OKC,59,37,22,742.0,293,372,19,2.0,4,48,52,26,0.065,0.089
474,203082,Terrence Ross,1610612753,ORL,24,10,14,600.0,473,508,38,1.0,6,73,86,43,0.08,0.091
475,1626179,Terry Rozier,1610612738,BOS,77,51,26,2001.0,3415,3642,228,8.0,44,463,571,280,0.067,0.082
476,200757,Thabo Sefolosha,1610612762,UTA,38,16,22,806.0,969,803,33,5.0,10,87,92,50,0.034,0.052
477,201152,Thaddeus Young,1610612754,IND,81,48,33,2607.0,2840,2154,152,6.0,15,279,377,172,0.054,0.061
478,1628418,Thomas Bryant,1610612747,LAL,15,7,8,72.0,79,55,6,0.0,1,8,15,7,0.076,0.089
479,1627748,Thon Maker,1610612749,MIL,73,40,33,1224.0,1216,873,44,3.0,11,67,102,57,0.036,0.047
480,204025,Tim Frazier,1610612764,WAS,59,31,28,838.0,1622,1615,194,8.0,11,369,476,214,0.12,0.132
481,203501,Tim Hardaway Jr.,1610612752,NYK,57,19,38,1885.0,1958,2245,155,5.0,16,306,374,175,0.079,0.089
482,1627817,Tim Quarterman,1610612745,HOU,3,2,1,13.0,19,22,1,0.0,0,1,2,1,0.053,0.053
483,202389,Timofey Mozgov,1610612751,BKN,29,11,18,346.0,394,324,11,0.0,4,24,28,15,0.028,0.038
484,1627789,Timothe Luwawu-Cabarrot,1610612755,PHI,51,29,22,795.0,683,825,54,3.0,7,94,125,63,0.079,0.092
485,202699,Tobias Harris,1610612746,LAC,80,39,41,2668.0,4100,3282,192,8.0,31,353,486,231,0.047,0.056
486,203107,Tomas Satoransky,1610612764,WAS,73,39,34,1643.0,2899,2978,286,6.0,26,547,664,312,0.099,0.108
487,2754,Tony Allen,1610612740,NOP,20,11,9,247.0,162,154,8,0.0,2,13,18,10,0.049,0.062
488,1628396,Tony Bradley,1610612762,UTA,9,6,3,29.0,27,20,1,0.0,0,1,2,1,0.037,0.037
489,2225,Tony Parker,1610612759,SAS,55,32,23,1071.0,1968,2266,195,7.0,38,359,485,242,0.099,0.123
490,203503,Tony Snell,1610612749,MIL,74,42,32,2028.0,1403,1336,97,5.0,19,153,233,117,0.069,0.083
491,1628470,Torrey Craig,1610612743,DEN,39,22,17,629.0,461,355,25,0.0,5,39,63,30,0.054,0.065
492,204037,Travis Wear,1610612747,LAL,17,7,10,228.0,247,180,7,1.0,3,18,22,11,0.028,0.045
493,1626203,Treveon Graham,1610612766,CHA,63,28,35,1050.0,923,738,59,2.0,7,106,145,68,0.064,0.074
494,2772,Trevor Ariza,1610612745,HOU,66,51,15,2229.0,1702,1561,101,7.0,17,208,273,125,0.059,0.073
495,202344,Trevor Booker,1610612754,IND,67,36,31,1148.0,1799,1232,82,2.0,5,166,226,93,0.046,0.052
496,203504,Trey Burke,1610612752,NYK,36,10,26,785.0,1486,1853,170,4.0,20,304,405,192,0.114,0.129
497,1626168,Trey Lyles,1610612743,DEN,73,41,32,1391.0,1850,1501,91,6.0,13,169,232,109,0.049,0.059
498,203590,Trey McKinney-Jones,1610612754,IND,1,1,0,1.0,1,0,0,0.0,0,0,0,0,0.0,0.0
499,202684,Tristan Thompson,1610612739,CLE,53,27,26,1072.0,1146,611,33,1.0,5,73,86,41,0.029,0.036
500,203584,Troy Daniels,1610612756,PHX,79,20,59,1622.0,1247,1505,48,9.0,14,130,134,73,0.038,0.059
501,1627786,Troy Williams,1610612752,NYK,21,7,14,307.0,266,243,16,0.0,3,26,37,19,0.06,0.071
502,1628463,Tyler Cavanaugh,1610612737,ATL,38,11,27,504.0,664,471,26,2.0,2,60,71,30,0.039,0.045
503,1628416,Tyler Dorsey,1610612737,ATL,56,15,41,974.0,992,1132,79,2.0,12,164,195,93,0.08,0.094
504,203898,Tyler Ennis,1610612747,LAL,54,22,32,683.0,1193,1234,105,4.0,19,204,246,123,0.088,0.103
505,204020,Tyler Johnson,1610612748,MIA,71,38,33,2025.0,2040,2376,164,3.0,33,348,416,200,0.08,0.098
506,1628399,Tyler Lydon,1610612743,DEN,1,1,0,2.0,4,3,0,0.0,0,1,0,0,0.0,0.0
507,1627755,Tyler Ulis,1610612756,PHX,71,20,51,1658.0,2993,3455,311,28.0,28,622,777,364,0.104,0.122
508,203092,Tyler Zeller,1610612749,MIL,64,26,38,1066.0,986,883,47,0.0,2,75,123,50,0.048,0.051
509,201936,Tyreke Evans,1610612763,MEM,51,18,33,1584.0,2608,3134,267,17.0,46,541,660,328,0.102,0.126
510,1627820,Tyrone Wallace,1610612746,LAC,30,17,13,851.0,955,1034,71,5.0,15,119,174,92,0.074,0.096
511,2199,Tyson Chandler,1610612756,PHX,46,15,31,1151.0,1255,739,53,2.0,8,124,123,64,0.042,0.051
512,1626145,Tyus Jones,1610612750,MIN,82,47,35,1467.0,2611,2624,232,23.0,24,414,579,275,0.089,0.105
513,2617,Udonis Haslem,1610612748,MIA,14,9,5,72.0,50,52,5,0.0,0,10,12,5,0.1,0.1
514,203505,Vander Blue,1610612747,LAL,5,1,4,45.0,19,21,3,0.0,0,5,8,3,0.158,0.158
515,203506,Victor Oladipo,1610612754,IND,75,48,27,2552.0,2914,3842,323,27.0,32,661,796,377,0.111,0.129
516,1713,Vince Carter,1610612758,SAC,58,20,38,1026.0,1278,1025,69,3.0,8,129,162,78,0.054,0.061
517,1626205,Vincent Hunter,1610612763,MEM,4,0,4,7.0,5,6,0,0.0,0,1,0,0,0.0,0.0
518,1627735,Wade Baldwin IV,1610612757,POR,7,4,3,80.0,92,98,5,0.0,1,7,11,6,0.054,0.065
519,1627215,Walter Lemon Jr.,1610612740,NOP,5,4,1,35.0,47,57,5,1.0,2,6,5,5,0.106,0.106
520,201961,Wayne Ellington,1610612748,MIA,76,41,35,2018.0,1445,1747,79,11.0,14,186,206,103,0.055,0.071
521,1627782,Wayne Selden,1610612763,MEM,35,10,25,691.0,637,873,66,2.0,11,122,143,77,0.104,0.121
522,1628411,Wes Iwundu,1610612753,ORL,62,18,44,1020.0,846,677,57,1.0,13,110,138,70,0.067,0.083
523,202325,Wesley Johnson,1610612746,LAC,74,38,36,1486.0,1063,1004,61,4.0,9,96,146,72,0.057,0.068
524,202083,Wesley Matthews,1610612742,DAL,63,20,43,2131.0,2037,2301,172,8.0,24,334,437,202,0.084,0.099
525,203115,Will Barton,1610612743,DEN,81,46,35,2683.0,3335,3677,331,17.0,34,626,796,375,0.099,0.112
526,1626161,Willie Cauley-Stein,1610612758,SAC,73,23,50,2044.0,2906,2347,172,6.0,14,290,404,192,0.059,0.066
527,203186,Willie Reed,1610612765,DET,42,20,22,428.0,357,285,10,0.0,1,24,23,11,0.028,0.031
528,1626195,Willy Hernangomez,1610612766,CHA,48,20,28,494.0,641,431,33,1.0,3,58,80,36,0.051,0.056
529,201163,Wilson Chandler,1610612743,DEN,74,41,33,2346.0,1997,1769,159,6.0,21,305,413,184,0.08,0.092
530,204098,Xavier Munford,1610612749,MIL,6,2,4,21.0,34,37,4,0.0,0,4,9,4,0.118,0.118
531,1628504,Xavier Rathan-Mayes,1610612763,MEM,5,0,5,118.0,208,262,18,1.0,1,35,44,20,0.087,0.096
532,202918,Xavier Silas,1610612738,BOS,2,1,1,8.0,6,5,0,0.0,0,3,0,0,0.0,0.0
533,1627812,Yogi Ferrell,1610612742,DAL,82,24,58,2282.0,2797,2953,201,6.0,43,408,506,250,0.072,0.089
534,1628380,Zach Collins,1610612757,POR,66,41,25,1045.0,867,794,52,1.0,4,91,121,54,0.06,0.062
535,203897,Zach LaVine,1610612741,CHI,24,9,15,656.0,634,909,72,5.0,7,151,174,84,0.114,0.132
536,2216,Zach Randolph,1610612758,SAC,59,18,41,1508.0,2054,2053,127,2.0,14,263,296,144,0.062,0.07
537,2585,Zaza Pachulia,1610612744,GSW,68,46,22,951.0,1385,1043,109,5.0,26,181,276,141,0.079,0.102
538,1627753,Zhou Qi,1610612745,HOU,18,14,4,124.0,101,75,2,1.0,0,10,6,3,0.02,0.03
