,PLAYER_ID,PLAYER_NAME,TEAM_ID,TEAM_ABBREVIATION,GP,W,L,MIN,POINTS,TOUCHES,FRONT_CT_TOUCHES,TIME_OF_POSS,AVG_SEC_PER_TOUCH,AVG_DRIB_PER_TOUCH,PTS_PER_TOUCH,ELBOW_TOUCHES,POST_TOUCHES,PAINT_TOUCHES,PTS_PER_ELBOW_TOUCH,PTS_PER_POST_TOUCH,PTS_PER_PAINT_TOUCH
0,201166,Aaron Brooks,1610612750,MIN,32,19,13,189.0,75,404,130,35.4,5.25,5.14,0.186,0,0,3,0.0,0.0,0.0
1,203932,Aaron Gordon,1610612753,ORL,58,19,39,1909.0,1022,3476,1843,141.2,2.44,1.65,0.294,104,131,229,0.673,0.458,0.974
2,1626151,Aaron Harrison,1610612742,DAL,9,2,7,233.0,60,263,159,10.3,2.35,1.63,0.228,9,0,3,0.0,0.0,1.333
3,1627846,Abdel Nader,1610612738,BOS,47,32,15,520.0,146,626,467,24.2,2.32,1.46,0.233,4,3,22,0.0,1.0,0.455
4,203940,Adreian Payne,1610612753,ORL,5,0,5,43.0,21,62,34,1.8,1.77,0.68,0.339,5,3,5,0.2,0.667,1.0
5,201143,Al Horford,1610612738,BOS,69,44,25,2175.0,880,4381,2761,160.7,2.2,1.06,0.201,215,359,261,0.409,0.476,0.693
6,2744,Al Jefferson,1610612754,IND,36,17,19,484.0,252,961,571,28.2,1.76,0.42,0.262,85,136,73,0.424,0.765,0.877
7,202329,Al-Farouq Aminu,1610612757,POR,69,40,29,2072.0,644,2486,1327,81.6,1.97,1.0,0.259,64,13,148,0.234,0.154,0.635
8,1626210,Alan Williams,1610612756,PHX,5,1,4,70.0,20,117,78,3.2,1.66,0.54,0.171,25,11,14,0.16,0.0,0.643
9,202692,Alec Burks,1610612762,UTA,64,37,27,1059.0,494,1660,1096,83.0,3.0,2.5,0.298,23,0,33,0.87,0.0,1.182
10,1628409,Alec Peters,1610612756,PHX,20,2,18,225.0,82,329,205,7.5,1.38,0.34,0.249,12,3,21,0.333,0.667,0.81
11,203518,Alex Abrines,1610612760,OKC,72,42,30,1084.0,341,1072,678,34.5,1.93,1.15,0.318,12,0,26,0.667,0.0,0.692
12,1627936,Alex Caruso,1610612747,LAL,37,16,21,562.0,134,1093,389,77.7,4.26,3.7,0.123,12,1,24,0.333,0.0,0.917
13,203458,Alex Len,1610612756,PHX,69,20,49,1395.0,587,2218,1309,54.4,1.47,0.35,0.265,276,127,433,0.373,0.402,0.873
14,1627816,Alex Poythress,1610612754,IND,25,10,15,104.0,26,128,72,3.3,1.56,0.63,0.203,3,1,17,0.667,0.0,0.588
15,1628035,Alfonzo McKinnie,1610612761,TOR,14,13,1,53.0,21,64,41,2.0,1.84,0.95,0.328,0,0,1,0.0,0.0,2.0
16,203459,Allen Crabbe,1610612751,BKN,73,24,49,2133.0,963,3155,2355,88.1,1.67,0.79,0.305,34,0,51,0.794,0.0,0.588
17,101161,Amir Johnson,1610612755,PHI,74,47,27,1170.0,342,1993,1389,45.9,1.38,0.46,0.172,297,39,326,0.158,0.231,0.666
18,203083,Andre Drummond,1610612765,DET,78,37,41,2625.0,1171,4079,3048,140.5,2.07,0.82,0.287,421,267,915,0.278,0.479,0.942
19,2738,Andre Iguodala,1610612744,GSW,63,45,18,1599.0,377,2796,1481,141.9,3.05,2.01,0.135,73,63,115,0.288,0.27,0.713
20,201281,Andre Ingram,1610612747,LAL,2,1,1,64.0,24,68,50,1.8,1.57,1.13,0.353,0,1,1,0.0,0.0,0.0
21,203460,Andre Roberson,1610612760,OKC,36,24,12,955.0,179,886,517,18.9,1.28,0.41,0.202,33,1,141,0.515,0.0,0.66
22,101106,Andrew Bogut,1610612747,LAL,24,7,17,216.0,36,362,197,10.2,1.69,0.53,0.099,32,7,48,0.188,0.0,0.75
23,1626150,Andrew Harrison,1610612763,MEM,55,16,39,1306.0,529,3008,1384,239.4,4.78,4.37,0.176,27,1,21,0.556,1.0,0.143
24,1628510,Andrew White III,1610612737,ATL,15,1,14,209.0,69,230,169,6.9,1.81,1.02,0.3,5,0,6,0.4,0.0,0.667
25,203952,Andrew Wiggins,1610612750,MIN,82,47,35,2979.0,1452,3489,2597,168.8,2.9,1.95,0.416,44,206,188,0.636,0.665,1.122
26,1627790,Ante Zizic,1610612739,CLE,32,21,11,214.0,119,279,153,7.9,1.7,0.48,0.427,31,28,73,0.419,0.571,1.123
27,1626148,Anthony Brown,1610612750,MIN,1,0,1,4.0,3,5,2,0.2,2.32,1.8,0.6,0,0,0,0.0,0.0,0.0
28,203076,Anthony Davis,1610612740,NOP,73,44,29,2643.0,2039,5187,3174,167.0,1.93,0.85,0.393,322,462,726,0.689,0.63,1.163
29,201229,Anthony Tolliver,1610612765,DET,79,37,42,1757.0,703,3640,1608,81.2,1.34,0.28,0.193,56,6,79,0.107,0.667,0.772
30,1628469,Antonio Blakeney,1610612741,CHI,19,3,16,314.0,151,350,282,15.9,2.73,2.2,0.431,4,0,7,0.0,0.0,1.143
31,1628499,Antonius Cleveland,1610612737,ATL,17,7,10,123.0,23,100,73,3.2,1.91,1.19,0.23,2,0,8,0.0,0.0,0.5
32,203382,Aron Baynes,1610612738,BOS,78,51,27,1433.0,462,2201,1490,56.7,1.54,0.38,0.21,234,109,358,0.333,0.541,0.704
33,201167,Arron Afflalo,1610612753,ORL,53,16,37,682.0,179,746,580,25.3,2.03,1.01,0.24,15,58,10,0.667,0.345,0.4
34,203085,Austin Rivers,1610612746,LAC,61,30,31,2057.0,920,4204,2013,316.9,4.52,4.03,0.219,37,0,60,0.649,0.0,0.65
35,202340,Avery Bradley,1610612746,LAC,46,22,24,1433.0,656,1855,1601,64.4,2.08,1.33,0.354,53,2,66,0.434,2.0,0.848
36,1628389,Bam Adebayo,1610612748,MIA,68,33,35,1348.0,475,1856,1366,66.7,2.16,0.77,0.256,338,182,324,0.127,0.187,0.892
37,203463,Ben McLemore,1610612763,MEM,56,7,49,1091.0,422,1562,1063,49.6,1.91,1.13,0.27,50,1,80,0.48,0.0,0.775
38,1628500,Ben Moore,1610612754,IND,2,1,1,9.0,0,8,3,0.1,1.12,0.37,0.0,0,0,1,0.0,0.0,0.0
39,1627732,Ben Simmons,1610612755,PHI,80,51,29,2703.0,1263,7600,2716,563.7,4.45,3.54,0.166,106,254,368,0.613,0.197,0.764
40,202687,Bismack Biyombo,1610612753,ORL,82,25,57,1495.0,468,2481,1239,62.7,1.52,0.28,0.189,237,38,436,0.295,0.579,0.727
41,201933,Blake Griffin,1610612765,DET,58,28,30,1970.0,1242,5005,2956,234.7,2.81,1.95,0.248,224,374,183,0.384,0.436,0.76
42,1626246,Boban Marjanovic,1610612746,LAC,39,18,21,338.0,235,519,343,14.2,1.65,0.36,0.453,41,126,174,0.244,0.635,0.943
43,201628,Bobby Brown,1610612745,HOU,20,17,3,115.0,50,239,129,17.6,4.41,3.91,0.209,1,0,0,0.0,0.0,0.0
44,1626171,Bobby Portis,1610612741,CHI,73,25,48,1642.0,964,3138,1996,91.9,1.76,0.85,0.307,162,191,316,0.364,0.613,0.889
45,203992,Bogdan Bogdanovic,1610612758,SAC,78,26,52,2175.0,917,3803,2604,198.3,3.13,2.31,0.241,55,24,78,0.509,0.583,0.654
46,202711,Bojan Bogdanovic,1610612754,IND,80,47,33,2464.0,1141,2891,2343,100.7,2.09,1.18,0.395,69,26,75,0.87,0.462,1.133
47,203078,Bradley Beal,1610612764,WAS,82,43,39,2977.0,1857,5754,3527,378.0,3.94,3.27,0.323,64,31,111,0.563,0.484,0.766
48,201148,Brandan Wright,1610612745,HOU,27,10,17,370.0,137,535,307,14.4,1.61,0.6,0.256,51,14,104,0.255,0.571,0.942
49,1627742,Brandon Ingram,1610612747,LAL,59,27,32,1975.0,949,3345,2029,219.5,3.94,2.94,0.284,57,53,135,0.579,0.415,0.874
50,201943,Brandon Jennings,1610612749,MIL,14,8,6,205.0,73,514,166,40.2,4.69,4.6,0.142,1,2,2,0.0,0.0,0.0
51,203464,Brandon Paul,1610612759,SAS,64,38,26,576.0,147,721,514,23.8,1.98,1.1,0.204,12,0,22,0.833,0.0,1.091
52,1627362,Briante Weber,1610612763,MEM,18,8,10,237.0,50,490,162,33.9,4.15,3.77,0.102,4,2,9,0.0,0.0,0.222
53,1627744,Brice Johnson,1610612763,MEM,18,2,16,98.0,43,178,86,4.3,1.44,0.42,0.242,13,6,16,0.615,1.0,0.938
54,201572,Brook Lopez,1610612747,LAL,74,34,40,1735.0,961,2756,1928,80.1,1.74,0.54,0.349,219,406,229,0.416,0.495,0.948
55,203998,Bruno Caboclo,1610612758,SAC,12,4,8,106.0,26,162,77,3.4,1.27,0.27,0.16,3,8,10,0.667,0.75,0.8
56,1627854,Bryn Forbes,1610612759,SAS,80,46,34,1517.0,555,1721,1313,66.8,2.33,1.74,0.322,24,0,13,0.333,0.0,0.692
57,1627741,Buddy Hield,1610612758,SAC,80,27,53,2024.0,1079,3084,2173,140.6,2.74,2.09,0.35,41,2,64,0.561,1.0,0.828
58,203710,C.J. Williams,1610612746,LAC,38,17,21,707.0,209,783,559,26.5,2.03,1.21,0.267,5,1,25,0.8,0.0,1.04
59,203468,CJ McCollum,1610612757,POR,81,48,33,2924.0,1732,4778,2521,360.4,4.53,4.14,0.362,41,1,61,0.537,0.0,0.738
60,101139,CJ Miles,1610612761,TOR,70,50,20,1337.0,699,1593,1197,43.2,1.63,0.83,0.439,14,1,14,0.429,0.0,0.929
61,1628403,Caleb Swanigan,1610612757,POR,27,16,11,189.0,61,250,169,8.3,2.0,0.6,0.244,26,27,51,0.269,0.222,0.784
62,1626166,Cameron Payne,1610612741,CHI,25,7,18,582.0,221,1439,529,95.5,3.98,3.32,0.154,5,0,18,0.4,0.0,0.667
63,1627747,Caris LeVert,1610612751,BKN,69,24,45,1802.0,825,3511,1948,234.4,4.0,3.53,0.235,26,2,85,0.423,0.0,0.6
64,2546,Carmelo Anthony,1610612760,OKC,75,46,29,2397.0,1219,4004,2122,137.9,2.07,0.97,0.304,99,263,100,0.455,0.654,0.99
65,1626224,Cedi Osman,1610612739,CLE,61,35,26,672.0,238,896,471,33.7,2.25,1.46,0.266,4,0,33,0.5,0.0,0.727
66,202718,Chandler Parsons,1610612763,MEM,35,11,24,676.0,279,1074,788,46.1,2.57,1.52,0.26,13,11,18,0.462,0.182,0.889
67,101112,Channing Frye,1610612747,LAL,53,28,25,695.0,264,1171,595,29.7,1.52,0.45,0.225,33,37,48,0.424,0.676,1.063
68,1628429,Charles Cooke,1610612740,NOP,13,8,5,38.0,6,43,28,1.9,2.61,1.7,0.14,0,0,0,0.0,0.0,0.0
69,1627767,Cheick Diallo,1610612740,NOP,52,29,23,581.0,254,898,375,21.2,1.42,0.31,0.283,48,22,131,0.833,0.727,0.992
70,1627778,Chinanu Onuaku,1610612745,HOU,1,0,1,22.0,4,26,18,0.7,1.66,0.38,0.154,3,3,4,0.0,0.667,0.0
71,1628449,Chris Boucher,1610612744,GSW,1,1,0,1.0,0,4,3,0.1,1.63,0.0,0.0,0,0,0,0.0,0.0,0.0
72,1626191,Chris McCullough,1610612764,WAS,19,11,8,90.0,46,180,86,4.5,1.49,0.58,0.256,9,1,19,0.222,0.0,0.737
73,101108,Chris Paul,1610612745,HOU,58,50,8,1847.0,1081,4140,1407,394.6,5.72,5.1,0.261,24,76,38,0.625,0.487,0.421
74,203991,Clint Capela,1610612745,HOU,73,62,11,2009.0,1012,3768,1852,93.2,1.48,0.35,0.269,376,55,781,0.519,0.636,0.914
75,203469,Cody Zeller,1610612766,CHA,33,14,19,627.0,233,655,482,16.4,1.51,0.63,0.356,101,5,149,0.406,0.4,0.799
76,202332,Cole Aldrich,1610612750,MIN,21,14,7,49.0,12,80,43,2.0,1.47,0.28,0.15,9,3,16,0.333,0.667,0.563
77,201147,Corey Brewer,1610612760,OKC,72,32,40,1209.0,380,1168,735,38.5,1.98,1.26,0.325,27,1,76,0.519,0.0,0.671
78,202709,Cory Joseph,1610612754,IND,82,48,34,2210.0,649,4235,1803,308.7,4.37,4.52,0.153,39,4,38,0.59,0.5,0.553
79,201584,Courtney Lee,1610612752,NYK,75,26,49,2278.0,893,2886,2200,133.9,2.78,1.91,0.309,66,1,70,0.515,2.0,0.8
80,1626245,Cristiano Felicio,1610612741,CHI,55,13,42,977.0,308,1156,874,36.1,1.87,0.6,0.266,159,74,227,0.34,0.338,0.749
81,1626156,D'Angelo Russell,1610612751,BKN,48,16,32,1234.0,743,3193,1431,249.5,4.69,4.05,0.233,19,12,40,0.474,0.0,0.825
82,201571,D.J. Augustin,1610612753,ORL,75,23,52,1760.0,766,3929,1621,327.0,4.99,5.12,0.195,26,2,35,0.731,0.0,0.371
83,1628391,D.J. Wilson,1610612749,MIL,22,12,10,71.0,21,109,60,2.8,1.55,0.42,0.193,10,0,5,0.2,0.0,0.8
84,1626177,Dakari Johnson,1610612760,OKC,29,21,8,144.0,54,176,121,5.6,1.89,0.59,0.307,13,15,26,0.308,0.867,0.577
85,1627745,Damian Jones,1610612744,GSW,15,7,8,89.0,25,109,70,2.7,1.49,0.3,0.229,11,5,25,0.0,0.0,0.72
86,203081,Damian Lillard,1610612757,POR,73,44,29,2670.0,1962,6003,2199,575.3,5.75,5.33,0.327,39,2,59,0.615,1.0,0.695
87,2863,Damien Wilkins,1610612754,IND,19,10,9,152.0,33,193,150,8.0,2.49,1.36,0.171,3,4,7,0.0,0.5,0.0
88,1627814,Damion Lee,1610612737,ATL,15,4,11,404.0,161,615,379,28.4,2.77,1.96,0.262,9,0,19,0.667,0.0,0.789
89,1628422,Damyean Dotson,1610612752,NYK,44,11,33,474.0,182,609,468,20.6,2.03,1.26,0.299,10,0,22,0.4,0.0,1.0
90,1627772,Daniel Hamilton,1610612760,OKC,6,5,1,28.0,12,67,24,5.8,5.22,4.92,0.179,1,0,0,0.0,0.0,0.0
91,1628464,Daniel Theis,1610612738,BOS,60,41,19,894.0,325,1423,906,37.6,1.59,0.34,0.228,79,30,201,0.468,0.467,0.846
92,201568,Danilo Gallinari,1610612746,LAC,21,11,10,671.0,321,1081,675,45.9,2.55,1.29,0.297,20,48,42,0.8,0.458,0.81
93,201980,Danny Green,1610612759,SAS,70,40,30,1791.0,600,2704,1822,93.2,2.07,1.14,0.222,34,2,64,0.5,0.0,0.656
94,201967,Dante Cunningham,1610612751,BKN,71,33,38,1518.0,411,1979,1032,41.2,1.25,0.28,0.208,57,17,148,0.579,0.118,0.709
95,203957,Dante Exum,1610612762,UTA,14,10,4,235.0,114,495,197,36.7,4.45,3.93,0.23,5,0,11,0.8,0.0,0.545
96,1627863,Danuel House,1610612756,PHX,23,6,17,403.0,152,483,337,17.1,2.13,1.17,0.315,11,3,24,0.636,0.0,1.042
97,203967,Dario Saric,1610612755,PHI,77,49,28,2276.0,1127,4654,2930,124.8,1.61,0.62,0.242,223,154,332,0.386,0.383,0.762
98,203121,Darius Miller,1610612740,NOP,80,47,33,1903.0,622,1841,1356,53.9,1.76,0.86,0.338,30,4,20,0.333,0.0,0.2
99,201589,Darrell Arthur,1610612743,DEN,19,12,7,141.0,54,225,139,5.4,1.45,0.4,0.24,11,4,19,0.364,0.5,0.737
100,201954,Darren Collison,1610612754,IND,69,39,30,2018.0,855,4347,1863,334.3,4.61,4.19,0.197,18,0,35,0.944,0.0,1.0
101,1626199,Darrun Hilliard,1610612759,SAS,14,8,6,95.0,16,136,91,6.3,2.79,1.89,0.118,2,0,1,0.0,0.0,0.0
102,1628021,David Nwaba,1610612741,CHI,70,26,44,1646.0,555,1645,1147,70.6,2.57,2.02,0.337,52,27,160,0.481,0.667,0.925
103,204065,David Stockton,1610612762,UTA,3,3,0,9.0,10,21,5,2.5,7.13,6.72,0.476,0,0,0,0.0,0.0,0.0
104,2561,David West,1610612744,GSW,72,51,21,986.0,484,1911,1386,54.8,1.72,0.5,0.253,194,248,241,0.49,0.274,0.983
105,202722,Davis Bertans,1610612759,SAS,77,43,34,1086.0,456,1864,1047,43.6,1.4,0.5,0.245,24,5,51,0.25,0.6,0.922
106,1628432,Davon Reed,1610612756,PHX,21,2,19,242.0,63,333,207,12.7,2.29,1.5,0.189,6,0,6,0.667,0.0,0.5
107,1628368,De'Aaron Fox,1610612758,SAC,73,24,49,2026.0,844,4951,1708,383.9,4.65,4.37,0.17,31,0,52,0.581,0.0,0.692
108,201599,DeAndre Jordan,1610612746,LAC,77,39,38,2423.0,927,4259,1975,108.5,1.53,0.24,0.218,208,119,791,0.24,0.277,0.967
109,202732,DeAndre Liggins,1610612740,NOP,57,34,23,708.0,101,702,486,28.9,2.47,1.75,0.144,5,1,9,0.0,3.0,0.889
110,1627761,DeAndre' Bembry,1610612737,ATL,25,8,17,454.0,136,748,464,38.4,3.08,2.43,0.182,7,2,26,0.714,0.0,0.654
111,201942,DeMar DeRozan,1610612761,TOR,80,57,23,2712.0,1840,5064,3053,394.9,4.68,3.99,0.363,110,93,91,0.618,0.452,0.857
112,202326,DeMarcus Cousins,1610612740,NOP,46,26,20,1678.0,1157,4141,2628,179.1,2.59,1.29,0.279,185,349,229,0.238,0.456,0.943
113,201960,DeMarre Carroll,1610612751,BKN,71,24,47,2122.0,971,3643,2241,150.6,2.48,1.47,0.267,26,12,126,0.615,0.0,0.651
114,1627749,Dejounte Murray,1610612759,SAS,81,47,34,1743.0,654,4264,1416,347.8,4.89,4.5,0.153,49,4,182,0.449,1.25,0.758
115,1626153,Delon Wright,1610612761,TOR,69,49,20,1433.0,555,2929,1509,200.3,4.1,3.58,0.189,22,0,59,0.409,0.0,0.898
116,1627743,Demetrius Jackson,1610612755,PHI,14,12,2,76.0,16,180,63,13.3,4.44,4.33,0.089,1,0,3,0.0,0.0,0.0
117,203471,Dennis Schroder,1610612737,ATL,66,21,45,2041.0,1278,5770,2410,469.0,4.88,4.15,0.221,27,0,35,0.444,0.0,0.343
118,1628372,Dennis Smith Jr.,1610612742,DAL,69,22,47,2049.0,1048,5425,2015,448.9,4.96,4.7,0.193,37,18,79,0.459,0.444,0.709
119,1627756,Denzel Valentine,1610612741,CHI,77,26,51,2095.0,783,3079,2272,143.4,2.79,2.07,0.254,35,3,59,0.514,1.0,0.542
120,202324,Derrick Favors,1610612762,UTA,77,46,31,2153.0,944,3969,2493,89.7,1.36,0.31,0.238,367,135,590,0.597,0.304,0.963
121,1627884,Derrick Jones Jr.,1610612748,MIA,20,9,11,245.0,61,216,149,5.8,1.6,0.79,0.282,6,0,26,0.5,0.0,0.962
122,201565,Derrick Rose,1610612750,MIN,25,15,10,419.0,209,726,295,48.8,4.03,3.51,0.288,8,2,30,1.25,0.0,1.033
123,1628476,Derrick Walton Jr.,1610612748,MIA,16,8,8,147.0,29,262,113,17.6,4.04,3.45,0.111,1,0,2,0.0,0.0,0.0
124,1628401,Derrick White,1610612759,SAS,17,7,10,139.0,54,237,105,14.4,3.65,3.08,0.228,2,0,8,0.5,0.0,0.875
125,202682,Derrick Williams,1610612747,LAL,2,1,1,9.0,2,13,8,0.4,1.97,0.77,0.154,0,0,1,0.0,0.0,2.0
126,1626164,Devin Booker,1610612756,PHX,54,16,38,1865.0,1346,3630,2051,256.6,4.24,3.57,0.371,60,105,73,0.6,0.495,0.795
127,2734,Devin Harris,1610612743,DEN,71,33,38,1340.0,595,2396,1268,146.8,3.68,3.23,0.248,52,3,28,0.404,0.0,0.714
128,1628421,Devin Robinson,1610612764,WAS,1,0,1,13.0,2,20,15,0.5,1.35,0.3,0.1,0,0,2,0.0,0.0,1.0
129,203473,Dewayne Dedmon,1610612737,ATL,61,18,43,1520.0,611,2559,1498,62.7,1.47,0.33,0.239,229,35,257,0.393,0.429,0.981
130,1627738,Deyonta Davis,1610612763,MEM,62,16,46,943.0,360,1369,751,31.0,1.36,0.24,0.263,136,26,244,0.191,0.308,1.061
131,1628415,Dillon Brooks,1610612763,MEM,81,21,60,2329.0,895,3170,2441,126.2,2.39,1.39,0.282,71,10,121,0.31,0.6,0.653
132,203079,Dion Waiters,1610612748,MIA,29,15,14,893.0,427,1634,899,127.0,4.66,4.1,0.261,20,1,14,0.4,0.0,0.571
133,1717,Dirk Nowitzki,1610612742,DAL,77,24,53,1900.0,927,3276,2123,75.9,1.39,0.25,0.283,147,204,67,0.469,0.627,0.866
134,1627734,Domantas Sabonis,1610612754,IND,74,45,29,1810.0,861,4057,2431,101.8,1.51,0.61,0.212,353,191,441,0.632,0.466,0.798
135,1628378,Donovan Mitchell,1610612762,UTA,79,46,33,2638.0,1616,4835,2782,344.4,4.27,3.8,0.334,58,8,82,0.69,0.0,0.927
136,1627827,Dorian Finney-Smith,1610612742,DAL,21,4,17,448.0,123,570,362,17.8,1.87,0.82,0.216,6,4,30,0.5,0.0,0.9
137,203926,Doug McDermott,1610612742,DAL,80,29,51,1736.0,617,2101,1703,52.6,1.5,0.45,0.294,54,11,145,0.5,0.364,1.055
138,1627733,Dragan Bender,1610612756,PHX,82,21,61,2069.0,531,3688,1866,92.6,1.51,0.45,0.144,68,92,96,0.294,0.141,0.677
139,203110,Draymond Green,1610612744,GSW,69,47,22,2252.0,765,5390,2715,199.7,2.22,1.27,0.142,149,299,252,0.409,0.154,0.714
140,1628407,Dwayne Bacon,1610612766,CHA,53,25,28,713.0,175,743,525,33.2,2.68,1.77,0.236,3,0,2,0.667,0.0,0.0
141,202779,Dwight Buycks,1610612765,DET,29,10,19,427.0,215,1019,355,96.3,5.67,5.26,0.211,7,0,15,0.857,0.0,0.533
142,2730,Dwight Howard,1610612766,CHA,81,35,46,2463.0,1347,3896,2189,130.8,2.01,0.91,0.346,213,662,754,0.404,0.562,0.987
143,203939,Dwight Powell,1610612742,DAL,79,23,56,1672.0,671,2654,1495,67.6,1.53,0.41,0.253,192,33,470,0.354,0.424,0.889
144,2548,Dwyane Wade,1610612748,MIA,67,37,30,1536.0,765,3203,1539,214.0,4.01,3.06,0.239,70,131,143,0.514,0.511,0.846
145,202734,E'Twaun Moore,1610612740,NOP,80,47,33,2528.0,1010,3130,2216,117.5,2.25,1.62,0.323,92,17,154,0.674,0.647,1.032
146,202334,Ed Davis,1610612757,POR,78,48,30,1471.0,414,2379,959,66.2,1.67,0.45,0.174,142,28,375,0.507,0.393,0.779
147,1628410,Edmond Sumner,1610612754,IND,1,0,1,2.0,2,4,1,0.3,4.66,4.0,0.5,0,0,0,0.0,0.0,0.0
148,202327,Ekpe Udoh,1610612762,UTA,63,36,27,810.0,162,1127,700,26.8,1.42,0.35,0.144,129,25,178,0.209,0.16,0.68
149,203901,Elfrid Payton,1610612756,PHX,63,13,50,1808.0,797,4127,1318,350.5,5.1,4.69,0.193,65,8,104,0.646,0.375,0.683
150,2731,Emeka Okafor,1610612740,NOP,26,16,10,353.0,114,386,213,7.4,1.16,0.19,0.295,37,18,102,0.27,0.444,0.676
151,1626144,Emmanuel Mudiay,1610612752,NYK,64,29,35,1244.0,553,2919,1130,222.0,4.56,4.11,0.189,18,9,49,1.0,0.889,0.653
152,202683,Enes Kanter,1610612752,NYK,70,26,44,1807.0,990,3596,2085,106.6,1.78,0.44,0.275,242,410,556,0.517,0.524,1.005
153,202339,Eric Bledsoe,1610612749,MIL,74,40,34,2322.0,1313,5313,2029,407.7,4.6,4.0,0.247,59,32,101,0.169,0.531,0.861
154,201569,Eric Gordon,1610612745,HOU,68,55,13,2121.0,1216,2710,1706,132.2,2.93,2.43,0.449,19,8,45,0.579,0.5,0.844
155,203961,Eric Moreland,1610612765,DET,67,32,35,805.0,143,1076,808,36.7,2.05,0.68,0.133,234,28,188,0.094,0.143,0.5
156,1628571,Erik McCree,1610612762,UTA,4,4,0,8.0,0,10,5,0.6,3.84,2.5,0.0,0,0,0,0.0,0.0,0.0
157,101141,Ersan Ilyasova,1610612755,PHI,69,36,33,1730.0,750,3153,1887,71.5,1.36,0.45,0.238,192,50,261,0.391,0.66,0.862
158,203095,Evan Fournier,1610612753,ORL,57,20,37,1837.0,1013,2376,1874,100.2,2.53,1.79,0.426,44,7,71,0.864,0.286,1.014
159,202323,Evan Turner,1610612757,POR,79,48,31,2034.0,649,3057,1683,189.0,3.71,2.82,0.212,19,143,67,0.737,0.65,0.896
160,1626163,Frank Kaminsky,1610612766,CHA,79,35,44,1835.0,873,3740,2103,102.3,1.64,0.6,0.233,158,97,103,0.443,0.598,0.835
161,1628412,Frank Mason,1610612758,SAC,52,17,35,984.0,413,2274,841,200.6,5.29,4.89,0.182,19,0,32,0.579,0.0,0.5
162,1628373,Frank Ntilikina,1610612752,NYK,77,27,50,1693.0,463,3721,1542,278.0,4.48,4.14,0.124,20,15,38,0.3,0.133,0.605
163,1627832,Fred VanVleet,1610612761,TOR,76,55,21,1520.0,656,3030,1406,221.8,4.39,4.26,0.217,12,2,20,0.583,0.0,0.55
164,1627788,Furkan Korkmaz,1610612755,PHI,14,11,3,80.0,23,92,66,3.2,2.06,1.38,0.25,1,0,1,0.0,0.0,2.0
165,202066,Garrett Temple,1610612758,SAC,65,23,42,1615.0,547,2481,1632,123.5,2.99,2.3,0.22,23,3,50,0.652,0.0,0.54
166,203914,Gary Harris,1610612743,DEN,67,37,30,2305.0,1170,2830,2257,116.5,2.47,1.99,0.413,39,4,80,0.923,0.0,0.75
167,1627780,Gary Payton II,1610612747,LAL,23,10,13,221.0,69,343,158,16.3,2.86,2.38,0.201,7,0,34,0.0,0.0,0.824
168,201588,George Hill,1610612739,CLE,67,28,39,1812.0,667,3644,1587,273.6,4.5,4.01,0.183,23,18,52,0.348,0.111,0.712
169,1627777,Georges Niang,1610612762,UTA,9,9,0,32.0,9,47,31,2.1,2.69,1.53,0.191,1,2,6,0.0,1.0,0.333
170,1627834,Georgios Papagiannis,1610612757,POR,17,3,14,122.0,36,237,120,6.2,1.58,0.38,0.152,29,17,33,0.345,0.353,0.667
171,101123,Gerald Green,1610612745,HOU,41,33,8,929.0,497,1193,672,52.2,2.63,1.77,0.417,11,3,22,0.545,2.0,0.636
172,1628492,Gian Clavell,1610612742,DAL,7,0,7,64.0,20,69,50,2.2,1.92,1.19,0.29,2,0,2,0.0,0.0,0.0
173,203507,Giannis Antetokounmpo,1610612749,MIL,74,39,35,2715.0,1986,6343,3342,352.0,3.33,2.32,0.313,350,285,390,0.489,0.418,1.064
174,203922,Glenn Robinson III,1610612754,IND,23,14,9,338.0,95,381,280,11.0,1.73,0.85,0.249,5,1,20,0.6,2.0,0.85
175,201609,Goran Dragic,1610612748,MIA,74,38,36,2349.0,1276,5857,2532,449.8,4.61,4.29,0.218,71,15,100,0.592,0.467,0.75
176,202330,Gordon Hayward,1610612738,BOS,1,0,1,5.0,2,9,7,0.2,1.33,0.67,0.222,1,0,0,2.0,0.0,0.0
177,203476,Gorgui Dieng,1610612750,MIN,79,45,34,1333.0,470,2238,1283,59.2,1.59,0.45,0.21,167,49,253,0.455,0.367,0.715
178,202328,Greg Monroe,1610612738,BOS,50,21,29,1024.0,516,1913,1284,69.4,2.18,0.72,0.27,186,251,265,0.355,0.454,0.898
179,1627824,Guerschon Yabusele,1610612738,BOS,32,23,9,233.0,79,451,285,13.3,1.77,0.73,0.175,8,8,24,0.5,0.625,0.583
180,203084,Harrison Barnes,1610612742,DAL,77,24,53,2634.0,1452,4560,2795,188.9,2.49,1.41,0.318,95,349,134,0.684,0.49,0.896
181,202355,Hassan Whiteside,1610612748,MIA,54,30,24,1364.0,754,1820,1232,57.5,1.89,0.57,0.414,241,236,494,0.415,0.513,0.964
182,1627740,Henry Ellenson,1610612765,DET,38,21,17,329.0,151,740,345,22.2,1.8,0.92,0.204,18,10,19,0.333,0.4,0.789
183,203546,Ian Clark,1610612740,NOP,73,43,30,1428.0,537,1929,1173,96.3,3.0,2.49,0.278,24,2,44,0.833,0.0,0.841
184,101133,Ian Mahinmi,1610612764,WAS,77,42,35,1145.0,366,1627,860,40.5,1.49,0.33,0.225,169,22,309,0.396,0.409,0.812
185,1628387,Ike Anigbogu,1610612754,IND,11,5,6,30.0,13,60,30,1.3,1.34,0.45,0.217,1,4,7,2.0,0.5,1.0
186,202697,Iman Shumpert,1610612758,SAC,14,9,5,276.0,62,399,160,25.6,3.85,3.51,0.155,4,0,7,1.0,0.0,1.143
187,203477,Isaiah Canaan,1610612756,PHX,20,9,11,422.0,172,1061,420,92.7,5.24,5.14,0.162,0,0,9,0.0,0.0,0.222
188,1628439,Isaiah Hicks,1610612752,NYK,18,4,14,239.0,80,342,206,9.0,1.58,0.44,0.234,21,19,43,0.571,0.526,0.744
189,1627819,Isaiah Taylor,1610612737,ATL,67,18,49,1167.0,445,2645,1184,193.5,4.39,4.09,0.168,19,0,29,0.895,0.0,0.655
190,202738,Isaiah Thomas,1610612747,LAL,32,15,17,862.0,486,1819,727,146.3,4.83,4.45,0.267,8,0,11,0.875,0.0,0.545
191,1627785,Isaiah Whitehead,1610612751,BKN,15,2,13,163.0,87,303,138,23.0,4.55,4.26,0.287,1,0,4,0.0,0.0,0.5
192,202397,Ish Smith,1610612765,DET,82,39,43,2043.0,894,5153,1564,424.8,4.95,5.09,0.173,23,0,62,0.435,0.0,0.726
193,1628397,Ivan Rabb,1610612763,MEM,36,6,30,516.0,201,887,506,26.5,1.79,0.56,0.227,95,61,142,0.379,0.475,0.768
194,1627826,Ivica Zubac,1610612747,LAL,43,19,24,410.0,161,747,405,17.1,1.38,0.31,0.216,63,48,125,0.381,0.125,0.888
195,200826,J.J. Barea,1610612742,DAL,69,23,46,1603.0,801,4389,1775,382.1,5.22,5.21,0.183,27,1,12,0.519,0.0,0.5
196,200755,JJ Redick,1610612755,PHI,69,45,24,2086.0,1176,3121,2709,95.0,1.83,1.04,0.377,39,2,50,0.359,1.0,0.7
197,2747,JR Smith,1610612739,CLE,80,49,31,2244.0,662,2535,1618,102.1,2.42,1.74,0.261,24,3,47,0.583,0.667,0.362
198,203960,JaKarr Sampson,1610612758,SAC,22,6,16,344.0,103,433,241,12.0,1.66,0.47,0.238,14,21,45,0.286,0.429,1.022
199,203210,JaMychal Green,1610612763,MEM,55,11,44,1542.0,569,2531,1403,68.4,1.62,0.51,0.225,135,93,284,0.356,0.441,0.817
200,201580,JaVale McGee,1610612744,GSW,64,44,20,607.0,308,871,528,18.7,1.29,0.37,0.354,80,44,175,0.663,0.5,1.017
201,1628444,Jabari Bird,1610612738,BOS,13,8,5,115.0,39,109,76,4.0,2.19,1.43,0.358,3,0,11,0.667,0.0,1.091
202,203953,Jabari Parker,1610612749,MIL,31,16,15,743.0,391,1406,840,47.1,2.01,1.23,0.278,54,34,93,0.463,0.412,0.624
203,204022,Jack Cooley,1610612758,SAC,7,4,3,87.0,40,128,92,3.9,1.82,0.4,0.313,17,8,32,0.412,0.5,0.844
204,1626643,Jacob Pullen,1610612755,PHI,3,2,1,6.0,2,10,6,1.0,6.07,6.5,0.2,0,0,0,0.0,0.0,0.0
205,1628451,Jacob Wiley,1610612751,BKN,4,1,3,32.0,4,45,20,1.1,1.4,0.58,0.089,3,0,3,0.333,0.0,0.333
206,203109,Jae Crowder,1610612762,UTA,80,52,28,2090.0,773,3082,1799,80.2,1.56,0.7,0.251,44,37,145,0.636,0.162,0.917
207,1626143,Jahlil Okafor,1610612751,BKN,28,7,21,353.0,176,573,403,21.3,2.23,1.09,0.307,64,84,79,0.609,0.524,0.873
208,1627774,Jake Layman,1610612757,POR,35,22,13,160.0,34,185,143,5.4,1.75,0.88,0.184,2,2,7,0.0,0.0,0.714
209,1627751,Jakob Poeltl,1610612761,TOR,82,59,23,1524.0,567,2226,1211,47.1,1.27,0.29,0.255,178,32,444,0.506,0.406,0.917
210,1627883,Jalen Jones,1610612742,DAL,16,3,13,181.0,74,246,145,8.8,2.15,1.25,0.301,5,1,15,0.6,0.0,1.0
211,2037,Jamal Crawford,1610612750,MIN,80,45,35,1653.0,822,2350,1434,157.6,4.02,3.75,0.35,23,1,12,0.652,2.0,0.5
212,1627750,Jamal Murray,1610612743,DEN,81,46,35,2565.0,1352,5737,2394,417.2,4.36,3.84,0.236,45,6,133,0.556,0.333,0.782
213,1627866,Jameel Warney,1610612742,DAL,3,1,2,27.0,17,37,27,1.0,1.59,0.43,0.459,4,7,12,0.5,0.571,1.0
214,2749,Jameer Nelson,1610612765,DET,49,24,25,995.0,238,2434,960,170.3,4.2,3.75,0.098,7,0,20,0.286,0.0,0.0
215,1628503,Jamel Artis,1610612753,ORL,15,4,11,279.0,77,365,228,15.9,2.61,1.89,0.211,7,5,7,0.857,0.0,1.286
216,203516,James Ennis III,1610612765,DET,71,24,47,1567.0,498,1518,1176,55.4,2.19,1.2,0.328,38,10,124,1.0,0.4,0.863
217,201935,James Harden,1610612745,HOU,71,59,12,2516.0,2169,5909,1815,624.3,6.34,5.86,0.367,40,99,68,0.25,0.495,0.618
218,201949,James Johnson,1610612748,MIA,72,36,36,1912.0,771,3827,1823,184.5,2.89,2.13,0.201,103,109,123,0.427,0.349,0.902
219,203949,James Michael McAdoo,1610612755,PHI,3,1,2,18.0,8,29,18,0.5,0.99,0.17,0.276,0,0,1,0.0,0.0,2.0
220,1627821,James Webb III,1610612751,BKN,10,1,9,120.0,16,217,106,4.3,1.18,0.24,0.074,1,4,8,0.0,0.0,0.0
221,203923,James Young,1610612755,PHI,6,4,2,61.0,17,54,47,1.6,1.73,0.43,0.315,3,0,2,0.0,0.0,0.0
222,203966,Jamil Wilson,1610612746,LAC,15,6,9,274.0,105,407,231,9.5,1.41,0.49,0.258,5,2,6,0.8,0.0,1.0
223,201162,Jared Dudley,1610612756,PHX,48,7,41,686.0,152,1378,760,35.6,1.55,0.48,0.11,28,33,22,0.071,0.121,0.727
224,204067,Jarell Eddie,1610612741,CHI,3,1,2,9.0,0,8,5,0.3,2.31,1.63,0.0,0,0,0,0.0,0.0,0.0
225,1626185,Jarell Martin,1610612763,MEM,72,20,52,1640.0,554,2594,1414,85.9,1.99,0.77,0.214,110,42,184,0.355,0.5,0.766
226,1628386,Jarrett Allen,1610612751,BKN,70,24,46,1401.0,581,2260,1411,50.6,1.34,0.35,0.257,190,23,451,0.416,0.522,0.84
227,101127,Jarrett Jack,1610612752,NYK,61,25,36,1513.0,454,3866,1286,315.8,4.9,4.65,0.117,16,15,12,0.313,0.0,0.5
228,201160,Jason Smith,1610612764,WAS,33,15,18,285.0,113,516,283,11.7,1.36,0.25,0.219,32,7,37,0.313,0.0,0.703
229,1891,Jason Terry,1610612749,MIL,51,27,24,814.0,166,952,580,27.6,1.74,1.03,0.174,7,1,3,0.571,0.0,0.0
230,1628393,Jawun Evans,1610612746,LAC,48,24,24,778.0,231,1546,635,102.1,3.96,3.73,0.149,11,0,12,0.636,0.0,0.5
231,1627759,Jaylen Brown,1610612738,BOS,67,44,23,2050.0,960,2604,1776,103.8,2.39,1.56,0.369,32,82,172,0.625,0.549,0.791
232,1628537,Jaylen Morris,1610612737,ATL,6,2,4,98.0,28,105,56,4.1,2.32,1.67,0.267,0,0,4,0.0,0.0,1.5
233,1628369,Jayson Tatum,1610612738,BOS,77,50,27,2362.0,1070,3287,2102,138.7,2.53,1.58,0.326,44,68,108,0.614,0.515,0.954
234,201145,Jeff Green,1610612739,CLE,78,47,31,1828.0,846,2583,1414,109.8,2.55,1.53,0.328,71,104,179,0.535,0.615,1.006
235,201952,Jeff Teague,1610612750,MIN,70,41,29,2311.0,994,5322,1690,494.3,5.57,5.33,0.187,17,5,21,0.294,1.2,0.429
236,203481,Jeff Withey,1610612742,DAL,10,2,8,39.0,15,57,37,1.3,1.39,0.26,0.263,5,2,2,1.0,0.0,1.0
237,203924,Jerami Grant,1610612760,OKC,79,48,31,1606.0,663,2438,1304,64.4,1.59,0.56,0.272,137,77,249,0.693,0.584,0.839
238,202379,Jeremy Evans,1610612737,ATL,1,0,1,5.0,2,8,6,0.2,1.43,0.75,0.25,0,0,1,0.0,0.0,2.0
239,203087,Jeremy Lamb,1610612766,CHA,80,36,44,1967.0,1033,2883,2117,162.3,3.38,2.42,0.358,53,4,78,0.943,0.5,0.91
240,202391,Jeremy Lin,1610612751,BKN,1,0,1,25.0,18,50,22,4.3,5.11,5.22,0.36,1,0,1,2.0,0.0,2.0
241,1626170,Jerian Grant,1610612741,CHI,74,24,50,1686.0,619,3779,1479,295.2,4.69,4.63,0.164,13,6,14,0.0,0.0,0.143
242,201573,Jerryd Bayless,1610612755,PHI,38,21,17,908.0,304,1144,842,45.9,2.41,1.62,0.266,14,0,38,0.643,0.0,1.105
243,202710,Jimmy Butler,1610612750,MIN,59,37,22,2164.0,1307,3725,2377,263.6,4.25,3.1,0.351,63,154,175,0.667,0.422,0.989
244,201149,Joakim Noah,1610612752,NYK,7,1,6,40.0,12,94,52,2.3,1.48,0.61,0.128,4,3,11,0.0,0.0,0.545
245,201975,Jodie Meeks,1610612764,WAS,77,41,36,1119.0,487,1489,1151,45.2,1.82,1.3,0.327,26,0,17,0.385,0.0,1.059
246,203925,Joe Harris,1610612751,BKN,77,26,51,1948.0,839,2840,2192,89.0,1.88,0.87,0.295,48,0,90,0.688,0.0,0.8
247,204060,Joe Ingles,1610612762,UTA,82,48,34,2578.0,940,4230,3031,205.9,2.92,1.97,0.222,95,3,41,0.158,0.0,0.707
248,2207,Joe Johnson,1610612745,HOU,55,35,20,1205.0,372,1866,1088,80.1,2.58,1.64,0.199,27,139,23,0.481,0.547,0.609
249,1626202,Joe Young,1610612754,IND,53,28,25,558.0,207,889,436,60.9,4.11,3.81,0.233,3,1,8,0.0,1.0,0.5
250,1627762,Joel Bolomboy,1610612749,MIL,6,3,3,38.0,9,46,28,1.5,1.94,0.41,0.196,3,1,13,0.0,0.0,0.385
251,203954,Joel Embiid,1610612755,PHI,62,41,21,1882.0,1430,4738,3237,172.7,2.19,0.91,0.302,231,854,391,0.338,0.653,0.91
252,203530,Joffrey Lauvergne,1610612759,SAS,55,30,25,534.0,226,833,538,25.4,1.83,0.7,0.271,108,60,190,0.389,0.467,0.821
253,1628381,John Collins,1610612737,ATL,73,21,52,1760.0,759,3445,1950,85.5,1.49,0.41,0.22,336,64,502,0.375,0.422,0.898
254,203089,John Henson,1610612749,MIL,75,39,36,1953.0,664,2303,1487,56.4,1.47,0.34,0.288,301,47,578,0.262,0.574,0.853
255,204066,John Holland,1610612739,CLE,24,17,7,174.0,54,202,125,8.0,2.37,1.7,0.267,6,2,7,0.667,0.0,0.571
256,202322,John Wall,1610612764,WAS,41,23,18,1410.0,797,3306,956,347.2,6.3,5.62,0.241,11,10,10,0.364,0.4,1.2
257,1628405,Johnathan Motley,1610612742,DAL,11,1,10,176.0,96,293,187,9.8,2.0,0.8,0.328,34,22,40,0.588,0.636,1.025
258,203948,Johnny O'Bryant III,1610612766,CHA,36,15,21,379.0,171,621,362,18.4,1.77,0.77,0.275,36,47,69,0.333,0.447,0.667
259,202720,Jon Leuer,1610612765,DET,8,5,3,136.0,43,229,127,6.6,1.72,0.56,0.188,21,6,21,0.095,0.333,0.857
260,201973,Jonas Jerebko,1610612762,UTA,74,45,29,1133.0,429,2084,1283,48.0,1.38,0.4,0.206,47,11,88,0.766,0.091,0.818
261,202685,Jonas Valanciunas,1610612761,TOR,77,56,21,1727.0,980,3656,1960,107.4,1.76,0.58,0.268,268,214,513,0.701,0.696,0.949
262,1626780,Jonathan Gibson,1610612738,BOS,4,2,2,40.0,34,57,32,3.0,3.2,2.63,0.596,2,0,1,1.0,0.0,2.0
263,1628371,Jonathan Isaac,1610612753,ORL,27,11,16,535.0,145,755,403,19.3,1.53,0.56,0.192,20,13,47,0.35,0.308,0.702
264,203613,Jonathon Simmons,1610612753,ORL,69,21,48,2029.0,962,2922,2097,169.5,3.48,2.87,0.329,63,50,98,0.508,0.56,0.704
265,1628395,Jordan Bell,1610612744,GSW,56,42,14,804.0,258,1574,903,45.0,1.72,0.5,0.164,106,62,183,0.377,0.194,0.787
266,203903,Jordan Clarkson,1610612739,CLE,81,40,41,1887.0,1124,3354,1667,246.8,4.41,3.7,0.335,45,8,90,0.711,0.5,0.833
267,202348,Jordan Crawford,1610612740,NOP,4,3,1,29.0,20,76,30,5.9,4.67,4.21,0.263,0,1,0,0.0,0.0,0.0
268,1626175,Jordan Mickey,1610612748,MIA,23,15,8,284.0,93,535,224,14.1,1.58,0.53,0.174,37,16,41,0.595,0.375,0.878
269,101181,Jose Calderon,1610612739,CLE,57,33,24,914.0,255,1791,609,132.3,4.43,4.23,0.142,11,0,22,0.455,0.0,0.455
270,1627982,Josh Gray,1610612756,PHX,5,0,5,86.0,32,218,74,19.4,5.34,5.38,0.147,1,0,2,0.0,0.0,0.0
271,1628404,Josh Hart,1610612747,LAL,63,27,36,1461.0,496,1537,959,60.7,2.37,1.6,0.323,27,4,65,0.778,0.0,0.631
272,203962,Josh Huestis,1610612760,OKC,67,43,24,966.0,159,876,500,21.4,1.47,0.48,0.182,14,2,59,0.071,1.0,0.61
273,1628367,Josh Jackson,1610612756,PHX,77,19,58,1959.0,1012,2890,1950,124.6,2.59,1.89,0.35,53,16,169,0.547,0.438,0.964
274,203705,Josh Magette,1610612737,ATL,18,3,15,216.0,46,513,220,37.8,4.43,4.38,0.09,1,0,1,0.0,0.0,0.0
275,201177,Josh McRoberts,1610612742,DAL,2,2,0,6.0,0,7,2,0.1,1.19,0.57,0.0,1,0,0,0.0,0.0,0.0
276,1626196,Josh Richardson,1610612748,MIA,80,43,37,2657.0,1040,4572,2491,276.0,3.62,2.86,0.227,59,15,96,0.492,0.533,0.688
277,2746,Josh Smith,1610612740,NOP,3,2,1,12.0,2,25,13,0.8,1.89,0.8,0.08,1,0,3,0.0,0.0,0.667
278,201950,Jrue Holiday,1610612740,NOP,79,46,33,2859.0,1506,6087,2897,367.0,3.62,3.19,0.247,88,59,177,0.659,0.746,0.876
279,1627823,Juancho Hernangomez,1610612743,DEN,25,15,10,277.0,82,346,213,8.3,1.44,0.62,0.237,4,2,19,1.0,0.0,1.0
280,203944,Julius Randle,1610612747,LAL,82,35,47,2190.0,1323,4187,2414,182.3,2.61,1.35,0.316,252,381,450,0.563,0.467,0.978
281,202933,Julyan Stone,1610612766,CHA,23,10,13,175.0,19,241,100,17.1,4.25,4.0,0.079,1,0,2,0.0,0.0,0.0
282,1626147,Justin Anderson,1610612755,PHI,37,27,10,515.0,230,753,576,24.4,1.94,0.85,0.305,13,0,62,0.846,0.0,0.71
283,203200,Justin Holiday,1610612741,CHI,72,24,48,2265.0,876,2480,1879,88.2,2.13,1.55,0.353,37,0,71,0.568,0.0,0.873
284,1628382,Justin Jackson,1610612758,SAC,68,21,47,1506.0,453,1858,1359,56.3,1.82,0.68,0.244,33,4,77,0.667,0.0,1.065
285,1628383,Justin Patton,1610612750,MIN,1,0,1,4.0,2,4,2,0.2,2.63,1.25,0.5,0,1,1,0.0,2.0,2.0
286,1626159,Justise Winslow,1610612748,MIA,67,32,35,1655.0,514,3149,1288,158.0,3.01,2.21,0.163,46,37,137,0.522,0.216,0.555
287,203994,Jusuf Nurkic,1610612757,POR,79,48,31,2088.0,1132,4512,2444,128.3,1.71,0.53,0.251,355,358,490,0.507,0.522,0.965
288,1628443,Kadeem Allen,1610612738,BOS,18,9,9,107.0,19,197,69,14.7,4.49,4.02,0.096,0,0,6,0.0,0.0,1.0
289,1626157,Karl-Anthony Towns,1610612750,MIN,82,47,35,2918.0,1743,5687,3465,165.8,1.75,0.53,0.306,294,532,505,0.622,0.675,1.079
290,202695,Kawhi Leonard,1610612759,SAS,9,5,4,210.0,146,372,226,29.2,4.7,3.98,0.392,7,23,13,1.143,0.348,0.692
291,1627770,Kay Felder,1610612765,DET,16,6,10,140.0,57,332,149,23.1,4.17,4.2,0.172,0,0,4,0.0,0.0,0.0
292,203482,Kelly Olynyk,1610612748,MIA,75,41,34,1751.0,861,3773,2267,125.3,1.99,0.78,0.228,148,143,218,0.311,0.448,0.734
293,1626162,Kelly Oubre Jr.,1610612764,WAS,81,43,38,2231.0,953,2782,1991,98.6,2.13,1.26,0.343,48,0,109,0.771,0.0,0.945
294,202689,Kemba Walker,1610612766,CHA,80,36,44,2736.0,1770,6498,2041,624.5,5.77,5.51,0.272,16,1,43,0.375,0.0,0.535
295,2570,Kendrick Perkins,1610612739,CLE,1,0,1,15.0,3,23,12,0.9,2.22,0.96,0.13,1,2,1,0.0,1.5,0.0
296,202702,Kenneth Faried,1610612743,DEN,32,16,16,461.0,188,653,362,17.6,1.62,0.56,0.288,44,34,159,0.591,0.471,0.855
297,203145,Kent Bazemore,1610612737,ATL,64,19,45,1759.0,817,3386,2263,146.4,2.59,1.72,0.241,37,0,45,0.541,0.0,0.956
298,203484,Kentavious Caldwell-Pope,1610612747,LAL,74,31,43,2458.0,992,3153,1784,122.4,2.33,1.65,0.315,41,0,95,0.561,0.0,0.811
299,201142,Kevin Durant,1610612744,GSW,67,48,19,2287.0,1770,4550,2615,262.3,3.46,2.43,0.389,113,289,115,0.637,0.529,1.183
300,201567,Kevin Love,1610612739,CLE,59,37,22,1651.0,1039,3078,1661,85.0,1.66,0.42,0.338,95,267,282,0.358,0.629,0.89
301,1626172,Kevon Looney,1610612744,GSW,66,45,21,910.0,267,1395,822,37.6,1.62,0.62,0.191,82,53,183,0.354,0.208,0.732
302,203920,Khem Birch,1610612753,ORL,42,14,28,578.0,178,828,475,20.9,1.51,0.53,0.215,101,34,166,0.287,0.265,0.681
303,203114,Khris Middleton,1610612749,MIL,81,44,37,2947.0,1637,5223,2991,253.2,2.91,2.11,0.313,114,125,80,0.412,0.624,0.8
304,202691,Klay Thompson,1610612744,GSW,72,54,18,2468.0,1428,3427,2618,121.9,2.13,1.38,0.417,113,79,150,0.858,0.709,0.807
305,1628424,Kobi Simmons,1610612763,MEM,32,6,26,643.0,196,1300,572,86.9,4.01,3.28,0.151,7,1,18,0.571,0.0,1.0
306,201585,Kosta Koufos,1610612758,SAC,71,22,49,1391.0,477,2478,1367,70.0,1.7,0.41,0.192,307,96,380,0.362,0.438,0.813
307,1627739,Kris Dunn,1610612741,CHI,52,19,33,1525.0,699,3841,1360,290.5,4.54,3.94,0.182,15,50,33,0.667,0.46,0.97
308,204001,Kristaps Porzingis,1610612752,NYK,48,22,26,1553.0,1088,2930,1931,80.2,1.64,0.55,0.371,260,383,206,0.669,0.687,0.83
309,203937,Kyle Anderson,1610612759,SAS,74,41,33,1978.0,585,2999,1823,131.9,2.64,1.58,0.195,59,32,175,0.542,0.406,0.943
310,1627858,Kyle Collinsworth,1610612742,DAL,32,9,23,480.0,101,768,373,46.9,3.66,3.01,0.132,13,17,41,0.0,0.176,0.439
311,2594,Kyle Korver,1610612739,CLE,73,43,30,1574.0,672,1568,1189,35.9,1.37,0.52,0.429,17,1,40,0.588,1.0,0.8
312,1628398,Kyle Kuzma,1610612747,LAL,77,34,43,2401.0,1242,3702,2095,135.2,2.19,1.19,0.335,103,124,185,0.515,0.508,0.941
313,200768,Kyle Lowry,1610612761,TOR,78,57,21,2510.0,1267,5949,2407,394.1,3.98,3.34,0.213,26,7,83,0.385,0.571,0.53
314,203124,Kyle O'Quinn,1610612752,NYK,76,27,49,1362.0,541,2899,1561,88.5,1.83,0.32,0.187,210,94,284,0.443,0.394,0.993
315,202713,Kyle Singler,1610612760,OKC,11,5,6,36.0,14,53,40,1.6,1.85,1.45,0.264,2,0,5,2.0,0.0,1.2
316,202681,Kyrie Irving,1610612738,BOS,57,38,19,1834.0,1392,4334,1702,348.0,4.82,4.47,0.321,59,31,65,0.729,0.645,0.831
317,200746,LaMarcus Aldridge,1610612759,SAS,75,45,30,2509.0,1735,4576,3388,162.0,2.12,0.91,0.379,299,1043,653,0.515,0.577,0.957
318,202362,Lance Stephenson,1610612754,IND,82,48,34,1850.0,757,3025,1828,202.9,4.03,3.32,0.25,15,7,69,0.8,0.571,0.754
319,202498,Lance Thomas,1610612752,NYK,72,24,48,1328.0,292,1602,1105,43.9,1.64,0.4,0.182,34,16,84,0.294,0.125,0.536
320,204038,Langston Galloway,1610612765,DET,58,28,30,863.0,360,1189,775,61.7,3.11,2.56,0.303,14,1,16,0.429,0.0,0.563
321,203580,Larry Drew II,1610612740,NOP,10,6,4,70.0,17,143,53,12.7,5.35,4.92,0.119,0,0,3,0.0,0.0,0.0
322,1626204,Larry Nance Jr.,1610612739,CLE,66,32,34,1421.0,573,2432,1219,60.8,1.5,0.42,0.236,233,61,428,0.433,0.344,0.857
323,1628374,Lauri Markkanen,1610612741,CHI,68,23,45,2020.0,1033,4848,2272,138.4,1.71,0.8,0.213,57,158,191,0.491,0.557,0.874
324,2544,LeBron James,1610612739,CLE,82,50,32,3026.0,2251,7143,3486,551.9,4.64,3.48,0.315,125,364,317,0.728,0.387,0.991
325,1628506,London Perrantes,1610612739,CLE,14,8,6,66.0,7,120,44,11.1,5.54,4.78,0.058,0,0,3,0.0,0.0,0.667
326,1628366,Lonzo Ball,1610612747,LAL,52,24,28,1780.0,528,4203,1565,267.8,3.82,3.18,0.126,35,11,108,0.514,0.182,0.5
327,203485,Lorenzo Brown,1610612761,TOR,14,9,5,139.0,32,244,127,15.6,3.85,3.2,0.131,2,0,2,1.0,0.0,0.0
328,101150,Lou Williams,1610612746,LAC,79,42,37,2589.0,1782,5178,2730,343.2,3.98,3.12,0.344,34,1,62,0.941,2.0,0.871
329,201601,Luc Mbah a Moute,1610612745,HOU,60,52,8,1536.0,452,1586,960,49.0,1.85,1.0,0.285,33,20,57,0.788,0.35,0.877
330,203512,Lucas Nogueira,1610612761,TOR,49,36,13,418.0,122,572,329,9.9,1.04,0.19,0.213,40,5,95,0.125,0.0,0.895
331,1626242,Luis Montero,1610612765,DET,2,1,1,8.0,0,7,3,0.6,5.06,3.43,0.0,0,0,0,0.0,0.0,0.0
332,202337,Luke Babbitt,1610612748,MIA,49,15,34,690.0,248,1056,646,27.0,1.54,0.62,0.235,20,3,18,0.5,0.667,0.833
333,1628379,Luke Kennard,1610612765,DET,73,34,39,1463.0,558,1670,1382,72.7,2.61,1.7,0.334,49,0,43,0.694,0.0,0.535
334,1628436,Luke Kornet,1610612752,NYK,20,6,14,326.0,134,653,392,14.6,1.35,0.44,0.205,13,15,39,0.0,0.733,0.974
335,2736,Luol Deng,1610612747,LAL,1,0,1,13.0,2,12,6,0.4,1.9,0.83,0.167,0,0,0,0.0,0.0,0.0
336,1627781,Malachi Richardson,1610612761,TOR,26,8,18,323.0,89,384,305,12.3,1.93,0.89,0.232,3,2,5,1.0,0.0,0.8
337,1627763,Malcolm Brogdon,1610612749,MIL,47,25,22,1400.0,610,2617,1262,155.1,3.56,3.35,0.233,44,16,76,0.364,0.375,0.816
338,1627098,Malcolm Delaney,1610612737,ATL,53,16,37,989.0,334,2132,1142,141.8,3.99,3.32,0.157,12,0,14,0.5,0.0,0.571
339,1626259,Malcolm Miller,1610612761,TOR,15,15,0,126.0,38,147,106,4.3,1.74,0.75,0.259,0,0,5,0.0,0.0,1.2
340,1627736,Malik Beasley,1610612743,DEN,62,34,28,583.0,196,581,417,19.5,2.01,1.29,0.337,11,1,27,0.545,0.0,1.0
341,1628370,Malik Monk,1610612766,CHA,63,26,37,853.0,421,1483,650,121.1,4.9,4.65,0.284,5,0,16,0.4,0.0,1.0
342,1628493,Mangok Mathiang,1610612766,CHA,4,3,1,20.0,8,27,13,0.6,1.28,0.15,0.296,3,0,7,0.667,0.0,1.143
343,1938,Manu Ginobili,1610612759,SAS,65,39,26,1299.0,576,2185,1566,118.4,3.25,2.37,0.264,17,4,41,0.118,0.0,0.707
344,202705,MarShon Brooks,1610612763,MEM,7,2,5,193.0,141,357,217,27.5,4.63,3.6,0.395,4,2,7,1.5,0.0,0.571
345,201188,Marc Gasol,1610612763,MEM,72,20,52,2371.0,1232,6020,4163,174.8,1.74,0.55,0.205,576,731,390,0.245,0.394,0.641
346,101162,Marcin Gortat,1610612764,WAS,82,43,39,2074.0,690,3436,1778,83.2,1.45,0.31,0.201,393,178,587,0.333,0.584,0.77
347,201158,Marco Belinelli,1610612755,PHI,79,39,40,1921.0,967,3001,2438,106.0,2.12,1.21,0.322,56,2,84,0.732,0.0,1.083
348,1627875,Marcus Georges-Hunt,1610612750,MIN,42,24,18,224.0,59,173,126,8.7,3.02,2.05,0.341,2,2,5,1.0,0.0,0.4
349,202694,Marcus Morris,1610612738,BOS,52,32,20,1394.0,701,2372,1467,83.9,2.12,1.11,0.296,51,124,92,0.784,0.597,0.946
350,1627779,Marcus Paige,1610612766,CHA,5,4,1,28.0,12,60,29,5.3,5.3,4.77,0.2,0,0,1,0.0,0.0,0.0
351,203935,Marcus Smart,1610612738,BOS,51,35,16,1537.0,527,2949,1571,188.5,3.84,3.11,0.179,29,75,84,0.586,0.32,0.536
352,201596,Mario Chalmers,1610612763,MEM,65,20,45,1396.0,496,3334,1345,245.8,4.42,3.97,0.149,24,3,28,0.542,0.667,0.464
353,1626209,Mario Hezonja,1610612753,ORL,75,21,54,1657.0,722,2664,1586,106.1,2.39,1.29,0.271,49,13,80,0.571,0.308,0.975
354,203900,Markel Brown,1610612745,HOU,4,4,0,31.0,5,43,18,2.3,3.2,2.72,0.116,0,1,0,0.0,0.0,0.0
355,1628365,Markelle Fultz,1610612755,PHI,14,11,3,253.0,100,611,214,51.1,5.02,4.7,0.164,7,0,14,0.571,0.0,1.143
356,202693,Markieff Morris,1610612764,WAS,73,37,36,1968.0,841,2783,1877,72.6,1.57,0.53,0.302,174,252,219,0.448,0.552,0.886
357,1627737,Marquese Chriss,1610612756,PHX,72,19,53,1527.0,556,2800,1473,70.7,1.52,0.41,0.199,140,108,201,0.3,0.37,0.786
358,203104,Marquis Teague,1610612763,MEM,3,0,3,74.0,11,163,52,12.2,4.47,3.69,0.067,0,0,0,0.0,0.0,0.0
359,201578,Marreese Speights,1610612753,ORL,52,15,37,675.0,402,1331,901,32.7,1.47,0.35,0.302,30,89,45,0.267,0.607,0.733
360,1627850,Marshall Plumlee,1610612749,MIL,8,5,3,52.0,14,59,37,1.8,1.83,0.51,0.237,7,1,14,0.286,0.0,0.286
361,101107,Marvin Williams,1610612766,CHA,78,33,45,2006.0,744,3517,1845,71.0,1.21,0.3,0.212,86,71,136,0.407,0.746,0.794
362,203486,Mason Plumlee,1610612743,DEN,74,40,34,1439.0,524,2313,1501,79.0,2.05,0.93,0.227,153,121,403,0.386,0.446,0.821
363,1627856,Matt Costello,1610612759,SAS,4,2,2,32.0,4,44,24,1.1,1.56,0.45,0.091,2,1,8,0.0,0.0,0.25
364,1628475,Matt Williams Jr.,1610612748,MIA,3,1,2,11.0,5,11,9,0.4,2.23,1.73,0.455,0,0,0,0.0,0.0,0.0
365,203521,Matthew Dellavedova,1610612749,MIL,37,21,16,691.0,159,1428,630,107.4,4.51,4.29,0.111,8,9,10,0.0,0.0,0.4
366,203090,Maurice Harkless,1610612757,POR,59,36,23,1264.0,385,1450,1002,46.4,1.92,0.79,0.266,29,60,145,0.621,0.45,0.828
367,1628467,Maxi Kleber,1610612742,DAL,72,20,52,1206.0,386,1445,893,33.8,1.4,0.33,0.267,67,31,183,0.388,0.645,0.923
368,203086,Meyers Leonard,1610612757,POR,33,17,16,254.0,112,462,280,13.5,1.75,0.36,0.242,37,10,51,0.676,1.0,0.804
369,201563,Michael Beasley,1610612752,NYK,73,23,50,1616.0,946,3054,1929,107.4,2.11,0.94,0.31,298,266,229,0.567,0.541,0.934
370,203487,Michael Carter-Williams,1610612766,CHA,52,23,29,835.0,239,1795,644,152.0,5.08,4.74,0.133,17,5,60,0.176,0.0,0.617
371,203077,Michael Kidd-Gilchrist,1610612766,CHA,74,34,40,1850.0,681,1753,1177,63.9,2.19,1.57,0.388,65,34,153,0.631,0.735,0.83
372,201144,Mike Conley,1610612763,MEM,11,6,5,345.0,188,777,397,58.9,4.55,4.42,0.242,3,0,5,0.0,0.0,0.6
373,1628455,Mike James,1610612740,NOP,36,11,25,686.0,336,1671,560,150.4,5.4,5.31,0.201,8,0,18,0.375,0.0,0.111
374,203488,Mike Muscala,1610612737,ATL,53,14,39,1060.0,405,1652,993,35.2,1.28,0.36,0.245,95,9,121,0.379,0.333,0.76
375,203118,Mike Scott,1610612764,WAS,76,39,37,1406.0,668,2275,1465,60.2,1.59,0.6,0.294,213,106,156,0.366,0.679,0.795
376,203101,Miles Plumlee,1610612737,ATL,55,19,36,918.0,237,1344,830,36.3,1.62,0.47,0.176,222,27,240,0.198,0.333,0.713
377,1628462,Milos Teodosic,1610612746,LAC,45,29,16,1134.0,429,2764,1111,162.7,3.53,3.0,0.155,13,0,10,0.308,0.0,0.4
378,1628495,Milton Doyle,1610612751,BKN,10,2,8,125.0,34,212,119,13.7,3.89,3.36,0.16,3,0,4,0.0,0.0,0.5
379,1627851,Mindaugas Kuzminskas,1610612752,NYK,1,0,1,2.0,0,2,2,0.1,2.42,1.0,0.0,0,0,2,0.0,0.0,0.0
380,203141,Mirza Teletovic,1610612749,MIL,9,4,5,142.0,68,258,143,5.3,1.24,0.34,0.264,1,2,4,0.0,1.0,0.5
381,1628420,Monte Morris,1610612743,DEN,3,2,1,25.0,10,61,24,5.4,5.33,5.33,0.164,0,0,0,0.0,0.0,0.0
382,1626149,Montrezl Harrell,1610612746,LAC,76,39,37,1293.0,836,2088,1311,68.0,1.95,0.86,0.4,146,172,356,0.76,0.773,1.02
383,1627988,Myke Henry,1610612763,MEM,20,3,17,378.0,107,529,402,18.4,2.09,1.21,0.202,12,1,21,0.583,0.0,0.952
384,1626167,Myles Turner,1610612754,IND,65,39,26,1836.0,828,3180,1813,74.1,1.4,0.34,0.26,223,155,239,0.498,0.619,0.849
385,203489,Nate Wolters,1610612762,UTA,5,3,2,19.0,2,37,21,2.7,4.43,3.27,0.054,0,0,0,0.0,0.0,0.0
386,1628513,Naz Mitrou-Long,1610612762,UTA,1,0,1,1.0,3,2,2,0.0,0.92,0.5,1.5,0,0,0,0.0,0.0,0.0
387,202357,Nemanja Bjelica,1610612750,MIN,67,38,29,1371.0,454,2154,1126,61.8,1.72,0.74,0.211,23,15,96,0.522,0.267,0.979
388,2403,Nene,1610612745,HOU,51,42,9,743.0,331,1219,716,32.7,1.61,0.43,0.272,169,31,216,0.633,0.806,0.759
389,203457,Nerlens Noel,1610612742,DAL,30,6,24,472.0,131,612,344,15.6,1.53,0.45,0.214,78,12,154,0.282,0.167,0.682
390,2555,Nick Collison,1610612760,OKC,13,9,4,58.0,26,125,76,3.4,1.65,0.61,0.208,12,1,18,0.917,2.0,0.944
391,201156,Nick Young,1610612744,GSW,79,55,24,1382.0,578,1549,1145,52.5,2.03,1.23,0.373,23,6,31,0.87,0.333,1.065
392,201587,Nicolas Batum,1610612766,CHA,64,27,37,1981.0,740,3450,2525,144.5,2.51,1.46,0.214,56,113,86,0.661,0.416,0.837
393,1627852,Nicolas Brussino,1610612737,ATL,4,0,4,10.0,0,8,5,0.3,2.09,1.25,0.0,0,0,1,0.0,0.0,0.0
394,1628502,Nigel Hayes,1610612758,SAC,9,6,3,122.0,27,192,115,5.5,1.71,0.48,0.141,13,7,3,0.154,0.571,0.0
395,203917,Nik Stauskas,1610612751,BKN,41,14,27,523.0,181,784,509,39.2,3.0,2.33,0.231,3,0,6,0.0,0.0,0.333
396,203999,Nikola Jokic,1610612743,DEN,75,43,32,2443.0,1385,6465,3828,229.1,2.13,0.99,0.214,318,563,471,0.318,0.455,0.803
397,202703,Nikola Mirotic,1610612740,NOP,55,34,21,1494.0,859,3093,1495,93.5,1.81,0.72,0.278,51,154,180,0.725,0.558,0.961
398,202696,Nikola Vucevic,1610612753,ORL,57,17,40,1683.0,939,3731,2448,104.8,1.69,0.58,0.252,298,345,389,0.446,0.362,0.884
399,203943,Noah Vonleh,1610612741,CHI,54,24,30,876.0,264,1623,705,44.7,1.65,0.73,0.163,41,46,120,0.341,0.391,0.775
400,1626181,Norman Powell,1610612761,TOR,70,51,19,1062.0,385,1467,1025,66.3,2.71,2.22,0.262,15,0,18,0.733,0.0,0.611
401,1628384,OG Anunoby,1610612761,TOR,74,51,23,1481.0,438,1329,964,38.9,1.76,0.97,0.33,17,6,71,0.647,0.167,0.944
402,1627855,Okaro White,1610612739,CLE,6,2,4,80.0,20,121,52,2.8,1.4,0.26,0.165,0,0,4,0.0,0.0,1.25
403,204179,Omari Johnson,1610612763,MEM,4,1,3,75.0,22,111,66,2.9,1.56,0.37,0.198,5,1,5,0.0,0.0,0.8
404,201600,Omer Asik,1610612741,CHI,18,7,11,182.0,22,238,99,5.3,1.34,0.38,0.092,20,2,24,0.45,0.0,0.292
405,201956,Omri Casspi,1610612744,GSW,53,40,13,742.0,300,1290,744,38.3,1.78,0.88,0.233,50,29,152,0.56,0.379,0.895
406,203490,Otto Porter Jr.,1610612764,WAS,77,42,35,2432.0,1134,3724,2204,134.2,2.16,1.13,0.305,112,55,186,0.679,0.6,0.909
407,1628408,PJ Dozier,1610612760,OKC,2,1,1,3.0,2,5,3,0.2,2.68,2.2,0.4,0,0,0,0.0,0.0,0.0
408,200782,PJ Tucker,1610612745,HOU,81,65,16,2253.0,499,2605,1278,59.7,1.37,0.55,0.192,47,7,110,0.043,0.0,0.527
409,1627783,Pascal Siakam,1610612761,TOR,81,59,22,1679.0,589,3057,1745,88.1,1.73,0.84,0.193,83,22,226,0.53,0.364,0.872
410,1626192,Pat Connaughton,1610612757,POR,82,49,33,1488.0,441,1766,1293,65.9,2.24,1.3,0.25,22,2,74,0.682,0.0,0.703
411,201976,Patrick Beverley,1610612746,LAC,11,5,6,334.0,134,698,339,45.7,3.93,3.61,0.192,9,0,14,0.222,0.0,0.429
412,1627775,Patrick McCaw,1610612744,GSW,57,41,16,961.0,229,1495,826,70.2,2.82,2.03,0.153,18,1,53,0.889,0.0,0.717
413,202335,Patrick Patterson,1610612760,OKC,79,48,31,1212.0,299,1646,914,36.2,1.32,0.44,0.182,28,22,62,0.286,0.455,0.661
414,201988,Patty Mills,1610612759,SAS,82,47,35,2107.0,819,3865,2050,257.0,3.99,4.21,0.212,22,0,34,0.545,0.0,0.706
415,2200,Pau Gasol,1610612759,SAS,77,45,32,1812.0,775,4090,2513,105.4,1.55,0.38,0.189,376,239,351,0.338,0.423,0.821
416,202331,Paul George,1610612760,OKC,77,47,30,2818.0,1690,4353,2888,217.5,3.0,2.3,0.388,73,74,131,0.493,0.392,0.71
417,200794,Paul Millsap,1610612743,DEN,38,22,16,1143.0,555,1856,1255,72.4,2.34,1.29,0.299,44,167,116,0.591,0.581,0.828
418,1627835,Paul Zipser,1610612741,CHI,54,17,37,824.0,218,1554,858,51.5,1.99,1.14,0.14,14,7,30,0.143,1.0,0.6
419,203112,Quincy Acy,1610612751,BKN,68,25,43,1323.0,400,2228,1358,47.2,1.27,0.25,0.18,35,14,62,0.429,0.357,0.629
420,202347,Quincy Pondexter,1610612741,CHI,23,6,17,196.0,45,286,175,9.2,1.93,0.91,0.157,3,1,20,1.333,0.0,0.65
421,1626188,Quinn Cook,1610612744,GSW,33,21,12,741.0,312,1641,796,100.9,3.69,3.73,0.19,21,0,28,0.476,0.0,0.571
422,1626154,RJ Hunter,1610612745,HOU,5,3,2,45.0,19,64,29,4.7,4.45,4.11,0.297,0,0,2,0.0,0.0,2.5
423,200765,Rajon Rondo,1610612740,NOP,64,40,24,1674.0,533,4426,1613,300.8,4.08,3.44,0.12,38,5,69,0.158,0.0,0.377
424,201196,Ramon Sessions,1610612764,WAS,28,10,18,392.0,136,895,328,74.6,5.0,4.74,0.152,6,1,9,1.167,0.0,0.444
425,1626173,Rashad Vaughn,1610612753,ORL,28,13,15,212.0,64,217,159,7.3,2.02,1.39,0.295,2,0,4,2.0,0.0,0.75
426,203526,Raul Neto,1610612762,UTA,41,28,13,498.0,183,1133,501,87.5,4.63,4.59,0.162,7,0,15,0.571,0.0,1.0
427,101109,Raymond Felton,1610612760,OKC,79,48,31,1312.0,540,2795,1076,255.2,5.48,5.08,0.193,17,1,21,0.706,0.0,0.81
428,203493,Reggie Bullock,1610612765,DET,62,32,30,1732.0,698,1874,1553,51.9,1.66,0.66,0.372,40,1,106,0.65,0.0,0.858
429,203687,Reggie Hearn,1610612765,DET,3,3,0,7.0,3,3,3,0.2,3.88,2.33,1.0,0,0,0,0.0,0.0,0.0
430,202704,Reggie Jackson,1610612765,DET,45,27,18,1201.0,656,3097,1027,285.4,5.53,5.26,0.212,14,4,33,0.571,0.5,0.485
431,2210,Richard Jefferson,1610612743,DEN,20,10,10,163.0,30,179,126,6.9,2.33,1.26,0.168,2,0,15,0.0,0.0,0.6
432,1626158,Richaun Holmes,1610612755,PHI,47,30,17,728.0,309,1299,878,30.8,1.42,0.42,0.238,182,18,186,0.159,0.444,1.032
433,201937,Ricky Rubio,1610612762,UTA,77,44,33,2254.0,1008,5946,2539,456.4,4.61,4.36,0.17,35,0,34,0.343,0.0,0.235
434,203496,Robert Covington,1610612755,PHI,79,51,28,2501.0,1004,3706,2372,89.1,1.44,0.47,0.271,62,7,118,0.468,0.571,0.78
435,201577,Robin Lopez,1610612741,CHI,64,23,41,1690.0,756,2235,1846,68.4,1.84,0.74,0.338,408,261,432,0.537,0.41,0.843
436,203918,Rodney Hood,1610612739,CLE,60,29,31,1615.0,882,2269,1667,114.8,3.03,2.26,0.389,32,12,44,0.844,0.917,0.568
437,203585,Rodney McGruder,1610612748,MIA,18,11,7,299.0,91,349,247,11.1,1.91,1.11,0.261,9,0,26,0.444,0.0,0.885
438,1628681,Rodney Purvis,1610612753,ORL,16,5,11,290.0,96,341,244,14.2,2.49,1.85,0.282,6,0,4,0.0,0.0,0.0
439,1627758,Ron Baker,1610612752,NYK,28,11,17,367.0,60,537,341,26.4,2.95,2.41,0.112,4,1,10,0.5,0.0,1.0
440,1626178,Rondae Hollis-Jefferson,1610612751,BKN,66,25,41,1851.0,911,3950,2253,136.1,2.07,1.2,0.231,152,275,277,0.572,0.535,0.7
441,1626220,Royce O'Neale,1610612762,UTA,69,43,26,1150.0,343,1527,997,71.6,2.81,2.3,0.225,21,0,38,0.429,0.0,0.526
442,200752,Rudy Gay,1610612759,SAS,57,36,21,1231.0,655,2286,1248,92.9,2.44,1.39,0.287,89,177,132,0.404,0.701,0.955
443,203497,Rudy Gobert,1610612762,UTA,56,37,19,1816.0,756,3332,1886,82.8,1.49,0.35,0.227,373,35,602,0.405,0.143,0.88
444,201566,Russell Westbrook,1610612760,OKC,77,47,30,2804.0,1950,7370,2345,703.8,5.73,5.35,0.265,91,69,164,0.703,0.58,0.683
445,201583,Ryan Anderson,1610612745,HOU,65,52,13,1694.0,612,2011,1209,46.6,1.39,0.45,0.304,25,21,109,0.28,0.667,0.725
446,1627853,Ryan Arcidiacono,1610612741,CHI,24,6,18,304.0,48,588,213,37.1,3.78,3.47,0.082,0,0,2,0.0,0.0,1.0
447,1626257,Salah Mejri,1610612742,DAL,61,21,40,729.0,214,1058,547,25.6,1.45,0.33,0.202,114,12,194,0.342,0.833,0.809
448,1626155,Sam Dekker,1610612746,LAC,73,36,37,883.0,303,1345,714,37.5,1.67,0.86,0.225,22,6,99,1.273,0.333,0.879
449,203816,Scotty Hopson,1610612742,DAL,1,0,1,8.0,1,7,2,0.3,2.18,1.71,0.143,0,0,0,0.0,0.0,0.0
450,203930,Sean Kilpatrick,1610612741,CHI,52,22,30,640.0,330,933,615,48.1,3.09,2.53,0.354,16,0,13,0.625,0.0,0.692
451,1628400,Semi Ojeleye,1610612738,BOS,70,47,23,1132.0,195,1421,737,37.7,1.59,0.56,0.137,17,10,47,0.471,0.0,0.532
452,201586,Serge Ibaka,1610612761,TOR,76,53,23,2093.0,959,3196,1941,86.3,1.62,0.46,0.3,102,81,192,0.735,0.889,0.865
453,203498,Shabazz Muhammad,1610612749,MIL,43,25,18,418.0,214,457,360,16.6,2.19,1.33,0.468,22,47,64,1.045,0.66,0.922
454,203894,Shabazz Napier,1610612757,POR,74,46,28,1535.0,644,2668,1245,205.0,4.61,4.24,0.241,23,2,41,0.391,0.0,0.415
455,203499,Shane Larkin,1610612738,BOS,51,36,15,743.0,231,1395,627,107.3,4.62,4.6,0.166,8,0,13,0.625,0.0,0.692
456,1627885,Shaquille Harrison,1610612756,PHX,23,3,20,384.0,152,769,328,54.1,4.22,3.81,0.198,3,0,15,0.0,0.0,0.733
457,2733,Shaun Livingston,1610612744,GSW,70,48,22,1115.0,392,2298,1028,131.8,3.44,2.9,0.171,49,85,119,0.633,0.576,0.849
458,202714,Shelvin Mack,1610612753,ORL,69,21,48,1365.0,473,3010,1234,245.0,4.88,4.74,0.157,24,5,23,0.5,0.0,0.739
459,1628414,Sindarius Thornwell,1610612746,LAC,73,36,37,1156.0,282,1288,815,46.3,2.16,1.46,0.219,15,2,56,0.4,0.0,0.661
460,1627746,Skal Labissiere,1610612758,SAC,60,19,41,1240.0,523,2031,1266,62.1,1.84,0.52,0.258,241,228,251,0.315,0.408,0.693
461,203524,Solomon Hill,1610612740,NOP,12,8,4,187.0,29,247,124,9.1,2.21,1.45,0.117,6,1,16,0.0,0.0,0.313
462,203915,Spencer Dinwiddie,1610612751,BKN,78,27,51,2255.0,987,5516,2257,466.0,5.07,4.28,0.179,10,3,41,0.2,2.0,0.902
463,1626169,Stanley Johnson,1610612765,DET,69,33,36,1893.0,599,1961,1422,96.1,2.94,2.07,0.305,20,25,52,0.45,0.4,0.769
464,201939,Stephen Curry,1610612744,GSW,50,40,10,1596.0,1318,3844,1551,255.0,3.98,3.72,0.343,53,9,80,0.981,0.667,0.888
465,1628425,Sterling Brown,1610612749,MIL,54,26,28,776.0,217,865,535,27.1,1.88,1.17,0.251,17,0,26,0.471,0.0,0.577
466,203500,Steven Adams,1610612760,OKC,74,43,31,2431.0,1029,2964,1924,69.6,1.41,0.34,0.347,367,148,961,0.616,0.682,0.813
467,204456,T.J. McConnell,1610612755,PHI,75,50,25,1680.0,466,3993,1609,268.9,4.04,3.74,0.117,21,4,53,0.667,0.0,0.453
468,203933,T.J. Warren,1610612756,PHX,65,18,47,2142.0,1271,2931,2229,112.9,2.31,1.46,0.434,208,118,296,0.74,0.686,1.054
469,1628388,TJ Leaf,1610612754,IND,53,31,22,459.0,156,621,345,15.3,1.47,0.47,0.251,22,8,50,0.5,0.5,0.86
470,201959,Taj Gibson,1610612750,MIN,82,47,35,2726.0,999,4082,2229,100.7,1.48,0.56,0.245,308,218,586,0.519,0.628,0.91
471,204028,Tarik Black,1610612745,HOU,51,40,11,536.0,180,949,474,27.0,1.71,0.37,0.19,56,12,144,0.732,0.25,0.785
472,1627752,Taurean Prince,1610612737,ATL,81,24,57,2431.0,1144,3891,2663,169.7,2.62,1.63,0.294,26,5,61,0.5,0.4,0.902
473,1628390,Terrance Ferguson,1610612760,OKC,59,37,22,742.0,187,481,398,11.3,1.41,0.72,0.389,15,0,29,0.933,0.0,0.621
474,203082,Terrence Ross,1610612753,ORL,24,10,14,600.0,209,716,507,26.5,2.22,1.44,0.292,13,3,10,0.308,0.0,1.1
475,1626179,Terry Rozier,1610612738,BOS,77,51,26,2001.0,882,4480,1905,312.2,4.18,3.68,0.197,35,1,70,0.343,2.0,0.429
476,200757,Thabo Sefolosha,1610612762,UTA,38,16,22,806.0,312,1300,793,42.7,1.97,1.04,0.24,40,5,59,0.775,0.0,0.814
477,201152,Thaddeus Young,1610612754,IND,81,48,33,2607.0,955,3944,2142,111.9,1.7,0.7,0.242,158,273,399,0.5,0.505,0.88
478,1628418,Thomas Bryant,1610612747,LAL,15,7,8,72.0,22,102,55,2.6,1.5,0.34,0.216,8,5,10,0.0,0.0,1.0
479,1627748,Thon Maker,1610612749,MIL,73,40,33,1224.0,353,1644,870,40.1,1.46,0.22,0.215,146,12,220,0.26,0.333,0.573
480,204025,Tim Frazier,1610612764,WAS,59,31,28,838.0,176,1928,591,158.7,4.94,4.64,0.091,11,0,23,0.182,0.0,0.217
481,203501,Tim Hardaway Jr.,1610612752,NYK,57,19,38,1885.0,996,3072,2277,127.6,2.49,1.45,0.324,62,2,70,0.823,0.0,1.086
482,1627817,Tim Quarterman,1610612745,HOU,3,2,1,13.0,4,26,9,2.1,4.77,4.12,0.154,0,0,0,0.0,0.0,0.0
483,202389,Timofey Mozgov,1610612751,BKN,29,11,18,346.0,129,535,353,12.6,1.41,0.38,0.241,37,36,90,0.432,0.389,0.733
484,1627789,Timothe Luwawu-Cabarrot,1610612755,PHI,51,29,22,795.0,293,1031,827,29.1,1.69,0.94,0.284,9,1,45,1.111,0.0,0.844
485,202699,Tobias Harris,1610612746,LAC,80,39,41,2668.0,1486,5613,3032,198.0,2.12,1.18,0.265,68,137,129,0.735,0.752,0.721
486,203107,Tomas Satoransky,1610612764,WAS,73,39,34,1643.0,524,3511,1345,255.3,4.36,4.25,0.149,31,13,107,0.387,0.769,0.72
487,2754,Tony Allen,1610612740,NOP,20,11,9,247.0,97,283,171,9.6,2.03,1.27,0.343,11,4,44,0.909,0.5,0.75
488,1628396,Tony Bradley,1610612762,UTA,9,6,3,29.0,8,39,24,1.0,1.53,0.49,0.205,8,2,7,0.5,0.0,0.571
489,2225,Tony Parker,1610612759,SAS,55,32,23,1071.0,421,2542,846,235.0,5.55,5.88,0.166,20,0,18,0.2,0.0,0.444
490,203503,Tony Snell,1610612749,MIL,74,42,32,2028.0,505,1900,1234,50.1,1.58,0.75,0.266,24,1,28,0.792,0.0,0.714
491,1628470,Torrey Craig,1610612743,DEN,39,22,17,629.0,163,658,416,19.6,1.79,0.92,0.248,9,3,69,0.444,0.0,0.841
492,204037,Travis Wear,1610612747,LAL,17,7,10,228.0,75,331,167,7.6,1.38,0.53,0.227,4,5,4,1.0,0.8,1.0
493,1626203,Treveon Graham,1610612766,CHA,63,28,35,1050.0,273,1226,738,34.3,1.68,0.83,0.223,20,8,55,0.35,0.0,0.673
494,2772,Trevor Ariza,1610612745,HOU,66,51,15,2229.0,780,2498,1743,74.9,1.8,0.87,0.312,23,7,52,0.739,0.286,0.404
495,202344,Trevor Booker,1610612754,IND,67,36,31,1148.0,426,2277,1290,63.0,1.66,0.6,0.187,136,123,257,0.478,0.39,0.763
496,203504,Trey Burke,1610612752,NYK,36,10,26,785.0,461,2014,757,171.5,5.11,4.88,0.229,11,3,16,0.364,0.667,1.125
497,1626168,Trey Lyles,1610612743,DEN,73,41,32,1391.0,724,2592,1472,84.1,1.95,0.86,0.279,50,133,144,0.82,0.541,0.972
498,203590,Trey McKinney-Jones,1610612754,IND,1,1,0,1.0,0,1,1,0.0,2.28,0.0,0.0,0,0,0,0.0,0.0,0.0
499,202684,Tristan Thompson,1610612739,CLE,53,27,26,1072.0,307,1496,685,38.0,1.52,0.44,0.205,103,26,300,0.466,0.385,0.717
500,203584,Troy Daniels,1610612756,PHX,79,20,59,1622.0,703,1929,1472,55.7,1.73,1.04,0.364,31,2,17,0.645,1.0,0.588
501,1627786,Troy Williams,1610612752,NYK,21,7,14,307.0,133,404,301,11.4,1.69,0.74,0.329,8,0,35,1.125,0.0,0.829
502,1628463,Tyler Cavanaugh,1610612737,ATL,38,11,27,503.0,183,843,498,18.6,1.32,0.36,0.217,54,2,70,0.148,0.0,0.686
503,1628416,Tyler Dorsey,1610612737,ATL,56,15,41,974.0,405,1498,1088,72.8,2.92,2.23,0.27,17,0,28,0.471,0.0,0.643
504,203898,Tyler Ennis,1610612747,LAL,54,22,32,683.0,224,1526,587,111.9,4.4,4.06,0.147,16,0,21,0.75,0.0,0.571
505,204020,Tyler Johnson,1610612748,MIA,71,38,33,2025.0,823,2988,1959,143.1,2.87,2.27,0.275,37,2,53,0.486,0.0,0.585
506,1628399,Tyler Lydon,1610612743,DEN,1,1,0,2.0,0,4,3,0.1,1.01,0.5,0.0,0,0,1,0.0,0.0,0.0
507,1627755,Tyler Ulis,1610612756,PHX,71,20,51,1658.0,554,3847,1256,329.3,5.14,5.38,0.144,25,1,18,0.16,0.0,0.389
508,203092,Tyler Zeller,1610612749,MIL,64,26,38,1066.0,418,1412,962,31.4,1.33,0.35,0.296,142,27,292,0.486,0.519,0.911
509,201936,Tyreke Evans,1610612763,MEM,51,18,33,1584.0,1005,3752,1929,299.5,4.79,4.08,0.268,28,20,69,0.643,0.5,0.536
510,1627820,Tyrone Wallace,1610612746,LAC,30,17,13,851.0,291,1325,657,69.3,3.14,2.69,0.22,21,9,40,0.762,0.667,0.625
511,2199,Tyson Chandler,1610612756,PHX,46,15,31,1151.0,300,1561,844,40.7,1.56,0.28,0.192,156,22,305,0.173,0.091,0.875
512,1626145,Tyus Jones,1610612750,MIN,82,47,35,1467.0,416,3142,1047,251.9,4.81,4.28,0.132,19,0,26,0.316,0.0,0.769
513,2617,Udonis Haslem,1610612748,MIA,14,9,5,72.0,8,71,55,2.4,2.04,0.66,0.113,9,8,6,0.0,0.25,0.667
514,203505,Vander Blue,1610612747,LAL,5,1,4,45.0,3,28,21,1.3,2.75,1.79,0.107,0,0,0,0.0,0.0,0.0
515,203506,Victor Oladipo,1610612754,IND,75,48,27,2552.0,1735,4826,2698,332.1,4.13,3.6,0.36,82,1,85,0.585,0.0,0.894
516,1713,Vince Carter,1610612758,SAC,58,20,38,1026.0,313,1643,1066,53.1,1.94,0.71,0.191,52,75,42,0.154,0.333,0.286
517,1626205,Vincent Hunter,1610612763,MEM,4,0,4,7.0,6,11,8,0.3,1.91,1.27,0.545,1,2,3,2.0,1.0,0.667
518,1627735,Wade Baldwin IV,1610612757,POR,7,4,3,80.0,38,128,56,9.6,4.52,4.02,0.297,0,0,2,0.0,0.0,0.5
519,1627215,Walter Lemon Jr.,1610612740,NOP,5,4,1,35.0,17,63,29,4.4,4.22,3.68,0.27,0,0,0,0.0,0.0,0.0
520,201961,Wayne Ellington,1610612748,MIA,76,41,35,2018.0,855,2271,1817,60.2,1.59,0.77,0.376,24,1,31,0.583,3.0,0.677
521,1627782,Wayne Selden,1610612763,MEM,35,10,25,691.0,325,1017,807,51.3,3.03,2.24,0.32,12,0,19,0.5,0.0,0.632
522,1628411,Wes Iwundu,1610612753,ORL,62,18,44,1020.0,229,1134,704,46.4,2.46,1.57,0.202,20,2,61,0.8,0.0,0.852
523,202325,Wesley Johnson,1610612746,LAC,74,38,36,1486.0,403,1541,979,37.2,1.45,0.59,0.262,26,4,69,0.654,0.5,0.783
524,202083,Wesley Matthews,1610612742,DAL,63,20,43,2131.0,802,2946,2173,112.0,2.28,1.41,0.272,89,156,76,0.124,0.346,0.513
525,203115,Will Barton,1610612743,DEN,81,46,35,2683.0,1268,4737,2697,307.3,3.89,3.09,0.268,42,6,112,0.667,0.0,1.009
526,1626161,Willie Cauley-Stein,1610612758,SAC,73,23,50,2044.0,932,4000,2411,123.3,1.85,0.64,0.233,520,282,480,0.346,0.489,0.831
527,203186,Willie Reed,1610612765,DET,42,20,22,428.0,195,524,303,14.8,1.7,0.59,0.372,45,43,121,0.6,0.442,1.132
528,1626195,Willy Hernangomez,1610612766,CHA,48,20,28,494.0,246,890,482,25.2,1.7,0.54,0.276,91,69,153,0.319,0.406,0.771
529,201163,Wilson Chandler,1610612743,DEN,74,41,33,2346.0,738,2842,1999,112.5,2.38,1.28,0.26,35,104,245,0.286,0.413,0.653
530,204098,Xavier Munford,1610612749,MIL,6,2,4,21.0,3,44,17,3.5,4.82,3.98,0.068,1,0,0,0.0,0.0,0.0
531,1628504,Xavier Rathan-Mayes,1610612763,MEM,5,0,5,118.0,29,274,113,18.9,4.14,3.52,0.106,0,0,3,0.0,0.0,0.333
532,202918,Xavier Silas,1610612738,BOS,2,1,1,7.0,0,9,7,0.3,2.22,1.56,0.0,1,0,1,0.0,0.0,0.0
533,1627812,Yogi Ferrell,1610612742,DAL,82,24,58,2282.0,838,3748,1806,247.8,3.97,3.45,0.224,48,0,33,0.271,0.0,0.606
534,1628380,Zach Collins,1610612757,POR,66,41,25,1045.0,292,1256,790,38.8,1.85,0.69,0.232,55,93,106,0.4,0.323,0.689
535,203897,Zach LaVine,1610612741,CHI,24,9,15,656.0,401,1107,688,80.0,4.34,3.73,0.362,6,4,18,1.0,0.5,1.0
536,2216,Zach Randolph,1610612758,SAC,59,18,41,1508.0,857,3027,2113,104.4,2.07,0.84,0.283,254,501,262,0.295,0.529,0.927
537,2585,Zaza Pachulia,1610612744,GSW,68,46,22,951.0,365,1758,1057,43.4,1.48,0.44,0.208,164,83,262,0.543,0.253,0.824
538,1627753,Zhou Qi,1610612745,HOU,18,14,4,124.0,22,148,80,3.6,1.47,0.49,0.149,4,3,12,0.5,0.0,0.667
