,PLAYER_ID,PLAYER_NAME,TEAM_ID,TEAM_ABBREVIATION,GP,W,L,MIN,TOUCHES,POST_TOUCHES,POST_TOUCH_FGM,POST_TOUCH_FGA,POST_TOUCH_FG_PCT,POST_TOUCH_FTM,POST_TOUCH_FTA,POST_TOUCH_FT_PCT,POST_TOUCH_PTS,POST_TOUCH_PTS_PCT,POST_TOUCH_PASSES,POST_TOUCH_PASSES_PCT,POST_TOUCH_AST,POST_TOUCH_AST_PCT,POST_TOUCH_TOV,POST_TOUCH_TOV_PCT,POST_TOUCH_FOULS,POST_TOUCH_FOULS_PCT
0,201166,Aaron Brooks,1610612750,MIN,32,19,13,189.0,404,0,0,0,0.0,0,0,0.0,0,0.0,0,0.0,0,0.0,0,0.0,0,0.0
1,203932,Aaron Gordon,1610612753,ORL,58,19,39,1909.0,3476,131,25,63,0.397,9,16,0.563,60,0.458,38,0.29,8,0.061,5,0.038,8,0.061
2,1626151,Aaron Harrison,1610612742,DAL,9,2,7,233.0,263,0,0,0,0.0,0,0,0.0,0,0.0,0,0.0,0,0.0,0,0.0,0,0.0
3,1627846,Abdel Nader,1610612738,BOS,47,32,15,520.0,626,3,0,1,0.0,3,4,0.75,3,1.0,0,0.0,0,0.0,0,0.0,2,0.667
4,203940,Adreian Payne,1610612753,ORL,5,0,5,43.0,62,3,1,1,1.0,0,0,0.0,2,0.667,2,0.667,0,0.0,0,0.0,0,0.0
5,201143,Al Horford,1610612738,BOS,69,44,25,2175.0,4381,359,77,176,0.438,16,22,0.727,171,0.476,102,0.284,31,0.086,19,0.053,11,0.031
6,2744,Al Jefferson,1610612754,IND,36,17,19,484.0,961,136,48,89,0.539,6,6,1.0,104,0.765,27,0.199,7,0.051,6,0.044,3,0.022
7,202329,Al-Farouq Aminu,1610612757,POR,69,40,29,2072.0,2486,13,1,4,0.25,0,0,0.0,2,0.154,4,0.308,1,0.077,1,0.077,0,0.0
8,1626210,Alan Williams,1610612756,PHX,5,1,4,70.0,117,11,0,3,0.0,0,0,0.0,0,0.0,4,0.364,2,0.182,0,0.0,0,0.0
9,202692,Alec Burks,1610612762,UTA,64,37,27,1059.0,1660,0,0,0,0.0,0,0,0.0,0,0.0,0,0.0,0,0.0,0,0.0,0,0.0
10,1628409,Alec Peters,1610612756,PHX,20,2,18,225.0,329,3,1,1,1.0,0,0,0.0,2,0.667,2,0.667,0,0.0,0,0.0,0,0.0
11,203518,Alex Abrines,1610612760,OKC,72,42,30,1084.0,1072,0,0,0,0.0,0,0,0.0,0,0.0,0,0.0,0,0.0,0,0.0,0,0.0
12,1627936,Alex Caruso,1610612747,LAL,37,16,21,562.0,1093,1,0,0,0.0,0,0,0.0,0,0.0,0,0.0,1,1.0,0,0.0,0,0.0
13,203458,Alex Len,1610612756,PHX,69,20,49,1395.0,2218,127,16,33,0.485,19,28,0.679,51,0.402,52,0.409,7,0.055,9,0.071,15,0.118
14,1627816,Alex Poythress,1610612754,IND,25,10,15,104.0,128,1,0,0,0.0,0,0,0.0,0,0.0,1,1.0,0,0.0,0,0.0,0,0.0
15,1628035,Alfonzo McKinnie,1610612761,TOR,14,13,1,53.0,64,0,0,0,0.0,0,0,0.0,0,0.0,0,0.0,0,0.0,0,0.0,0,0.0
16,203459,Allen Crabbe,1610612751,BKN,73,24,49,2133.0,3155,0,0,0,0.0,0,0,0.0,0,0.0,0,0.0,0,0.0,0,0.0,0,0.0
17,101161,Amir Johnson,1610612755,PHI,74,47,27,1170.0,1993,39,4,14,0.286,1,2,0.5,9,0.231,14,0.359,5,0.128,2,0.051,1,0.026
18,203083,Andre Drummond,1610612765,DET,78,37,41,2625.0,4079,267,54,124,0.435,19,28,0.679,128,0.479,82,0.307,13,0.049,17,0.064,14,0.052
19,2738,Andre Iguodala,1610612744,GSW,63,45,18,1599.0,2796,63,7,18,0.389,2,2,1.0,17,0.27,30,0.476,11,0.175,2,0.032,1,0.016
20,201281,Andre Ingram,1610612747,LAL,2,1,1,64.0,68,1,0,0,0.0,0,0,0.0,0,0.0,1,1.0,0,0.0,0,0.0,0,0.0
21,203460,Andre Roberson,1610612760,OKC,36,24,12,955.0,886,1,0,0,0.0,0,0,0.0,0,0.0,0,0.0,0,0.0,1,1.0,0,0.0
22,101106,Andrew Bogut,1610612747,LAL,24,7,17,216.0,362,7,0,2,0.0,0,0,0.0,0,0.0,3,0.429,1,0.143,1,0.143,0,0.0
23,1626150,Andrew Harrison,1610612763,MEM,55,16,39,1306.0,3008,1,0,0,0.0,1,2,0.5,1,1.0,0,0.0,0,0.0,0,0.0,1,1.0
24,1628510,Andrew White III,1610612737,ATL,15,1,14,209.0,230,0,0,0,0.0,0,0,0.0,0,0.0,0,0.0,0,0.0,0,0.0,0,0.0
25,203952,Andrew Wiggins,1610612750,MIN,82,47,35,2979.0,3489,206,59,121,0.488,16,30,0.533,137,0.665,35,0.17,17,0.083,11,0.053,15,0.073
26,1627790,Ante Zizic,1610612739,CLE,32,21,11,214.0,279,28,8,12,0.667,0,0,0.0,16,0.571,10,0.357,1,0.036,4,0.143,0,0.0
27,1626148,Anthony Brown,1610612750,MIN,1,0,1,4.0,5,0,0,0,0.0,0,0,0.0,0,0.0,0,0.0,0,0.0,0,0.0,0,0.0
28,203076,Anthony Davis,1610612740,NOP,73,44,29,2643.0,5187,462,120,254,0.472,43,52,0.827,291,0.63,107,0.232,23,0.05,30,0.065,26,0.056
29,201229,Anthony Tolliver,1610612765,DET,79,37,42,1757.0,3640,6,1,2,0.5,2,3,0.667,4,0.667,0,0.0,1,0.167,0,0.0,3,0.5
30,1628469,Antonio Blakeney,1610612741,CHI,19,3,16,314.0,350,0,0,0,0.0,0,0,0.0,0,0.0,0,0.0,0,0.0,0,0.0,0,0.0
31,1628499,Antonius Cleveland,1610612737,ATL,17,7,10,123.0,100,0,0,0,0.0,0,0,0.0,0,0.0,0,0.0,0,0.0,0,0.0,0,0.0
32,203382,Aron Baynes,1610612738,BOS,78,51,27,1433.0,2201,109,26,53,0.491,5,8,0.625,59,0.541,32,0.294,7,0.064,8,0.073,4,0.037
33,201167,Arron Afflalo,1610612753,ORL,53,16,37,682.0,746,58,9,22,0.409,2,2,1.0,20,0.345,25,0.431,5,0.086,1,0.017,1,0.017
34,203085,Austin Rivers,1610612746,LAC,61,30,31,2057.0,4204,0,0,0,0.0,0,0,0.0,0,0.0,0,0.0,0,0.0,0,0.0,0,0.0
35,202340,Avery Bradley,1610612746,LAC,46,22,24,1433.0,1855,2,2,2,1.0,0,0,0.0,4,2.0,0,0.0,0,0.0,0,0.0,0,0.0
36,1628389,Bam Adebayo,1610612748,MIA,68,33,35,1348.0,1856,182,11,36,0.306,11,18,0.611,34,0.187,106,0.582,20,0.11,5,0.027,9,0.049
37,203463,Ben McLemore,1610612763,MEM,56,7,49,1091.0,1562,1,0,0,0.0,0,0,0.0,0,0.0,1,1.0,0,0.0,0,0.0,0,0.0
38,1628500,Ben Moore,1610612754,IND,2,1,1,9.0,8,0,0,0,0.0,0,0,0.0,0,0.0,0,0.0,0,0.0,0,0.0,0,0.0
39,1627732,Ben Simmons,1610612755,PHI,80,51,29,2703.0,7600,254,21,70,0.3,8,14,0.571,50,0.197,103,0.406,41,0.161,21,0.083,8,0.031
40,202687,Bismack Biyombo,1610612753,ORL,82,25,57,1495.0,2481,38,10,16,0.625,2,2,1.0,22,0.579,14,0.368,2,0.053,4,0.105,1,0.026
41,201933,Blake Griffin,1610612765,DET,58,28,30,1970.0,5005,374,61,138,0.442,39,48,0.813,163,0.436,129,0.345,28,0.075,24,0.064,27,0.072
42,1626246,Boban Marjanovic,1610612746,LAC,39,18,21,338.0,519,126,28,65,0.431,21,26,0.808,80,0.635,13,0.103,11,0.087,13,0.103,13,0.103
43,201628,Bobby Brown,1610612745,HOU,20,17,3,115.0,239,0,0,0,0.0,0,0,0.0,0,0.0,0,0.0,0,0.0,0,0.0,0,0.0
44,1626171,Bobby Portis,1610612741,CHI,73,25,48,1643.0,3138,191,51,89,0.573,14,18,0.778,117,0.613,51,0.267,10,0.052,18,0.094,9,0.047
45,203992,Bogdan Bogdanovic,1610612758,SAC,78,26,52,2175.0,3803,24,5,10,0.5,4,4,1.0,14,0.583,8,0.333,1,0.042,2,0.083,2,0.083
46,202711,Bojan Bogdanovic,1610612754,IND,80,47,33,2465.0,2891,26,6,18,0.333,1,2,0.5,12,0.462,3,0.115,0,0.0,3,0.115,1,0.038
47,203078,Bradley Beal,1610612764,WAS,82,43,39,2977.0,5754,31,4,9,0.444,7,7,1.0,15,0.484,12,0.387,4,0.129,0,0.0,4,0.129
48,201148,Brandan Wright,1610612745,HOU,27,10,17,370.0,535,14,4,7,0.571,0,0,0.0,8,0.571,4,0.286,1,0.071,2,0.143,0,0.0
49,1627742,Brandon Ingram,1610612747,LAL,59,27,32,1975.0,3345,53,9,26,0.346,4,4,1.0,22,0.415,10,0.189,6,0.113,3,0.057,2,0.038
50,201943,Brandon Jennings,1610612749,MIL,14,8,6,205.0,514,2,0,1,0.0,0,0,0.0,0,0.0,1,0.5,0,0.0,0,0.0,0,0.0
51,203464,Brandon Paul,1610612759,SAS,64,38,26,576.0,721,0,0,0,0.0,0,0,0.0,0,0.0,0,0.0,0,0.0,0,0.0,0,0.0
52,1627362,Briante Weber,1610612763,MEM,18,8,10,237.0,490,2,0,0,0.0,0,0,0.0,0,0.0,2,1.0,0,0.0,0,0.0,0,0.0
53,1627744,Brice Johnson,1610612763,MEM,18,2,16,98.0,178,6,3,6,0.5,0,0,0.0,6,1.0,0,0.0,0,0.0,0,0.0,0,0.0
54,201572,Brook Lopez,1610612747,LAL,74,34,40,1735.0,2756,406,87,177,0.492,20,36,0.556,201,0.495,131,0.323,32,0.079,21,0.052,19,0.047
55,203998,Bruno Caboclo,1610612758,SAC,12,4,8,106.0,162,8,2,5,0.4,2,2,1.0,6,0.75,2,0.25,0,0.0,0,0.0,1,0.125
56,1627854,Bryn Forbes,1610612759,SAS,80,46,34,1517.0,1721,0,0,0,0.0,0,0,0.0,0,0.0,0,0.0,0,0.0,0,0.0,0,0.0
57,1627741,Buddy Hield,1610612758,SAC,80,27,53,2024.0,3084,2,1,1,1.0,0,0,0.0,2,1.0,1,0.5,0,0.0,0,0.0,0,0.0
58,203710,C.J. Williams,1610612746,LAC,38,17,21,707.0,783,1,0,0,0.0,0,0,0.0,0,0.0,1,1.0,0,0.0,0,0.0,0,0.0
59,203468,CJ McCollum,1610612757,POR,81,48,33,2924.0,4778,1,0,0,0.0,0,0,0.0,0,0.0,1,1.0,0,0.0,0,0.0,0,0.0
60,101139,CJ Miles,1610612761,TOR,70,50,20,1337.0,1593,1,0,0,0.0,0,0,0.0,0,0.0,0,0.0,0,0.0,1,1.0,0,0.0
61,1628403,Caleb Swanigan,1610612757,POR,27,16,11,189.0,250,27,3,11,0.273,0,0,0.0,6,0.222,10,0.37,1,0.037,4,0.148,0,0.0
62,1626166,Cameron Payne,1610612741,CHI,25,7,18,582.0,1439,0,0,0,0.0,0,0,0.0,0,0.0,0,0.0,0,0.0,0,0.0,0,0.0
63,1627747,Caris LeVert,1610612751,BKN,69,24,45,1802.0,3511,2,0,0,0.0,0,0,0.0,0,0.0,2,1.0,0,0.0,0,0.0,0,0.0
64,2546,Carmelo Anthony,1610612760,OKC,75,46,29,2397.0,4004,263,66,161,0.41,35,41,0.854,172,0.654,42,0.16,11,0.042,20,0.076,22,0.084
65,1626224,Cedi Osman,1610612739,CLE,61,35,26,673.0,896,0,0,0,0.0,0,0,0.0,0,0.0,0,0.0,0,0.0,0,0.0,0,0.0
66,202718,Chandler Parsons,1610612763,MEM,35,11,24,676.0,1074,11,1,4,0.25,0,0,0.0,2,0.182,6,0.545,0,0.0,1,0.091,0,0.0
67,101112,Channing Frye,1610612747,LAL,53,28,25,695.0,1171,37,11,17,0.647,2,2,1.0,25,0.676,11,0.297,4,0.108,3,0.081,1,0.027
68,1628429,Charles Cooke,1610612740,NOP,13,8,5,38.0,43,0,0,0,0.0,0,0,0.0,0,0.0,0,0.0,0,0.0,0,0.0,0,0.0
69,1627767,Cheick Diallo,1610612740,NOP,52,29,23,581.0,898,22,8,15,0.533,0,0,0.0,16,0.727,4,0.182,0,0.0,2,0.091,0,0.0
70,1627778,Chinanu Onuaku,1610612745,HOU,1,0,1,22.0,26,3,1,1,1.0,0,0,0.0,2,0.667,1,0.333,0,0.0,0,0.0,0,0.0
71,1628449,Chris Boucher,1610612744,GSW,1,1,0,1.0,4,0,0,0,0.0,0,0,0.0,0,0.0,0,0.0,0,0.0,0,0.0,0,0.0
72,1626191,Chris McCullough,1610612764,WAS,19,11,8,90.0,180,1,0,1,0.0,0,0,0.0,0,0.0,0,0.0,0,0.0,0,0.0,0,0.0
73,101108,Chris Paul,1610612745,HOU,58,50,8,1847.0,4140,76,16,33,0.485,4,4,1.0,37,0.487,21,0.276,14,0.184,2,0.026,2,0.026
74,203991,Clint Capela,1610612745,HOU,73,62,11,2009.0,3768,55,14,29,0.483,7,10,0.7,35,0.636,16,0.291,1,0.018,4,0.073,5,0.091
75,203469,Cody Zeller,1610612766,CHA,33,14,19,627.0,655,5,0,1,0.0,2,2,1.0,2,0.4,2,0.4,0,0.0,1,0.2,1,0.2
76,202332,Cole Aldrich,1610612750,MIN,21,14,7,49.0,80,3,1,2,0.5,0,0,0.0,2,0.667,1,0.333,0,0.0,0,0.0,0,0.0
77,201147,Corey Brewer,1610612760,OKC,72,32,40,1209.0,1168,1,0,0,0.0,0,0,0.0,0,0.0,1,1.0,0,0.0,0,0.0,0,0.0
78,202709,Cory Joseph,1610612754,IND,82,48,34,2210.0,4235,4,1,2,0.5,0,0,0.0,2,0.5,0,0.0,2,0.5,0,0.0,0,0.0
79,201584,Courtney Lee,1610612752,NYK,75,26,49,2278.0,2886,1,1,1,1.0,0,0,0.0,2,2.0,0,0.0,0,0.0,0,0.0,0,0.0
80,1626245,Cristiano Felicio,1610612741,CHI,55,13,42,977.0,1156,74,11,26,0.423,3,4,0.75,25,0.338,29,0.392,5,0.068,8,0.108,2,0.027
81,1626156,D'Angelo Russell,1610612751,BKN,48,16,32,1234.0,3193,12,0,5,0.0,0,0,0.0,0,0.0,2,0.167,1,0.083,0,0.0,0,0.0
82,201571,D.J. Augustin,1610612753,ORL,75,23,52,1760.0,3929,2,0,1,0.0,0,0,0.0,0,0.0,1,0.5,0,0.0,0,0.0,0,0.0
83,1628391,D.J. Wilson,1610612749,MIL,22,12,10,71.0,109,0,0,0,0.0,0,0,0.0,0,0.0,0,0.0,0,0.0,0,0.0,0,0.0
84,1626177,Dakari Johnson,1610612760,OKC,29,21,8,144.0,176,15,6,9,0.667,1,2,0.5,13,0.867,3,0.2,1,0.067,0,0.0,1,0.067
85,1627745,Damian Jones,1610612744,GSW,15,7,8,89.0,109,5,0,0,0.0,0,0,0.0,0,0.0,3,0.6,0,0.0,1,0.2,0,0.0
86,203081,Damian Lillard,1610612757,POR,73,44,29,2670.0,6003,2,1,2,0.5,0,0,0.0,2,1.0,0,0.0,0,0.0,0,0.0,0,0.0
87,2863,Damien Wilkins,1610612754,IND,19,10,9,152.0,193,4,1,2,0.5,0,0,0.0,2,0.5,0,0.0,1,0.25,0,0.0,0,0.0
88,1627814,Damion Lee,1610612737,ATL,15,4,11,404.0,615,0,0,0,0.0,0,0,0.0,0,0.0,0,0.0,0,0.0,0,0.0,0,0.0
89,1628422,Damyean Dotson,1610612752,NYK,44,11,33,474.0,609,0,0,0,0.0,0,0,0.0,0,0.0,0,0.0,0,0.0,0,0.0,0,0.0
90,1627772,Daniel Hamilton,1610612760,OKC,6,5,1,28.0,67,0,0,0,0.0,0,0,0.0,0,0.0,0,0.0,0,0.0,0,0.0,0,0.0
91,1628464,Daniel Theis,1610612738,BOS,60,41,19,894.0,1423,30,6,12,0.5,2,2,1.0,14,0.467,12,0.4,2,0.067,2,0.067,1,0.033
92,201568,Danilo Gallinari,1610612746,LAC,21,11,10,671.0,1081,48,5,14,0.357,11,12,0.917,22,0.458,16,0.333,2,0.042,3,0.063,6,0.125
93,201980,Danny Green,1610612759,SAS,70,40,30,1791.0,2704,2,0,0,0.0,0,0,0.0,0,0.0,2,1.0,0,0.0,0,0.0,0,0.0
94,201967,Dante Cunningham,1610612751,BKN,71,33,38,1518.0,1979,17,1,4,0.25,0,0,0.0,2,0.118,10,0.588,2,0.118,1,0.059,0,0.0
95,203957,Dante Exum,1610612762,UTA,14,10,4,235.0,495,0,0,0,0.0,0,0,0.0,0,0.0,0,0.0,0,0.0,0,0.0,0,0.0
96,1627863,Danuel House,1610612756,PHX,23,6,17,403.0,483,3,0,1,0.0,0,0,0.0,0,0.0,2,0.667,0,0.0,0,0.0,0,0.0
97,203967,Dario Saric,1610612755,PHI,77,49,28,2277.0,4654,154,18,38,0.474,21,24,0.875,59,0.383,49,0.318,27,0.175,19,0.123,12,0.078
98,203121,Darius Miller,1610612740,NOP,80,47,33,1903.0,1841,4,0,1,0.0,0,0,0.0,0,0.0,2,0.5,0,0.0,0,0.0,0,0.0
99,201589,Darrell Arthur,1610612743,DEN,19,12,7,141.0,225,4,1,3,0.333,0,0,0.0,2,0.5,0,0.0,1,0.25,0,0.0,0,0.0
100,201954,Darren Collison,1610612754,IND,69,39,30,2018.0,4347,0,0,0,0.0,0,0,0.0,0,0.0,0,0.0,0,0.0,0,0.0,0,0.0
101,1626199,Darrun Hilliard,1610612759,SAS,14,8,6,95.0,136,0,0,0,0.0,0,0,0.0,0,0.0,0,0.0,0,0.0,0,0.0,0,0.0
102,1628021,David Nwaba,1610612741,CHI,70,26,44,1646.0,1645,27,8,15,0.533,1,4,0.25,18,0.667,5,0.185,1,0.037,2,0.074,2,0.074
103,204065,David Stockton,1610612762,UTA,3,3,0,9.0,21,0,0,0,0.0,0,0,0.0,0,0.0,0,0.0,0,0.0,0,0.0,0,0.0
104,2561,David West,1610612744,GSW,72,51,21,986.0,1911,248,27,60,0.45,12,16,0.75,68,0.274,107,0.431,43,0.173,19,0.077,9,0.036
105,202722,Davis Bertans,1610612759,SAS,77,43,34,1086.0,1864,5,1,1,1.0,1,2,0.5,3,0.6,3,0.6,0,0.0,0,0.0,1,0.2
106,1628432,Davon Reed,1610612756,PHX,21,2,19,242.0,333,0,0,0,0.0,0,0,0.0,0,0.0,0,0.0,0,0.0,0,0.0,0,0.0
107,1628368,De'Aaron Fox,1610612758,SAC,73,24,49,2026.0,4951,0,0,0,0.0,0,0,0.0,0,0.0,0,0.0,0,0.0,0,0.0,0,0.0
108,201599,DeAndre Jordan,1610612746,LAC,77,39,38,2423.0,4259,119,12,42,0.286,9,18,0.5,33,0.277,40,0.336,7,0.059,10,0.084,9,0.076
109,202732,DeAndre Liggins,1610612740,NOP,57,34,23,708.0,702,1,1,1,1.0,0,0,0.0,3,3.0,0,0.0,0,0.0,0,0.0,0,0.0
110,1627761,DeAndre' Bembry,1610612737,ATL,25,8,17,454.0,748,2,0,1,0.0,0,0,0.0,0,0.0,1,0.5,0,0.0,0,0.0,0,0.0
111,201942,DeMar DeRozan,1610612761,TOR,80,57,23,2712.0,5064,93,16,42,0.381,7,11,0.636,42,0.452,26,0.28,7,0.075,5,0.054,6,0.065
112,202326,DeMarcus Cousins,1610612740,NOP,46,26,20,1678.0,4141,349,56,120,0.467,40,56,0.714,159,0.456,117,0.335,29,0.083,39,0.112,28,0.08
113,201960,DeMarre Carroll,1610612751,BKN,71,24,47,2122.0,3643,12,0,1,0.0,0,0,0.0,0,0.0,10,0.833,0,0.0,0,0.0,0,0.0
114,1627749,Dejounte Murray,1610612759,SAS,81,47,34,1743.0,4264,4,2,3,0.667,0,0,0.0,5,1.25,0,0.0,1,0.25,0,0.0,0,0.0
115,1626153,Delon Wright,1610612761,TOR,69,49,20,1433.0,2929,0,0,0,0.0,0,0,0.0,0,0.0,0,0.0,0,0.0,0,0.0,0,0.0
116,1627743,Demetrius Jackson,1610612755,PHI,14,12,2,76.0,180,0,0,0,0.0,0,0,0.0,0,0.0,0,0.0,0,0.0,0,0.0,0,0.0
117,203471,Dennis Schroder,1610612737,ATL,66,21,45,2041.0,5770,0,0,0,0.0,0,0,0.0,0,0.0,0,0.0,0,0.0,0,0.0,0,0.0
118,1628372,Dennis Smith Jr.,1610612742,DAL,69,22,47,2049.0,5425,18,4,8,0.5,0,0,0.0,8,0.444,7,0.389,2,0.111,1,0.056,0,0.0
119,1627756,Denzel Valentine,1610612741,CHI,77,26,51,2095.0,3079,3,1,1,1.0,0,0,0.0,3,1.0,1,0.333,1,0.333,0,0.0,0,0.0
120,202324,Derrick Favors,1610612762,UTA,77,46,31,2153.0,3969,135,15,41,0.366,11,14,0.786,41,0.304,59,0.437,8,0.059,10,0.074,7,0.052
121,1627884,Derrick Jones Jr.,1610612748,MIA,20,9,11,245.0,216,0,0,0,0.0,0,0,0.0,0,0.0,0,0.0,0,0.0,0,0.0,0,0.0
122,201565,Derrick Rose,1610612750,MIN,25,15,10,419.0,726,2,0,1,0.0,0,0,0.0,0,0.0,1,0.5,0,0.0,0,0.0,0,0.0
123,1628476,Derrick Walton Jr.,1610612748,MIA,16,8,8,147.0,262,0,0,0,0.0,0,0,0.0,0,0.0,0,0.0,0,0.0,0,0.0,0,0.0
124,1628401,Derrick White,1610612759,SAS,17,7,10,139.0,237,0,0,0,0.0,0,0,0.0,0,0.0,0,0.0,0,0.0,0,0.0,0,0.0
125,202682,Derrick Williams,1610612747,LAL,2,1,1,9.0,13,0,0,0,0.0,0,0,0.0,0,0.0,0,0.0,0,0.0,0,0.0,0,0.0
126,1626164,Devin Booker,1610612756,PHX,54,16,38,1865.0,3630,105,20,57,0.351,9,10,0.9,52,0.495,25,0.238,8,0.076,5,0.048,5,0.048
127,2734,Devin Harris,1610612743,DEN,71,33,38,1340.0,2396,3,0,0,0.0,0,0,0.0,0,0.0,2,0.667,1,0.333,0,0.0,0,0.0
128,1628421,Devin Robinson,1610612764,WAS,1,0,1,13.0,20,0,0,0,0.0,0,0,0.0,0,0.0,0,0.0,0,0.0,0,0.0,0,0.0
129,203473,Dewayne Dedmon,1610612737,ATL,61,18,43,1520.0,2559,35,6,15,0.4,1,2,0.5,15,0.429,11,0.314,4,0.114,2,0.057,1,0.029
130,1627738,Deyonta Davis,1610612763,MEM,62,16,46,943.0,1369,26,4,10,0.4,0,0,0.0,8,0.308,11,0.423,5,0.192,0,0.0,0,0.0
131,1628415,Dillon Brooks,1610612763,MEM,81,21,60,2329.0,3170,10,2,5,0.4,2,2,1.0,6,0.6,2,0.2,0,0.0,1,0.1,1,0.1
132,203079,Dion Waiters,1610612748,MIA,29,15,14,893.0,1634,1,0,0,0.0,0,0,0.0,0,0.0,1,1.0,0,0.0,0,0.0,0,0.0
133,1717,Dirk Nowitzki,1610612742,DAL,77,24,53,1900.0,3276,204,49,103,0.476,26,29,0.897,128,0.627,51,0.25,19,0.093,8,0.039,15,0.074
134,1627734,Domantas Sabonis,1610612754,IND,74,45,29,1810.0,4057,191,37,80,0.463,14,22,0.636,89,0.466,59,0.309,11,0.058,17,0.089,11,0.058
135,1628378,Donovan Mitchell,1610612762,UTA,79,46,33,2638.0,4835,8,0,3,0.0,0,0,0.0,0,0.0,5,0.625,0,0.0,0,0.0,0,0.0
136,1627827,Dorian Finney-Smith,1610612742,DAL,21,4,17,448.0,570,4,0,0,0.0,0,0,0.0,0,0.0,3,0.75,1,0.25,0,0.0,0,0.0
137,203926,Doug McDermott,1610612742,DAL,80,29,51,1736.0,2101,11,1,5,0.2,2,2,1.0,4,0.364,3,0.273,2,0.182,0,0.0,1,0.091
138,1627733,Dragan Bender,1610612756,PHX,82,21,61,2069.0,3688,92,5,22,0.227,3,4,0.75,13,0.141,46,0.5,14,0.152,5,0.054,2,0.022
139,203110,Draymond Green,1610612744,GSW,69,47,22,2252.0,5390,299,19,39,0.487,8,12,0.667,46,0.154,159,0.532,60,0.201,20,0.067,6,0.02
140,1628407,Dwayne Bacon,1610612766,CHA,53,25,28,713.0,743,0,0,0,0.0,0,0,0.0,0,0.0,0,0.0,0,0.0,0,0.0,0,0.0
141,202779,Dwight Buycks,1610612765,DET,29,10,19,427.0,1019,0,0,0,0.0,0,0,0.0,0,0.0,0,0.0,0,0.0,0,0.0,0,0.0
142,2730,Dwight Howard,1610612766,CHA,81,35,46,2463.0,3896,662,149,323,0.461,66,122,0.541,372,0.562,134,0.202,30,0.045,74,0.112,61,0.092
143,203939,Dwight Powell,1610612742,DAL,79,23,56,1672.0,2654,33,5,10,0.5,4,6,0.667,14,0.424,11,0.333,2,0.061,4,0.121,3,0.091
144,2548,Dwyane Wade,1610612748,MIA,67,37,30,1536.0,3203,131,26,59,0.441,13,14,0.929,67,0.511,39,0.298,14,0.107,6,0.046,7,0.053
145,202734,E'Twaun Moore,1610612740,NOP,80,47,33,2528.0,3130,17,5,9,0.556,0,0,0.0,11,0.647,3,0.176,1,0.059,2,0.118,0,0.0
146,202334,Ed Davis,1610612757,POR,78,48,30,1471.0,2379,28,4,14,0.286,3,4,0.75,11,0.393,7,0.25,0,0.0,2,0.071,2,0.071
147,1628410,Edmond Sumner,1610612754,IND,1,0,1,2.0,4,0,0,0,0.0,0,0,0.0,0,0.0,0,0.0,0,0.0,0,0.0,0,0.0
148,202327,Ekpe Udoh,1610612762,UTA,63,36,27,810.0,1127,25,2,5,0.4,0,0,0.0,4,0.16,15,0.6,3,0.12,0,0.0,0,0.0
149,203901,Elfrid Payton,1610612756,PHX,63,13,50,1809.0,4127,8,1,2,0.5,1,2,0.5,3,0.375,5,0.625,0,0.0,0,0.0,1,0.125
150,2731,Emeka Okafor,1610612740,NOP,26,16,10,353.0,386,18,4,12,0.333,0,0,0.0,8,0.444,3,0.167,0,0.0,2,0.111,0,0.0
151,1626144,Emmanuel Mudiay,1610612752,NYK,64,29,35,1244.0,2919,9,4,4,1.0,0,0,0.0,8,0.889,4,0.444,1,0.111,0,0.0,0,0.0
152,202683,Enes Kanter,1610612752,NYK,70,26,44,1807.0,3596,410,92,168,0.548,22,22,1.0,215,0.524,133,0.324,34,0.083,41,0.1,11,0.027
153,202339,Eric Bledsoe,1610612749,MIL,74,40,34,2322.0,5313,32,6,7,0.857,4,6,0.667,17,0.531,12,0.375,6,0.188,2,0.063,3,0.094
154,201569,Eric Gordon,1610612745,HOU,68,55,13,2121.0,2710,8,1,2,0.5,2,2,1.0,4,0.5,4,0.5,0,0.0,0,0.0,1,0.125
155,203961,Eric Moreland,1610612765,DET,67,32,35,805.0,1076,28,2,4,0.5,0,0,0.0,4,0.143,19,0.679,1,0.036,2,0.071,0,0.0
156,1628571,Erik McCree,1610612762,UTA,4,4,0,8.0,10,0,0,0,0.0,0,0,0.0,0,0.0,0,0.0,0,0.0,0,0.0,0,0.0
157,101141,Ersan Ilyasova,1610612755,PHI,69,36,33,1730.0,3153,50,11,28,0.393,8,10,0.8,33,0.66,7,0.14,2,0.04,6,0.12,5,0.1
158,203095,Evan Fournier,1610612753,ORL,57,20,37,1837.0,2376,7,1,3,0.333,0,0,0.0,2,0.286,2,0.286,1,0.143,0,0.0,0,0.0
159,202323,Evan Turner,1610612757,POR,79,48,31,2034.0,3057,143,39,71,0.549,13,14,0.929,93,0.65,32,0.224,14,0.098,9,0.063,7,0.049
160,1626163,Frank Kaminsky,1610612766,CHA,79,35,44,1835.0,3740,97,23,61,0.377,12,14,0.857,58,0.598,21,0.216,2,0.021,1,0.01,7,0.072
161,1628412,Frank Mason,1610612758,SAC,52,17,35,984.0,2274,0,0,0,0.0,0,0,0.0,0,0.0,0,0.0,0,0.0,0,0.0,0,0.0
162,1628373,Frank Ntilikina,1610612752,NYK,77,27,50,1693.0,3721,15,1,5,0.2,0,0,0.0,2,0.133,9,0.6,1,0.067,0,0.0,0,0.0
163,1627832,Fred VanVleet,1610612761,TOR,76,55,21,1520.0,3030,2,0,0,0.0,0,0,0.0,0,0.0,1,0.5,0,0.0,0,0.0,0,0.0
164,1627788,Furkan Korkmaz,1610612755,PHI,14,11,3,80.0,92,0,0,0,0.0,0,0,0.0,0,0.0,0,0.0,0,0.0,0,0.0,0,0.0
165,202066,Garrett Temple,1610612758,SAC,65,23,42,1615.0,2481,3,0,2,0.0,0,0,0.0,0,0.0,0,0.0,0,0.0,1,0.333,0,0.0
166,203914,Gary Harris,1610612743,DEN,67,37,30,2305.0,2830,4,0,2,0.0,0,0,0.0,0,0.0,2,0.5,0,0.0,0,0.0,0,0.0
167,1627780,Gary Payton II,1610612747,LAL,23,10,13,221.0,343,0,0,0,0.0,0,0,0.0,0,0.0,0,0.0,0,0.0,0,0.0,0,0.0
168,201588,George Hill,1610612739,CLE,67,28,39,1812.0,3644,18,0,8,0.0,2,2,1.0,2,0.111,5,0.278,1,0.056,1,0.056,1,0.056
169,1627777,Georges Niang,1610612762,UTA,9,9,0,32.0,47,2,1,2,0.5,0,0,0.0,2,1.0,0,0.0,0,0.0,0,0.0,0,0.0
170,1627834,Georgios Papagiannis,1610612757,POR,17,3,14,122.0,237,17,3,12,0.25,0,0,0.0,6,0.353,4,0.235,0,0.0,0,0.0,0,0.0
171,101123,Gerald Green,1610612745,HOU,41,33,8,929.0,1193,3,3,3,1.0,0,0,0.0,6,2.0,0,0.0,0,0.0,0,0.0,0,0.0
172,1628492,Gian Clavell,1610612742,DAL,7,0,7,64.0,69,0,0,0,0.0,0,0,0.0,0,0.0,0,0.0,0,0.0,0,0.0,0,0.0
173,203507,Giannis Antetokounmpo,1610612749,MIL,74,39,35,2715.0,6343,285,54,118,0.458,10,20,0.5,119,0.418,98,0.344,23,0.081,17,0.06,10,0.035
174,203922,Glenn Robinson III,1610612754,IND,23,14,9,338.0,381,1,1,1,1.0,0,0,0.0,2,2.0,0,0.0,0,0.0,0,0.0,0,0.0
175,201609,Goran Dragic,1610612748,MIA,74,38,36,2349.0,5857,15,3,6,0.5,1,2,0.5,7,0.467,4,0.267,2,0.133,2,0.133,1,0.067
176,202330,Gordon Hayward,1610612738,BOS,1,0,1,5.0,9,0,0,0,0.0,0,0,0.0,0,0.0,0,0.0,0,0.0,0,0.0,0,0.0
177,203476,Gorgui Dieng,1610612750,MIN,79,45,34,1333.0,2238,49,8,22,0.364,2,4,0.5,18,0.367,15,0.306,3,0.061,4,0.082,2,0.041
178,202328,Greg Monroe,1610612738,BOS,50,21,29,1024.0,1913,251,49,111,0.441,14,16,0.875,114,0.454,72,0.287,21,0.084,19,0.076,8,0.032
179,1627824,Guerschon Yabusele,1610612738,BOS,32,23,9,233.0,451,8,1,1,1.0,3,4,0.75,5,0.625,3,0.375,1,0.125,1,0.125,2,0.25
180,203084,Harrison Barnes,1610612742,DAL,77,24,53,2634.0,4560,349,66,149,0.443,38,46,0.826,171,0.49,113,0.324,27,0.077,18,0.052,23,0.066
181,202355,Hassan Whiteside,1610612748,MIA,54,30,24,1364.0,1820,236,50,117,0.427,18,24,0.75,121,0.513,59,0.25,12,0.051,23,0.097,12,0.051
182,1627740,Henry Ellenson,1610612765,DET,38,21,17,329.0,740,10,2,8,0.25,0,0,0.0,4,0.4,1,0.1,0,0.0,1,0.1,0,0.0
183,203546,Ian Clark,1610612740,NOP,73,43,30,1428.0,1929,2,0,0,0.0,0,0,0.0,0,0.0,2,1.0,0,0.0,0,0.0,0,0.0
184,101133,Ian Mahinmi,1610612764,WAS,77,42,35,1145.0,1627,22,4,10,0.4,0,0,0.0,9,0.409,5,0.227,0,0.0,6,0.273,0,0.0
185,1628387,Ike Anigbogu,1610612754,IND,11,5,6,30.0,60,4,1,2,0.5,0,0,0.0,2,0.5,1,0.25,0,0.0,0,0.0,0,0.0
186,202697,Iman Shumpert,1610612758,SAC,14,9,5,276.0,399,0,0,0,0.0,0,0,0.0,0,0.0,0,0.0,0,0.0,0,0.0,0,0.0
187,203477,Isaiah Canaan,1610612756,PHX,20,9,11,422.0,1061,0,0,0,0.0,0,0,0.0,0,0.0,0,0.0,0,0.0,0,0.0,0,0.0
188,1628439,Isaiah Hicks,1610612752,NYK,18,4,14,239.0,342,19,4,7,0.571,2,2,1.0,10,0.526,6,0.316,1,0.053,1,0.053,1,0.053
189,1627819,Isaiah Taylor,1610612737,ATL,67,18,49,1167.0,2645,0,0,0,0.0,0,0,0.0,0,0.0,0,0.0,0,0.0,0,0.0,0,0.0
190,202738,Isaiah Thomas,1610612747,LAL,32,15,17,862.0,1819,0,0,0,0.0,0,0,0.0,0,0.0,0,0.0,0,0.0,0,0.0,0,0.0
191,1627785,Isaiah Whitehead,1610612751,BKN,15,2,13,163.0,303,0,0,0,0.0,0,0,0.0,0,0.0,0,0.0,0,0.0,0,0.0,0,0.0
192,202397,Ish Smith,1610612765,DET,82,39,43,2043.0,5153,0,0,0,0.0,0,0,0.0,0,0.0,0,0.0,0,0.0,0,0.0,0,0.0
193,1628397,Ivan Rabb,1610612763,MEM,36,6,30,516.0,887,61,14,29,0.483,0,0,0.0,29,0.475,18,0.295,5,0.082,7,0.115,0,0.0
194,1627826,Ivica Zubac,1610612747,LAL,43,19,24,410.0,747,48,2,17,0.118,2,2,1.0,6,0.125,18,0.375,1,0.021,5,0.104,1,0.021
195,200826,J.J. Barea,1610612742,DAL,69,23,46,1603.0,4389,1,0,0,0.0,0,0,0.0,0,0.0,1,1.0,0,0.0,0,0.0,0,0.0
196,200755,JJ Redick,1610612755,PHI,69,45,24,2086.0,3121,2,0,0,0.0,2,2,1.0,2,1.0,1,0.5,0,0.0,0,0.0,1,0.5
197,2747,JR Smith,1610612739,CLE,80,49,31,2244.0,2535,3,1,2,0.5,0,0,0.0,2,0.667,0,0.0,0,0.0,1,0.333,0,0.0
198,203960,JaKarr Sampson,1610612758,SAC,22,6,16,344.0,433,21,4,9,0.444,0,0,0.0,9,0.429,7,0.333,1,0.048,2,0.095,0,0.0
199,203210,JaMychal Green,1610612763,MEM,55,11,44,1542.0,2531,93,18,48,0.375,5,10,0.5,41,0.441,22,0.237,4,0.043,8,0.086,5,0.054
200,201580,JaVale McGee,1610612744,GSW,64,44,20,607.0,871,44,10,21,0.476,2,2,1.0,22,0.5,16,0.364,3,0.068,1,0.023,1,0.023
201,1628444,Jabari Bird,1610612738,BOS,13,8,5,115.0,109,0,0,0,0.0,0,0,0.0,0,0.0,0,0.0,0,0.0,0,0.0,0,0.0
202,203953,Jabari Parker,1610612749,MIL,31,16,15,743.0,1406,34,7,11,0.636,0,0,0.0,14,0.412,17,0.5,2,0.059,2,0.059,0,0.0
203,204022,Jack Cooley,1610612758,SAC,7,4,3,87.0,128,8,2,3,0.667,0,0,0.0,4,0.5,2,0.25,1,0.125,0,0.0,0,0.0
204,1626643,Jacob Pullen,1610612755,PHI,3,2,1,6.0,10,0,0,0,0.0,0,0,0.0,0,0.0,0,0.0,0,0.0,0,0.0,0,0.0
205,1628451,Jacob Wiley,1610612751,BKN,4,1,3,32.0,45,0,0,0,0.0,0,0,0.0,0,0.0,0,0.0,0,0.0,0,0.0,0,0.0
206,203109,Jae Crowder,1610612762,UTA,80,52,28,2090.0,3082,37,2,10,0.2,2,4,0.5,6,0.162,20,0.541,1,0.027,1,0.027,2,0.054
207,1626143,Jahlil Okafor,1610612751,BKN,28,7,21,353.0,573,84,20,41,0.488,4,6,0.667,44,0.524,27,0.321,0,0.0,6,0.071,3,0.036
208,1627774,Jake Layman,1610612757,POR,35,22,13,160.0,185,2,0,2,0.0,0,0,0.0,0,0.0,0,0.0,0,0.0,0,0.0,0,0.0
209,1627751,Jakob Poeltl,1610612761,TOR,82,59,23,1524.0,2226,32,6,12,0.5,0,0,0.0,13,0.406,13,0.406,4,0.125,2,0.063,0,0.0
210,1627883,Jalen Jones,1610612742,DAL,16,3,13,181.0,246,1,0,1,0.0,0,0,0.0,0,0.0,0,0.0,0,0.0,0,0.0,0,0.0
211,2037,Jamal Crawford,1610612750,MIN,80,45,35,1653.0,2350,1,1,1,1.0,0,0,0.0,2,2.0,0,0.0,0,0.0,0,0.0,0,0.0
212,1627750,Jamal Murray,1610612743,DEN,81,46,35,2565.0,5737,6,1,2,0.5,0,0,0.0,2,0.333,4,0.667,0,0.0,0,0.0,0,0.0
213,1627866,Jameel Warney,1610612742,DAL,3,1,2,27.0,37,7,1,3,0.333,2,2,1.0,4,0.571,2,0.286,0,0.0,1,0.143,1,0.143
214,2749,Jameer Nelson,1610612765,DET,49,24,25,995.0,2434,0,0,0,0.0,0,0,0.0,0,0.0,0,0.0,0,0.0,0,0.0,0,0.0
215,1628503,Jamel Artis,1610612753,ORL,15,4,11,279.0,365,5,0,0,0.0,0,0,0.0,0,0.0,3,0.6,1,0.2,0,0.0,0,0.0
216,203516,James Ennis III,1610612765,DET,71,24,47,1567.0,1518,10,2,7,0.286,0,0,0.0,4,0.4,1,0.1,0,0.0,2,0.2,0,0.0
217,201935,James Harden,1610612745,HOU,71,59,12,2516.0,5909,99,14,46,0.304,14,17,0.824,49,0.495,27,0.273,9,0.091,5,0.051,8,0.081
218,201949,James Johnson,1610612748,MIA,72,36,36,1912.0,3827,109,16,31,0.516,5,6,0.833,38,0.349,58,0.532,12,0.11,2,0.018,3,0.028
219,203949,James Michael McAdoo,1610612755,PHI,3,1,2,18.0,29,0,0,0,0.0,0,0,0.0,0,0.0,0,0.0,0,0.0,0,0.0,0,0.0
220,1627821,James Webb III,1610612751,BKN,10,1,9,120.0,217,4,0,0,0.0,0,0,0.0,0,0.0,2,0.5,0,0.0,0,0.0,0,0.0
221,203923,James Young,1610612755,PHI,6,4,2,61.0,54,0,0,0,0.0,0,0,0.0,0,0.0,0,0.0,0,0.0,0,0.0,0,0.0
222,203966,Jamil Wilson,1610612746,LAC,15,6,9,274.0,407,2,0,0,0.0,0,0,0.0,0,0.0,1,0.5,0,0.0,1,0.5,0,0.0
223,201162,Jared Dudley,1610612756,PHX,48,7,41,687.0,1378,33,1,4,0.25,2,4,0.5,4,0.121,16,0.485,6,0.182,2,0.061,2,0.061
224,204067,Jarell Eddie,1610612741,CHI,3,1,2,9.0,8,0,0,0,0.0,0,0,0.0,0,0.0,0,0.0,0,0.0,0,0.0,0,0.0
225,1626185,Jarell Martin,1610612763,MEM,72,20,52,1640.0,2594,42,8,22,0.364,5,6,0.833,21,0.5,12,0.286,1,0.024,3,0.071,3,0.071
226,1628386,Jarrett Allen,1610612751,BKN,70,24,46,1401.0,2260,23,6,8,0.75,0,0,0.0,12,0.522,9,0.391,3,0.13,2,0.087,0,0.0
227,101127,Jarrett Jack,1610612752,NYK,61,25,36,1513.0,3866,15,0,1,0.0,0,0,0.0,0,0.0,11,0.733,2,0.133,1,0.067,0,0.0
228,201160,Jason Smith,1610612764,WAS,33,15,18,285.0,516,7,0,3,0.0,0,0,0.0,0,0.0,3,0.429,0,0.0,0,0.0,0,0.0
229,1891,Jason Terry,1610612749,MIL,51,27,24,814.0,952,1,0,0,0.0,0,0,0.0,0,0.0,0,0.0,0,0.0,1,1.0,0,0.0
230,1628393,Jawun Evans,1610612746,LAC,48,24,24,778.0,1546,0,0,0,0.0,0,0,0.0,0,0.0,0,0.0,0,0.0,0,0.0,0,0.0
231,1627759,Jaylen Brown,1610612738,BOS,67,44,23,2050.0,2604,82,18,39,0.462,7,10,0.7,45,0.549,21,0.256,9,0.11,3,0.037,5,0.061
232,1628537,Jaylen Morris,1610612737,ATL,6,2,4,98.0,105,0,0,0,0.0,0,0,0.0,0,0.0,0,0.0,0,0.0,0,0.0,0,0.0
233,1628369,Jayson Tatum,1610612738,BOS,77,50,27,2362.0,3287,68,13,34,0.382,9,12,0.75,35,0.515,14,0.206,8,0.118,1,0.015,6,0.088
234,201145,Jeff Green,1610612739,CLE,78,47,31,1828.0,2583,104,29,60,0.483,6,6,1.0,64,0.615,16,0.154,9,0.087,7,0.067,3,0.029
235,201952,Jeff Teague,1610612750,MIN,70,41,29,2311.0,5322,5,2,4,0.5,2,2,1.0,6,1.2,0,0.0,0,0.0,0,0.0,1,0.2
236,203481,Jeff Withey,1610612742,DAL,10,2,8,39.0,57,2,0,1,0.0,0,0,0.0,0,0.0,0,0.0,0,0.0,1,0.5,0,0.0
237,203924,Jerami Grant,1610612760,OKC,79,48,31,1606.0,2438,77,18,31,0.581,8,14,0.571,45,0.584,18,0.234,4,0.052,9,0.117,8,0.104
238,202379,Jeremy Evans,1610612737,ATL,1,0,1,5.0,8,0,0,0,0.0,0,0,0.0,0,0.0,0,0.0,0,0.0,0,0.0,0,0.0
239,203087,Jeremy Lamb,1610612766,CHA,80,36,44,1967.0,2883,4,1,3,0.333,0,0,0.0,2,0.5,0,0.0,0,0.0,1,0.25,0,0.0
240,202391,Jeremy Lin,1610612751,BKN,1,0,1,25.0,50,0,0,0,0.0,0,0,0.0,0,0.0,0,0.0,0,0.0,0,0.0,0,0.0
241,1626170,Jerian Grant,1610612741,CHI,74,24,50,1686.0,3779,6,0,3,0.0,0,0,0.0,0,0.0,2,0.333,0,0.0,1,0.167,0,0.0
242,201573,Jerryd Bayless,1610612755,PHI,38,21,17,908.0,1144,0,0,0,0.0,0,0,0.0,0,0.0,0,0.0,0,0.0,0,0.0,0,0.0
243,202710,Jimmy Butler,1610612750,MIN,59,37,22,2164.0,3725,154,26,65,0.4,12,16,0.75,65,0.422,58,0.377,12,0.078,5,0.032,8,0.052
244,201149,Joakim Noah,1610612752,NYK,7,1,6,40.0,94,3,0,0,0.0,0,0,0.0,0,0.0,2,0.667,1,0.333,0,0.0,0,0.0
245,201975,Jodie Meeks,1610612764,WAS,77,41,36,1119.0,1489,0,0,0,0.0,0,0,0.0,0,0.0,0,0.0,0,0.0,0,0.0,0,0.0
246,203925,Joe Harris,1610612751,BKN,77,26,51,1948.0,2840,0,0,0,0.0,0,0,0.0,0,0.0,0,0.0,0,0.0,0,0.0,0,0.0
247,204060,Joe Ingles,1610612762,UTA,82,48,34,2579.0,4230,3,0,0,0.0,0,0,0.0,0,0.0,1,0.333,1,0.333,0,0.0,0,0.0
248,2207,Joe Johnson,1610612745,HOU,55,35,20,1205.0,1866,139,35,55,0.636,6,8,0.75,76,0.547,59,0.424,9,0.065,7,0.05,4,0.029
249,1626202,Joe Young,1610612754,IND,53,28,25,558.0,889,1,0,0,0.0,1,2,0.5,1,1.0,0,0.0,0,0.0,0,0.0,1,1.0
250,1627762,Joel Bolomboy,1610612749,MIL,6,3,3,38.0,46,1,0,0,0.0,0,0,0.0,0,0.0,1,1.0,0,0.0,0,0.0,0,0.0
251,203954,Joel Embiid,1610612755,PHI,62,41,21,1882.0,4738,854,194,382,0.508,155,186,0.833,558,0.653,187,0.219,49,0.057,79,0.093,96,0.112
252,203530,Joffrey Lauvergne,1610612759,SAS,55,30,25,534.0,833,60,11,26,0.423,6,8,0.75,28,0.467,16,0.267,7,0.117,4,0.067,4,0.067
253,1628381,John Collins,1610612737,ATL,73,21,52,1760.0,3445,64,11,27,0.407,4,4,1.0,27,0.422,18,0.281,8,0.125,7,0.109,2,0.031
254,203089,John Henson,1610612749,MIL,75,39,36,1953.0,2303,47,11,21,0.524,5,8,0.625,27,0.574,14,0.298,3,0.064,3,0.064,4,0.085
255,204066,John Holland,1610612739,CLE,24,17,7,174.0,202,2,0,2,0.0,0,0,0.0,0,0.0,0,0.0,0,0.0,0,0.0,0,0.0
256,202322,John Wall,1610612764,WAS,41,23,18,1410.0,3306,10,2,5,0.4,0,0,0.0,4,0.4,3,0.3,0,0.0,1,0.1,1,0.1
257,1628405,Johnathan Motley,1610612742,DAL,11,1,10,176.0,293,22,6,12,0.5,2,6,0.333,14,0.636,2,0.091,0,0.0,2,0.091,3,0.136
258,203948,Johnny O'Bryant III,1610612766,CHA,36,15,21,379.0,621,47,9,32,0.281,3,4,0.75,21,0.447,5,0.106,2,0.043,4,0.085,2,0.043
259,202720,Jon Leuer,1610612765,DET,8,5,3,136.0,229,6,1,4,0.25,0,0,0.0,2,0.333,0,0.0,0,0.0,1,0.167,0,0.0
260,201973,Jonas Jerebko,1610612762,UTA,74,45,29,1134.0,2084,11,0,2,0.0,1,2,0.5,1,0.091,4,0.364,2,0.182,1,0.091,1,0.091
261,202685,Jonas Valanciunas,1610612761,TOR,77,56,21,1727.0,3656,214,61,114,0.535,25,26,0.962,149,0.696,46,0.215,10,0.047,21,0.098,13,0.061
262,1626780,Jonathan Gibson,1610612738,BOS,4,2,2,40.0,57,0,0,0,0.0,0,0,0.0,0,0.0,0,0.0,0,0.0,0,0.0,0,0.0
263,1628371,Jonathan Isaac,1610612753,ORL,27,11,16,535.0,755,13,2,11,0.182,0,0,0.0,4,0.308,1,0.077,0,0.0,1,0.077,0,0.0
264,203613,Jonathon Simmons,1610612753,ORL,69,21,48,2029.0,2922,50,10,21,0.476,5,6,0.833,28,0.56,19,0.38,4,0.08,2,0.04,3,0.06
265,1628395,Jordan Bell,1610612744,GSW,56,42,14,804.0,1574,62,5,12,0.417,2,2,1.0,12,0.194,29,0.468,13,0.21,6,0.097,1,0.016
266,203903,Jordan Clarkson,1610612739,CLE,81,40,41,1887.0,3354,8,2,2,1.0,0,0,0.0,4,0.5,3,0.375,1,0.125,1,0.125,0,0.0
267,202348,Jordan Crawford,1610612740,NOP,4,3,1,29.0,76,1,0,0,0.0,0,0,0.0,0,0.0,0,0.0,0,0.0,1,1.0,0,0.0
268,1626175,Jordan Mickey,1610612748,MIA,23,15,8,284.0,535,16,2,5,0.4,2,2,1.0,6,0.375,6,0.375,1,0.063,2,0.125,1,0.063
269,101181,Jose Calderon,1610612739,CLE,57,33,24,914.0,1791,0,0,0,0.0,0,0,0.0,0,0.0,0,0.0,0,0.0,0,0.0,0,0.0
270,1627982,Josh Gray,1610612756,PHX,5,0,5,86.0,218,0,0,0,0.0,0,0,0.0,0,0.0,0,0.0,0,0.0,0,0.0,0,0.0
271,1628404,Josh Hart,1610612747,LAL,63,27,36,1461.0,1537,4,0,2,0.0,0,0,0.0,0,0.0,1,0.25,0,0.0,1,0.25,0,0.0
272,203962,Josh Huestis,1610612760,OKC,67,43,24,966.0,876,2,1,2,0.5,0,0,0.0,2,1.0,0,0.0,0,0.0,0,0.0,0,0.0
273,1628367,Josh Jackson,1610612756,PHX,77,19,58,1959.0,2890,16,3,7,0.429,0,0,0.0,7,0.438,3,0.188,1,0.063,4,0.25,0,0.0
274,203705,Josh Magette,1610612737,ATL,18,3,15,216.0,513,0,0,0,0.0,0,0,0.0,0,0.0,0,0.0,0,0.0,0,0.0,0,0.0
275,201177,Josh McRoberts,1610612742,DAL,2,2,0,6.0,7,0,0,0,0.0,0,0,0.0,0,0.0,0,0.0,0,0.0,0,0.0,0,0.0
276,1626196,Josh Richardson,1610612748,MIA,80,43,37,2657.0,4572,15,3,8,0.375,2,2,1.0,8,0.533,5,0.333,1,0.067,0,0.0,1,0.067
277,2746,Josh Smith,1610612740,NOP,3,2,1,12.0,25,0,0,0,0.0,0,0,0.0,0,0.0,0,0.0,0,0.0,0,0.0,0,0.0
278,201950,Jrue Holiday,1610612740,NOP,79,46,33,2859.0,6087,59,18,31,0.581,6,8,0.75,44,0.746,11,0.186,1,0.017,7,0.119,4,0.068
279,1627823,Juancho Hernangomez,1610612743,DEN,25,15,10,277.0,346,2,0,0,0.0,0,0,0.0,0,0.0,1,0.5,1,0.5,0,0.0,0,0.0
280,203944,Julius Randle,1610612747,LAL,82,35,47,2190.0,4187,381,70,146,0.479,30,45,0.667,178,0.467,108,0.283,44,0.115,37,0.097,23,0.06
281,202933,Julyan Stone,1610612766,CHA,23,10,13,175.0,241,0,0,0,0.0,0,0,0.0,0,0.0,0,0.0,0,0.0,0,0.0,0,0.0
282,1626147,Justin Anderson,1610612755,PHI,37,27,10,515.0,753,0,0,0,0.0,0,0,0.0,0,0.0,0,0.0,0,0.0,0,0.0,0,0.0
283,203200,Justin Holiday,1610612741,CHI,72,24,48,2265.0,2480,0,0,0,0.0,0,0,0.0,0,0.0,0,0.0,0,0.0,0,0.0,0,0.0
284,1628382,Justin Jackson,1610612758,SAC,68,21,47,1506.0,1858,4,0,0,0.0,0,0,0.0,0,0.0,4,1.0,0,0.0,0,0.0,0,0.0
285,1628383,Justin Patton,1610612750,MIN,1,0,1,4.0,4,1,1,1,1.0,0,0,0.0,2,2.0,0,0.0,0,0.0,0,0.0,0,0.0
286,1626159,Justise Winslow,1610612748,MIA,67,32,35,1655.0,3149,37,4,17,0.235,0,0,0.0,8,0.216,11,0.297,4,0.108,1,0.027,0,0.0
287,203994,Jusuf Nurkic,1610612757,POR,79,48,31,2088.0,4512,358,80,187,0.428,24,32,0.75,187,0.522,78,0.218,24,0.067,31,0.087,17,0.047
288,1628443,Kadeem Allen,1610612738,BOS,18,9,9,107.0,197,0,0,0,0.0,0,0,0.0,0,0.0,0,0.0,0,0.0,0,0.0,0,0.0
289,1626157,Karl-Anthony Towns,1610612750,MIN,82,47,35,2918.0,5687,532,147,286,0.514,54,63,0.857,359,0.675,134,0.252,29,0.055,29,0.055,31,0.058
290,202695,Kawhi Leonard,1610612759,SAS,9,5,4,210.0,372,23,3,10,0.3,2,2,1.0,8,0.348,7,0.304,2,0.087,1,0.043,2,0.087
291,1627770,Kay Felder,1610612765,DET,16,6,10,140.0,332,0,0,0,0.0,0,0,0.0,0,0.0,0,0.0,0,0.0,0,0.0,0,0.0
292,203482,Kelly Olynyk,1610612748,MIA,75,41,34,1751.0,3773,143,24,42,0.571,15,18,0.833,64,0.448,46,0.322,19,0.133,14,0.098,9,0.063
293,1626162,Kelly Oubre Jr.,1610612764,WAS,81,43,38,2231.0,2782,0,0,0,0.0,0,0,0.0,0,0.0,0,0.0,0,0.0,0,0.0,0,0.0
294,202689,Kemba Walker,1610612766,CHA,80,36,44,2736.0,6498,1,0,1,0.0,0,0,0.0,0,0.0,0,0.0,0,0.0,0,0.0,0,0.0
295,2570,Kendrick Perkins,1610612739,CLE,1,0,1,15.0,23,2,1,1,1.0,1,2,0.5,3,1.5,0,0.0,0,0.0,0,0.0,1,0.5
296,202702,Kenneth Faried,1610612743,DEN,32,16,16,461.0,653,34,8,20,0.4,0,0,0.0,16,0.471,8,0.235,3,0.088,2,0.059,0,0.0
297,203145,Kent Bazemore,1610612737,ATL,64,19,45,1759.0,3386,0,0,0,0.0,0,0,0.0,0,0.0,0,0.0,0,0.0,0,0.0,0,0.0
298,203484,Kentavious Caldwell-Pope,1610612747,LAL,74,31,43,2458.0,3153,0,0,0,0.0,0,0,0.0,0,0.0,0,0.0,0,0.0,0,0.0,0,0.0
299,201142,Kevin Durant,1610612744,GSW,67,48,19,2287.0,4550,289,62,118,0.525,26,35,0.743,153,0.529,88,0.304,33,0.114,18,0.062,17,0.059
300,201567,Kevin Love,1610612739,CLE,59,37,22,1651.0,3078,267,64,130,0.492,36,43,0.837,168,0.629,51,0.191,18,0.067,22,0.082,24,0.09
301,1626172,Kevon Looney,1610612744,GSW,66,45,21,910.0,1395,53,4,11,0.364,3,4,0.75,11,0.208,28,0.528,6,0.113,2,0.038,2,0.038
302,203920,Khem Birch,1610612753,ORL,42,14,28,578.0,828,34,4,9,0.444,1,2,0.5,9,0.265,17,0.5,2,0.059,3,0.088,1,0.029
303,203114,Khris Middleton,1610612749,MIL,81,44,37,2947.0,5223,125,35,65,0.538,7,8,0.875,78,0.624,40,0.32,7,0.056,4,0.032,4,0.032
304,202691,Klay Thompson,1610612744,GSW,72,54,18,2468.0,3427,79,27,54,0.5,2,2,1.0,56,0.709,10,0.127,2,0.025,8,0.101,1,0.013
305,1628424,Kobi Simmons,1610612763,MEM,32,6,26,643.0,1300,1,0,0,0.0,0,0,0.0,0,0.0,1,1.0,0,0.0,0,0.0,0,0.0
306,201585,Kosta Koufos,1610612758,SAC,71,22,49,1391.0,2478,96,20,42,0.476,1,2,0.5,42,0.438,37,0.385,9,0.094,4,0.042,1,0.01
307,1627739,Kris Dunn,1610612741,CHI,52,19,33,1525.0,3841,50,11,30,0.367,0,0,0.0,23,0.46,10,0.2,4,0.08,6,0.12,0,0.0
308,204001,Kristaps Porzingis,1610612752,NYK,48,22,26,1553.0,2930,383,97,224,0.433,59,71,0.831,263,0.687,83,0.217,8,0.021,13,0.034,37,0.097
309,203937,Kyle Anderson,1610612759,SAS,74,41,33,1978.0,2999,32,6,14,0.429,1,2,0.5,13,0.406,10,0.313,4,0.125,2,0.063,1,0.031
310,1627858,Kyle Collinsworth,1610612742,DAL,32,9,23,480.0,768,17,1,2,0.5,0,2,0.0,3,0.176,9,0.529,3,0.176,0,0.0,1,0.059
311,2594,Kyle Korver,1610612739,CLE,73,43,30,1574.0,1568,1,0,0,0.0,1,2,0.5,1,1.0,0,0.0,0,0.0,0,0.0,1,1.0
312,1628398,Kyle Kuzma,1610612747,LAL,77,34,43,2401.0,3702,124,27,53,0.509,11,14,0.786,63,0.508,33,0.266,10,0.081,12,0.097,7,0.056
313,200768,Kyle Lowry,1610612761,TOR,78,57,21,2510.0,5949,7,1,1,1.0,2,4,0.5,4,0.571,3,0.429,0,0.0,1,0.143,2,0.286
314,203124,Kyle O'Quinn,1610612752,NYK,76,27,49,1362.0,2899,94,14,34,0.412,7,10,0.7,37,0.394,37,0.394,12,0.128,5,0.053,5,0.053
315,202713,Kyle Singler,1610612760,OKC,11,5,6,36.0,53,0,0,0,0.0,0,0,0.0,0,0.0,0,0.0,0,0.0,0,0.0,0,0.0
316,202681,Kyrie Irving,1610612738,BOS,57,38,19,1834.0,4334,31,10,24,0.417,0,0,0.0,20,0.645,5,0.161,1,0.032,1,0.032,0,0.0
317,200746,LaMarcus Aldridge,1610612759,SAS,75,45,30,2509.0,4576,1043,244,535,0.456,98,116,0.845,602,0.577,306,0.293,54,0.052,35,0.034,58,0.056
318,202362,Lance Stephenson,1610612754,IND,82,48,34,1850.0,3025,7,2,4,0.5,0,0,0.0,4,0.571,2,0.286,1,0.143,0,0.0,0,0.0
319,202498,Lance Thomas,1610612752,NYK,72,24,48,1328.0,1602,16,1,4,0.25,0,0,0.0,2,0.125,7,0.438,0,0.0,3,0.188,0,0.0
320,204038,Langston Galloway,1610612765,DET,58,28,30,863.0,1189,1,0,0,0.0,0,0,0.0,0,0.0,0,0.0,1,1.0,0,0.0,0,0.0
321,203580,Larry Drew II,1610612740,NOP,10,6,4,70.0,143,0,0,0,0.0,0,0,0.0,0,0.0,0,0.0,0,0.0,0,0.0,0,0.0
322,1626204,Larry Nance Jr.,1610612739,CLE,66,32,34,1421.0,2432,61,7,22,0.318,7,8,0.875,21,0.344,27,0.443,2,0.033,2,0.033,4,0.066
323,1628374,Lauri Markkanen,1610612741,CHI,68,23,45,2020.0,4848,158,40,80,0.5,5,6,0.833,88,0.557,40,0.253,4,0.025,15,0.095,3,0.019
324,2544,LeBron James,1610612739,CLE,82,50,32,3026.0,7143,364,64,117,0.547,9,14,0.643,141,0.387,130,0.357,61,0.168,24,0.066,7,0.019
325,1628506,London Perrantes,1610612739,CLE,14,8,6,66.0,120,0,0,0,0.0,0,0,0.0,0,0.0,0,0.0,0,0.0,0,0.0,0,0.0
326,1628366,Lonzo Ball,1610612747,LAL,52,24,28,1780.0,4203,11,1,7,0.143,0,0,0.0,2,0.182,2,0.182,1,0.091,1,0.091,0,0.0
327,203485,Lorenzo Brown,1610612761,TOR,14,9,5,139.0,244,0,0,0,0.0,0,0,0.0,0,0.0,0,0.0,0,0.0,0,0.0,0,0.0
328,101150,Lou Williams,1610612746,LAC,79,42,37,2589.0,5178,1,1,1,1.0,0,0,0.0,2,2.0,0,0.0,0,0.0,0,0.0,0,0.0
329,201601,Luc Mbah a Moute,1610612745,HOU,60,52,8,1536.0,1586,20,3,4,0.75,0,0,0.0,7,0.35,13,0.65,2,0.1,1,0.05,0,0.0
330,203512,Lucas Nogueira,1610612761,TOR,49,36,13,418.0,572,5,0,0,0.0,0,0,0.0,0,0.0,5,1.0,0,0.0,0,0.0,0,0.0
331,1626242,Luis Montero,1610612765,DET,2,1,1,8.0,7,0,0,0,0.0,0,0,0.0,0,0.0,0,0.0,0,0.0,0,0.0,0,0.0
332,202337,Luke Babbitt,1610612748,MIA,49,15,34,690.0,1056,3,1,2,0.5,0,0,0.0,2,0.667,1,0.333,0,0.0,0,0.0,0,0.0
333,1628379,Luke Kennard,1610612765,DET,73,34,39,1463.0,1670,0,0,0,0.0,0,0,0.0,0,0.0,0,0.0,0,0.0,0,0.0,0,0.0
334,1628436,Luke Kornet,1610612752,NYK,20,6,14,326.0,653,15,5,9,0.556,0,0,0.0,11,0.733,2,0.133,0,0.0,3,0.2,0,0.0
335,2736,Luol Deng,1610612747,LAL,1,0,1,13.0,12,0,0,0,0.0,0,0,0.0,0,0.0,0,0.0,0,0.0,0,0.0,0,0.0
336,1627781,Malachi Richardson,1610612761,TOR,26,8,18,323.0,384,2,0,0,0.0,0,0,0.0,0,0.0,1,0.5,0,0.0,0,0.0,0,0.0
337,1627763,Malcolm Brogdon,1610612749,MIL,47,25,22,1400.0,2617,16,2,4,0.5,2,2,1.0,6,0.375,8,0.5,1,0.063,2,0.125,1,0.063
338,1627098,Malcolm Delaney,1610612737,ATL,53,16,37,989.0,2132,0,0,0,0.0,0,0,0.0,0,0.0,0,0.0,0,0.0,0,0.0,0,0.0
339,1626259,Malcolm Miller,1610612761,TOR,15,15,0,126.0,147,0,0,0,0.0,0,0,0.0,0,0.0,0,0.0,0,0.0,0,0.0,0,0.0
340,1627736,Malik Beasley,1610612743,DEN,62,34,28,583.0,581,1,0,0,0.0,0,0,0.0,0,0.0,1,1.0,0,0.0,0,0.0,0,0.0
341,1628370,Malik Monk,1610612766,CHA,63,26,37,854.0,1483,0,0,0,0.0,0,0,0.0,0,0.0,0,0.0,0,0.0,0,0.0,0,0.0
342,1628493,Mangok Mathiang,1610612766,CHA,4,3,1,20.0,27,0,0,0,0.0,0,0,0.0,0,0.0,0,0.0,0,0.0,0,0.0,0,0.0
343,1938,Manu Ginobili,1610612759,SAS,65,39,26,1299.0,2185,4,0,3,0.0,0,0,0.0,0,0.0,1,0.25,0,0.0,0,0.0,0,0.0
344,202705,MarShon Brooks,1610612763,MEM,7,2,5,193.0,357,2,0,1,0.0,0,0,0.0,0,0.0,0,0.0,0,0.0,1,0.5,0,0.0
345,201188,Marc Gasol,1610612763,MEM,72,20,52,2371.0,6020,731,108,282,0.383,68,81,0.84,288,0.394,237,0.324,56,0.077,52,0.071,43,0.059
346,101162,Marcin Gortat,1610612764,WAS,82,43,39,2074.0,3436,178,48,112,0.429,6,8,0.75,104,0.584,34,0.191,14,0.079,8,0.045,4,0.022
347,201158,Marco Belinelli,1610612755,PHI,79,39,40,1921.0,3001,2,0,0,0.0,0,0,0.0,0,0.0,1,0.5,0,0.0,0,0.0,1,0.5
348,1627875,Marcus Georges-Hunt,1610612750,MIN,42,24,18,224.0,173,2,0,0,0.0,0,0,0.0,0,0.0,2,1.0,0,0.0,0,0.0,0,0.0
349,202694,Marcus Morris,1610612738,BOS,52,32,20,1394.0,2372,124,28,71,0.394,17,18,0.944,74,0.597,24,0.194,5,0.04,5,0.04,9,0.073
350,1627779,Marcus Paige,1610612766,CHA,5,4,1,28.0,60,0,0,0,0.0,0,0,0.0,0,0.0,0,0.0,0,0.0,0,0.0,0,0.0
351,203935,Marcus Smart,1610612738,BOS,51,35,16,1537.0,2949,75,8,24,0.333,6,10,0.6,24,0.32,33,0.44,10,0.133,2,0.027,6,0.08
352,201596,Mario Chalmers,1610612763,MEM,65,20,45,1396.0,3334,3,1,1,1.0,0,0,0.0,2,0.667,1,0.333,0,0.0,1,0.333,0,0.0
353,1626209,Mario Hezonja,1610612753,ORL,75,21,54,1657.0,2664,13,2,6,0.333,0,0,0.0,4,0.308,4,0.308,2,0.154,1,0.077,0,0.0
354,203900,Markel Brown,1610612745,HOU,4,4,0,31.0,43,1,0,1,0.0,0,0,0.0,0,0.0,0,0.0,0,0.0,0,0.0,0,0.0
355,1628365,Markelle Fultz,1610612755,PHI,14,11,3,253.0,611,0,0,0,0.0,0,0,0.0,0,0.0,0,0.0,0,0.0,0,0.0,0,0.0
356,202693,Markieff Morris,1610612764,WAS,73,37,36,1968.0,2783,252,61,129,0.473,16,22,0.727,139,0.552,66,0.262,17,0.067,15,0.06,11,0.044
357,1627737,Marquese Chriss,1610612756,PHX,72,19,53,1527.0,2800,108,17,38,0.447,6,12,0.5,40,0.37,34,0.315,7,0.065,16,0.148,6,0.056
358,203104,Marquis Teague,1610612763,MEM,3,0,3,74.0,163,0,0,0,0.0,0,0,0.0,0,0.0,0,0.0,0,0.0,0,0.0,0,0.0
359,201578,Marreese Speights,1610612753,ORL,52,15,37,675.0,1331,89,23,43,0.535,8,10,0.8,54,0.607,27,0.303,8,0.09,3,0.034,5,0.056
360,1627850,Marshall Plumlee,1610612749,MIL,8,5,3,52.0,59,1,0,0,0.0,0,0,0.0,0,0.0,1,1.0,0,0.0,0,0.0,0,0.0
361,101107,Marvin Williams,1610612766,CHA,78,33,45,2006.0,3517,71,22,36,0.611,7,8,0.875,53,0.746,19,0.268,5,0.07,3,0.042,4,0.056
362,203486,Mason Plumlee,1610612743,DEN,74,40,34,1439.0,2313,121,24,49,0.49,6,15,0.4,54,0.446,33,0.273,14,0.116,12,0.099,8,0.066
363,1627856,Matt Costello,1610612759,SAS,4,2,2,32.0,44,1,0,0,0.0,0,0,0.0,0,0.0,0,0.0,1,1.0,0,0.0,0,0.0
364,1628475,Matt Williams Jr.,1610612748,MIA,3,1,2,11.0,11,0,0,0,0.0,0,0,0.0,0,0.0,0,0.0,0,0.0,0,0.0,0,0.0
365,203521,Matthew Dellavedova,1610612749,MIL,37,21,16,691.0,1428,9,0,3,0.0,0,0,0.0,0,0.0,4,0.444,2,0.222,0,0.0,0,0.0
366,203090,Maurice Harkless,1610612757,POR,59,36,23,1264.0,1450,60,11,24,0.458,5,6,0.833,27,0.45,23,0.383,7,0.117,3,0.05,3,0.05
367,1628467,Maxi Kleber,1610612742,DAL,72,20,52,1206.0,1445,31,8,11,0.727,4,6,0.667,20,0.645,14,0.452,1,0.032,2,0.065,3,0.097
368,203086,Meyers Leonard,1610612757,POR,33,17,16,254.0,462,10,5,7,0.714,0,0,0.0,10,1.0,2,0.2,0,0.0,0,0.0,0,0.0
369,201563,Michael Beasley,1610612752,NYK,73,23,50,1616.0,3054,266,64,150,0.427,11,15,0.733,144,0.541,61,0.229,14,0.053,21,0.079,8,0.03
370,203487,Michael Carter-Williams,1610612766,CHA,52,23,29,835.0,1795,5,0,3,0.0,0,0,0.0,0,0.0,1,0.2,1,0.2,0,0.0,0,0.0
371,203077,Michael Kidd-Gilchrist,1610612766,CHA,74,34,40,1850.0,1753,34,11,20,0.55,3,4,0.75,25,0.735,7,0.206,1,0.029,2,0.059,2,0.059
372,201144,Mike Conley,1610612763,MEM,11,6,5,345.0,777,0,0,0,0.0,0,0,0.0,0,0.0,0,0.0,0,0.0,0,0.0,0,0.0
373,1628455,Mike James,1610612740,NOP,36,11,25,686.0,1671,0,0,0,0.0,0,0,0.0,0,0.0,0,0.0,0,0.0,0,0.0,0,0.0
374,203488,Mike Muscala,1610612737,ATL,53,14,39,1060.0,1652,9,1,5,0.2,1,2,0.5,3,0.333,2,0.222,0,0.0,1,0.111,1,0.111
375,203118,Mike Scott,1610612764,WAS,76,39,37,1406.0,2275,106,31,56,0.554,9,14,0.643,72,0.679,26,0.245,6,0.057,6,0.057,7,0.066
376,203101,Miles Plumlee,1610612737,ATL,55,19,36,918.0,1344,27,4,14,0.286,1,2,0.5,9,0.333,8,0.296,1,0.037,3,0.111,1,0.037
377,1628462,Milos Teodosic,1610612746,LAC,45,29,16,1134.0,2764,0,0,0,0.0,0,0,0.0,0,0.0,0,0.0,0,0.0,0,0.0,0,0.0
378,1628495,Milton Doyle,1610612751,BKN,10,2,8,125.0,212,0,0,0,0.0,0,0,0.0,0,0.0,0,0.0,0,0.0,0,0.0,0,0.0
379,1627851,Mindaugas Kuzminskas,1610612752,NYK,1,0,1,2.0,2,0,0,0,0.0,0,0,0.0,0,0.0,0,0.0,0,0.0,0,0.0,0,0.0
380,203141,Mirza Teletovic,1610612749,MIL,9,4,5,142.0,258,2,1,1,1.0,0,0,0.0,2,1.0,1,0.5,0,0.0,0,0.0,0,0.0
381,1628420,Monte Morris,1610612743,DEN,3,2,1,25.0,61,0,0,0,0.0,0,0,0.0,0,0.0,0,0.0,0,0.0,0,0.0,0,0.0
382,1626149,Montrezl Harrell,1610612746,LAC,76,39,37,1293.0,2088,172,59,112,0.527,12,17,0.706,133,0.773,21,0.122,7,0.041,14,0.081,9,0.052
383,1627988,Myke Henry,1610612763,MEM,20,3,17,378.0,529,1,0,1,0.0,0,0,0.0,0,0.0,0,0.0,0,0.0,0,0.0,0,0.0
384,1626167,Myles Turner,1610612754,IND,65,39,26,1836.0,3180,155,38,81,0.469,16,24,0.667,96,0.619,39,0.252,6,0.039,7,0.045,12,0.077
385,203489,Nate Wolters,1610612762,UTA,5,3,2,19.0,37,0,0,0,0.0,0,0,0.0,0,0.0,0,0.0,0,0.0,0,0.0,0,0.0
386,1628513,Naz Mitrou-Long,1610612762,UTA,1,0,1,1.0,2,0,0,0,0.0,0,0,0.0,0,0.0,0,0.0,0,0.0,0,0.0,0,0.0
387,202357,Nemanja Bjelica,1610612750,MIN,67,38,29,1371.0,2154,15,2,5,0.4,0,0,0.0,4,0.267,6,0.4,2,0.133,1,0.067,0,0.0
388,2403,Nene,1610612745,HOU,51,42,9,743.0,1219,31,10,14,0.714,5,8,0.625,25,0.806,6,0.194,2,0.065,3,0.097,4,0.129
389,203457,Nerlens Noel,1610612742,DAL,30,6,24,472.0,612,12,1,3,0.333,0,0,0.0,2,0.167,5,0.417,1,0.083,2,0.167,0,0.0
390,2555,Nick Collison,1610612760,OKC,13,9,4,58.0,125,1,1,1,1.0,0,0,0.0,2,2.0,0,0.0,0,0.0,0,0.0,0,0.0
391,201156,Nick Young,1610612744,GSW,79,55,24,1382.0,1549,6,1,3,0.333,0,0,0.0,2,0.333,2,0.333,0,0.0,0,0.0,0,0.0
392,201587,Nicolas Batum,1610612766,CHA,64,27,37,1981.0,3450,113,20,46,0.435,5,6,0.833,47,0.416,32,0.283,16,0.142,10,0.088,4,0.035
393,1627852,Nicolas Brussino,1610612737,ATL,4,0,4,10.0,8,0,0,0,0.0,0,0,0.0,0,0.0,0,0.0,0,0.0,0,0.0,0,0.0
394,1628502,Nigel Hayes,1610612758,SAC,9,6,3,122.0,192,7,2,5,0.4,0,2,0.0,4,0.571,0,0.0,1,0.143,0,0.0,1,0.143
395,203917,Nik Stauskas,1610612751,BKN,41,14,27,523.0,784,0,0,0,0.0,0,0,0.0,0,0.0,0,0.0,0,0.0,0,0.0,0,0.0
396,203999,Nikola Jokic,1610612743,DEN,75,43,32,2443.0,6465,563,98,215,0.456,54,64,0.844,256,0.455,181,0.321,56,0.099,38,0.067,32,0.057
397,202703,Nikola Mirotic,1610612740,NOP,55,34,21,1494.0,3093,154,36,91,0.396,12,16,0.75,86,0.558,30,0.195,12,0.078,7,0.045,8,0.052
398,202696,Nikola Vucevic,1610612753,ORL,57,17,40,1683.0,3731,345,56,130,0.431,11,14,0.786,125,0.362,137,0.397,38,0.11,16,0.046,7,0.02
399,203943,Noah Vonleh,1610612741,CHI,54,24,30,876.0,1623,46,9,20,0.45,0,2,0.0,18,0.391,16,0.348,4,0.087,4,0.087,1,0.022
400,1626181,Norman Powell,1610612761,TOR,70,51,19,1062.0,1467,0,0,0,0.0,0,0,0.0,0,0.0,0,0.0,0,0.0,0,0.0,0,0.0
401,1628384,OG Anunoby,1610612761,TOR,74,51,23,1481.0,1329,6,0,2,0.0,1,2,0.5,1,0.167,1,0.167,1,0.167,1,0.167,1,0.167
402,1627855,Okaro White,1610612739,CLE,6,2,4,80.0,121,0,0,0,0.0,0,0,0.0,0,0.0,0,0.0,0,0.0,0,0.0,0,0.0
403,204179,Omari Johnson,1610612763,MEM,4,1,3,75.0,111,1,0,1,0.0,0,0,0.0,0,0.0,0,0.0,0,0.0,0,0.0,0,0.0
404,201600,Omer Asik,1610612741,CHI,18,7,11,182.0,238,2,0,1,0.0,0,0,0.0,0,0.0,0,0.0,0,0.0,1,0.5,0,0.0
405,201956,Omri Casspi,1610612744,GSW,53,40,13,742.0,1290,29,5,14,0.357,1,1,1.0,11,0.379,11,0.379,1,0.034,2,0.069,1,0.034
406,203490,Otto Porter Jr.,1610612764,WAS,77,42,35,2432.0,3724,55,15,32,0.469,2,2,1.0,33,0.6,15,0.273,3,0.055,2,0.036,1,0.018
407,1628408,PJ Dozier,1610612760,OKC,2,1,1,3.0,5,0,0,0,0.0,0,0,0.0,0,0.0,0,0.0,0,0.0,0,0.0,0,0.0
408,200782,PJ Tucker,1610612745,HOU,81,65,16,2253.0,2605,7,0,3,0.0,0,0,0.0,0,0.0,3,0.429,0,0.0,1,0.143,0,0.0
409,1627783,Pascal Siakam,1610612761,TOR,81,59,22,1679.0,3057,22,3,9,0.333,2,2,1.0,8,0.364,10,0.455,1,0.045,1,0.045,1,0.045
410,1626192,Pat Connaughton,1610612757,POR,82,49,33,1488.0,1766,2,0,1,0.0,0,0,0.0,0,0.0,1,0.5,0,0.0,0,0.0,0,0.0
411,201976,Patrick Beverley,1610612746,LAC,11,5,6,334.0,698,0,0,0,0.0,0,0,0.0,0,0.0,0,0.0,0,0.0,0,0.0,0,0.0
412,1627775,Patrick McCaw,1610612744,GSW,57,41,16,961.0,1495,1,0,0,0.0,0,0,0.0,0,0.0,0,0.0,0,0.0,0,0.0,0,0.0
413,202335,Patrick Patterson,1610612760,OKC,79,48,31,1212.0,1646,22,4,8,0.5,1,2,0.5,10,0.455,6,0.273,4,0.182,1,0.045,1,0.045
414,201988,Patty Mills,1610612759,SAS,82,47,35,2107.0,3865,0,0,0,0.0,0,0,0.0,0,0.0,0,0.0,0,0.0,0,0.0,0,0.0
415,2200,Pau Gasol,1610612759,SAS,77,45,32,1812.0,4090,239,36,90,0.4,27,34,0.794,101,0.423,79,0.331,22,0.092,19,0.079,18,0.075
416,202331,Paul George,1610612760,OKC,77,47,30,2818.0,4353,74,13,36,0.361,2,2,1.0,29,0.392,29,0.392,2,0.027,3,0.041,1,0.014
417,200794,Paul Millsap,1610612743,DEN,38,22,16,1143.0,1856,167,40,83,0.482,14,22,0.636,97,0.581,39,0.234,8,0.048,13,0.078,11,0.066
418,1627835,Paul Zipser,1610612741,CHI,54,17,37,824.0,1554,7,3,5,0.6,1,2,0.5,7,1.0,1,0.143,0,0.0,0,0.0,1,0.143
419,203112,Quincy Acy,1610612751,BKN,68,25,43,1323.0,2228,14,1,4,0.25,3,4,0.75,5,0.357,7,0.5,0,0.0,0,0.0,2,0.143
420,202347,Quincy Pondexter,1610612741,CHI,23,6,17,196.0,286,1,0,0,0.0,0,0,0.0,0,0.0,1,1.0,0,0.0,0,0.0,0,0.0
421,1626188,Quinn Cook,1610612744,GSW,33,21,12,741.0,1641,0,0,0,0.0,0,0,0.0,0,0.0,0,0.0,0,0.0,0,0.0,0,0.0
422,1626154,RJ Hunter,1610612745,HOU,5,3,2,45.0,64,0,0,0,0.0,0,0,0.0,0,0.0,0,0.0,0,0.0,0,0.0,0,0.0
423,200765,Rajon Rondo,1610612740,NOP,64,40,24,1674.0,4426,5,0,3,0.0,0,0,0.0,0,0.0,1,0.2,0,0.0,0,0.0,0,0.0
424,201196,Ramon Sessions,1610612764,WAS,28,10,18,392.0,895,1,0,0,0.0,0,0,0.0,0,0.0,1,1.0,0,0.0,0,0.0,0,0.0
425,1626173,Rashad Vaughn,1610612753,ORL,28,13,15,212.0,217,0,0,0,0.0,0,0,0.0,0,0.0,0,0.0,0,0.0,0,0.0,0,0.0
426,203526,Raul Neto,1610612762,UTA,41,28,13,498.0,1133,0,0,0,0.0,0,0,0.0,0,0.0,0,0.0,0,0.0,0,0.0,0,0.0
427,101109,Raymond Felton,1610612760,OKC,79,48,31,1312.0,2795,1,0,1,0.0,0,0,0.0,0,0.0,0,0.0,0,0.0,0,0.0,0,0.0
428,203493,Reggie Bullock,1610612765,DET,62,32,30,1732.0,1874,1,0,1,0.0,0,0,0.0,0,0.0,0,0.0,0,0.0,0,0.0,0,0.0
429,203687,Reggie Hearn,1610612765,DET,3,3,0,7.0,3,0,0,0,0.0,0,0,0.0,0,0.0,0,0.0,0,0.0,0,0.0,0,0.0
430,202704,Reggie Jackson,1610612765,DET,45,27,18,1201.0,3097,4,1,1,1.0,0,0,0.0,2,0.5,1,0.25,0,0.0,0,0.0,0,0.0
431,2210,Richard Jefferson,1610612743,DEN,20,10,10,163.0,179,0,0,0,0.0,0,0,0.0,0,0.0,0,0.0,0,0.0,0,0.0,0,0.0
432,1626158,Richaun Holmes,1610612755,PHI,47,30,17,729.0,1299,18,4,10,0.4,0,0,0.0,8,0.444,6,0.333,2,0.111,0,0.0,0,0.0
433,201937,Ricky Rubio,1610612762,UTA,77,44,33,2254.0,5946,0,0,0,0.0,0,0,0.0,0,0.0,0,0.0,0,0.0,0,0.0,0,0.0
434,203496,Robert Covington,1610612755,PHI,79,51,28,2501.0,3706,7,0,2,0.0,4,4,1.0,4,0.571,2,0.286,0,0.0,0,0.0,2,0.286
435,201577,Robin Lopez,1610612741,CHI,64,23,41,1690.0,2235,261,52,104,0.5,2,2,1.0,107,0.41,116,0.444,22,0.084,11,0.042,1,0.004
436,203918,Rodney Hood,1610612739,CLE,60,29,31,1616.0,2269,12,4,10,0.4,2,2,1.0,11,0.917,0,0.0,0,0.0,1,0.083,1,0.083
437,203585,Rodney McGruder,1610612748,MIA,18,11,7,299.0,349,0,0,0,0.0,0,0,0.0,0,0.0,0,0.0,0,0.0,0,0.0,0,0.0
438,1628681,Rodney Purvis,1610612753,ORL,16,5,11,290.0,341,0,0,0,0.0,0,0,0.0,0,0.0,0,0.0,0,0.0,0,0.0,0,0.0
439,1627758,Ron Baker,1610612752,NYK,28,11,17,367.0,537,1,0,0,0.0,0,0,0.0,0,0.0,0,0.0,1,1.0,0,0.0,0,0.0
440,1626178,Rondae Hollis-Jefferson,1610612751,BKN,66,25,41,1851.0,3950,275,59,130,0.454,25,30,0.833,147,0.535,80,0.291,17,0.062,15,0.055,16,0.058
441,1626220,Royce O'Neale,1610612762,UTA,69,43,26,1150.0,1527,0,0,0,0.0,0,0,0.0,0,0.0,0,0.0,0,0.0,0,0.0,0,0.0
442,200752,Rudy Gay,1610612759,SAS,57,36,21,1231.0,2286,177,56,105,0.533,10,14,0.714,124,0.701,37,0.209,11,0.062,6,0.034,7,0.04
443,203497,Rudy Gobert,1610612762,UTA,56,37,19,1816.0,3332,35,2,5,0.4,1,2,0.5,5,0.143,22,0.629,2,0.057,4,0.114,1,0.029
444,201566,Russell Westbrook,1610612760,OKC,77,47,30,2804.0,7370,69,16,39,0.41,6,8,0.75,40,0.58,13,0.188,4,0.058,3,0.043,4,0.058
445,201583,Ryan Anderson,1610612745,HOU,65,52,13,1694.0,2011,21,6,11,0.545,2,2,1.0,14,0.667,4,0.19,0,0.0,4,0.19,1,0.048
446,1627853,Ryan Arcidiacono,1610612741,CHI,24,6,18,304.0,588,0,0,0,0.0,0,0,0.0,0,0.0,0,0.0,0,0.0,0,0.0,0,0.0
447,1626257,Salah Mejri,1610612742,DAL,61,21,40,729.0,1058,12,4,8,0.5,2,2,1.0,10,0.833,2,0.167,1,0.083,0,0.0,1,0.083
448,1626155,Sam Dekker,1610612746,LAC,73,36,37,883.0,1345,6,1,1,1.0,0,0,0.0,2,0.333,5,0.833,0,0.0,0,0.0,0,0.0
449,203816,Scotty Hopson,1610612742,DAL,1,0,1,8.0,7,0,0,0,0.0,0,0,0.0,0,0.0,0,0.0,0,0.0,0,0.0,0,0.0
450,203930,Sean Kilpatrick,1610612741,CHI,52,22,30,640.0,933,0,0,0,0.0,0,0,0.0,0,0.0,0,0.0,0,0.0,0,0.0,0,0.0
451,1628400,Semi Ojeleye,1610612738,BOS,70,47,23,1132.0,1421,10,0,1,0.0,0,0,0.0,0,0.0,7,0.7,0,0.0,2,0.2,0,0.0
452,201586,Serge Ibaka,1610612761,TOR,76,53,23,2093.0,3196,81,32,53,0.604,5,6,0.833,72,0.889,12,0.148,4,0.049,3,0.037,3,0.037
453,203498,Shabazz Muhammad,1610612749,MIL,43,25,18,418.0,457,47,13,27,0.481,3,5,0.6,31,0.66,12,0.255,3,0.064,0,0.0,3,0.064
454,203894,Shabazz Napier,1610612757,POR,74,46,28,1536.0,2668,2,0,0,0.0,0,0,0.0,0,0.0,1,0.5,1,0.5,0,0.0,0,0.0
455,203499,Shane Larkin,1610612738,BOS,51,36,15,743.0,1395,0,0,0,0.0,0,0,0.0,0,0.0,0,0.0,0,0.0,0,0.0,0,0.0
456,1627885,Shaquille Harrison,1610612756,PHX,23,3,20,384.0,769,0,0,0,0.0,0,0,0.0,0,0.0,0,0.0,0,0.0,0,0.0,0,0.0
457,2733,Shaun Livingston,1610612744,GSW,70,48,22,1115.0,2298,85,24,53,0.453,1,2,0.5,49,0.576,16,0.188,7,0.082,5,0.059,1,0.012
458,202714,Shelvin Mack,1610612753,ORL,69,21,48,1365.0,3010,5,0,1,0.0,0,0,0.0,0,0.0,3,0.6,0,0.0,1,0.2,0,0.0
459,1628414,Sindarius Thornwell,1610612746,LAC,73,36,37,1156.0,1288,2,0,0,0.0,0,0,0.0,0,0.0,1,0.5,0,0.0,1,0.5,0,0.0
460,1627746,Skal Labissiere,1610612758,SAC,60,19,41,1240.0,2031,228,37,109,0.339,18,26,0.692,93,0.408,53,0.232,14,0.061,22,0.096,13,0.057
461,203524,Solomon Hill,1610612740,NOP,12,8,4,187.0,247,1,0,0,0.0,0,0,0.0,0,0.0,1,1.0,0,0.0,0,0.0,0,0.0
462,203915,Spencer Dinwiddie,1610612751,BKN,78,27,51,2255.0,5516,3,0,0,0.0,6,6,1.0,6,2.0,0,0.0,1,0.333,0,0.0,2,0.667
463,1626169,Stanley Johnson,1610612765,DET,69,33,36,1894.0,1961,25,3,8,0.375,4,4,1.0,10,0.4,8,0.32,3,0.12,3,0.12,2,0.08
464,201939,Stephen Curry,1610612744,GSW,50,40,10,1596.0,3844,9,2,5,0.4,2,2,1.0,6,0.667,3,0.333,0,0.0,0,0.0,1,0.111
465,1628425,Sterling Brown,1610612749,MIL,54,26,28,776.0,865,0,0,0,0.0,0,0,0.0,0,0.0,0,0.0,0,0.0,0,0.0,0,0.0
466,203500,Steven Adams,1610612760,OKC,74,43,31,2431.0,2964,148,46,78,0.59,6,10,0.6,101,0.682,36,0.243,8,0.054,11,0.074,5,0.034
467,204456,T.J. McConnell,1610612755,PHI,75,50,25,1680.0,3993,4,0,1,0.0,0,0,0.0,0,0.0,3,0.75,0,0.0,0,0.0,0,0.0
468,203933,T.J. Warren,1610612756,PHX,65,18,47,2142.0,2931,118,36,70,0.514,5,9,0.556,81,0.686,28,0.237,3,0.025,6,0.051,5,0.042
469,1628388,TJ Leaf,1610612754,IND,53,31,22,459.0,621,8,2,7,0.286,0,0,0.0,4,0.5,1,0.125,0,0.0,0,0.0,0,0.0
470,201959,Taj Gibson,1610612750,MIN,82,47,35,2726.0,4082,218,64,106,0.604,7,10,0.7,137,0.628,58,0.266,11,0.05,26,0.119,5,0.023
471,204028,Tarik Black,1610612745,HOU,51,40,11,537.0,949,12,1,2,0.5,1,2,0.5,3,0.25,5,0.417,1,0.083,2,0.167,1,0.083
472,1627752,Taurean Prince,1610612737,ATL,81,24,57,2431.0,3891,5,1,2,0.5,0,0,0.0,2,0.4,2,0.4,0,0.0,0,0.0,0,0.0
473,1628390,Terrance Ferguson,1610612760,OKC,59,37,22,742.0,481,0,0,0,0.0,0,0,0.0,0,0.0,0,0.0,0,0.0,0,0.0,0,0.0
474,203082,Terrence Ross,1610612753,ORL,24,10,14,600.0,716,3,0,0,0.0,0,0,0.0,0,0.0,3,1.0,0,0.0,0,0.0,0,0.0
475,1626179,Terry Rozier,1610612738,BOS,77,51,26,2001.0,4480,1,0,0,0.0,2,2,1.0,2,2.0,0,0.0,0,0.0,0,0.0,1,1.0
476,200757,Thabo Sefolosha,1610612762,UTA,38,16,22,806.0,1300,5,0,0,0.0,0,0,0.0,0,0.0,5,1.0,0,0.0,0,0.0,0,0.0
477,201152,Thaddeus Young,1610612754,IND,81,48,33,2607.0,3944,273,67,139,0.482,6,10,0.6,138,0.505,82,0.3,12,0.044,16,0.059,5,0.018
478,1628418,Thomas Bryant,1610612747,LAL,15,7,8,72.0,102,5,0,1,0.0,0,0,0.0,0,0.0,3,0.6,1,0.2,0,0.0,0,0.0
479,1627748,Thon Maker,1610612749,MIL,73,40,33,1224.0,1644,12,2,5,0.4,0,0,0.0,4,0.333,3,0.25,1,0.083,2,0.167,0,0.0
480,204025,Tim Frazier,1610612764,WAS,59,31,28,838.0,1928,0,0,0,0.0,0,0,0.0,0,0.0,0,0.0,0,0.0,0,0.0,0,0.0
481,203501,Tim Hardaway Jr.,1610612752,NYK,57,19,38,1885.0,3072,2,0,0,0.0,0,0,0.0,0,0.0,2,1.0,0,0.0,0,0.0,0,0.0
482,1627817,Tim Quarterman,1610612745,HOU,3,2,1,13.0,26,0,0,0,0.0,0,0,0.0,0,0.0,0,0.0,0,0.0,0,0.0,0,0.0
483,202389,Timofey Mozgov,1610612751,BKN,29,11,18,346.0,535,36,7,9,0.778,0,0,0.0,14,0.389,11,0.306,4,0.111,9,0.25,0,0.0
484,1627789,Timothe Luwawu-Cabarrot,1610612755,PHI,51,29,22,795.0,1031,1,0,0,0.0,0,0,0.0,0,0.0,0,0.0,0,0.0,0,0.0,0,0.0
485,202699,Tobias Harris,1610612746,LAC,80,39,41,2668.0,5613,137,41,82,0.5,18,24,0.75,103,0.752,32,0.234,3,0.022,7,0.051,12,0.088
486,203107,Tomas Satoransky,1610612764,WAS,73,39,34,1643.0,3511,13,4,5,0.8,2,2,1.0,10,0.769,6,0.462,1,0.077,0,0.0,1,0.077
487,2754,Tony Allen,1610612740,NOP,20,11,9,247.0,283,4,1,2,0.5,0,0,0.0,2,0.5,1,0.25,1,0.25,0,0.0,0,0.0
488,1628396,Tony Bradley,1610612762,UTA,9,6,3,29.0,39,2,0,1,0.0,0,0,0.0,0,0.0,1,0.5,0,0.0,0,0.0,0,0.0
489,2225,Tony Parker,1610612759,SAS,55,32,23,1071.0,2542,0,0,0,0.0,0,0,0.0,0,0.0,0,0.0,0,0.0,0,0.0,0,0.0
490,203503,Tony Snell,1610612749,MIL,74,42,32,2028.0,1900,1,0,0,0.0,0,0,0.0,0,0.0,1,1.0,0,0.0,0,0.0,0,0.0
491,1628470,Torrey Craig,1610612743,DEN,39,22,17,629.0,658,3,0,0,0.0,0,0,0.0,0,0.0,2,0.667,0,0.0,0,0.0,0,0.0
492,204037,Travis Wear,1610612747,LAL,17,7,10,228.0,331,5,2,5,0.4,0,0,0.0,4,0.8,0,0.0,0,0.0,0,0.0,0,0.0
493,1626203,Treveon Graham,1610612766,CHA,63,28,35,1050.0,1226,8,0,3,0.0,0,0,0.0,0,0.0,3,0.375,1,0.125,1,0.125,0,0.0
494,2772,Trevor Ariza,1610612745,HOU,66,51,15,2229.0,2498,7,1,3,0.333,0,0,0.0,2,0.286,3,0.429,0,0.0,1,0.143,0,0.0
495,202344,Trevor Booker,1610612754,IND,67,36,31,1148.0,2277,123,23,48,0.479,2,7,0.286,48,0.39,54,0.439,8,0.065,5,0.041,4,0.033
496,203504,Trey Burke,1610612752,NYK,36,10,26,785.0,2014,3,1,1,1.0,0,0,0.0,2,0.667,1,0.333,1,0.333,0,0.0,0,0.0
497,1626168,Trey Lyles,1610612743,DEN,73,41,32,1391.0,2592,133,28,54,0.519,15,20,0.75,72,0.541,39,0.293,10,0.075,8,0.06,11,0.083
498,203590,Trey McKinney-Jones,1610612754,IND,1,1,0,1.0,1,0,0,0,0.0,0,0,0.0,0,0.0,0,0.0,0,0.0,0,0.0,0,0.0
499,202684,Tristan Thompson,1610612739,CLE,53,27,26,1072.0,1496,26,4,7,0.571,1,2,0.5,10,0.385,13,0.5,1,0.038,1,0.038,1,0.038
500,203584,Troy Daniels,1610612756,PHX,79,20,59,1622.0,1929,2,1,1,1.0,0,0,0.0,2,1.0,1,0.5,0,0.0,0,0.0,0,0.0
501,1627786,Troy Williams,1610612752,NYK,21,7,14,307.0,404,0,0,0,0.0,0,0,0.0,0,0.0,0,0.0,0,0.0,0,0.0,0,0.0
502,1628463,Tyler Cavanaugh,1610612737,ATL,38,11,27,504.0,843,2,0,0,0.0,0,0,0.0,0,0.0,2,1.0,0,0.0,0,0.0,0,0.0
503,1628416,Tyler Dorsey,1610612737,ATL,56,15,41,974.0,1498,0,0,0,0.0,0,0,0.0,0,0.0,0,0.0,0,0.0,0,0.0,0,0.0
504,203898,Tyler Ennis,1610612747,LAL,54,22,32,683.0,1526,0,0,0,0.0,0,0,0.0,0,0.0,0,0.0,0,0.0,0,0.0,0,0.0
505,204020,Tyler Johnson,1610612748,MIA,71,38,33,2025.0,2988,2,0,0,0.0,0,0,0.0,0,0.0,2,1.0,0,0.0,0,0.0,0,0.0
506,1628399,Tyler Lydon,1610612743,DEN,1,1,0,2.0,4,0,0,0,0.0,0,0,0.0,0,0.0,0,0.0,0,0.0,0,0.0,0,0.0
507,1627755,Tyler Ulis,1610612756,PHX,71,20,51,1658.0,3847,1,0,0,0.0,0,0,0.0,0,0.0,1,1.0,0,0.0,0,0.0,0,0.0
508,203092,Tyler Zeller,1610612749,MIL,64,26,38,1066.0,1412,27,5,14,0.357,3,4,0.75,14,0.519,7,0.259,1,0.037,1,0.037,2,0.074
509,201936,Tyreke Evans,1610612763,MEM,51,18,33,1584.0,3752,20,5,8,0.625,0,0,0.0,10,0.5,8,0.4,2,0.1,0,0.0,0,0.0
510,1627820,Tyrone Wallace,1610612746,LAC,30,17,13,851.0,1325,9,2,3,0.667,2,2,1.0,6,0.667,2,0.222,0,0.0,2,0.222,1,0.111
511,2199,Tyson Chandler,1610612756,PHX,46,15,31,1151.0,1561,22,1,2,0.5,0,0,0.0,2,0.091,14,0.636,4,0.182,2,0.091,0,0.0
512,1626145,Tyus Jones,1610612750,MIN,82,47,35,1467.0,3142,0,0,0,0.0,0,0,0.0,0,0.0,0,0.0,0,0.0,0,0.0,0,0.0
513,2617,Udonis Haslem,1610612748,MIA,14,9,5,72.0,71,8,1,2,0.5,0,0,0.0,2,0.25,4,0.5,1,0.125,0,0.0,0,0.0
514,203505,Vander Blue,1610612747,LAL,5,1,4,45.0,28,0,0,0,0.0,0,0,0.0,0,0.0,0,0.0,0,0.0,0,0.0,0,0.0
515,203506,Victor Oladipo,1610612754,IND,75,48,27,2552.0,4826,1,0,0,0.0,0,0,0.0,0,0.0,0,0.0,0,0.0,0,0.0,1,1.0
516,1713,Vince Carter,1610612758,SAC,58,20,38,1026.0,1643,75,12,26,0.462,1,2,0.5,25,0.333,40,0.533,3,0.04,2,0.027,1,0.013
517,1626205,Vincent Hunter,1610612763,MEM,4,0,4,7.0,11,2,1,2,0.5,0,0,0.0,2,1.0,0,0.0,0,0.0,0,0.0,0,0.0
518,1627735,Wade Baldwin IV,1610612757,POR,7,4,3,80.0,128,0,0,0,0.0,0,0,0.0,0,0.0,0,0.0,0,0.0,0,0.0,0,0.0
519,1627215,Walter Lemon Jr.,1610612740,NOP,5,4,1,35.0,63,0,0,0,0.0,0,0,0.0,0,0.0,0,0.0,0,0.0,0,0.0,0,0.0
520,201961,Wayne Ellington,1610612748,MIA,76,41,35,2018.0,2271,1,1,1,1.0,0,0,0.0,3,3.0,0,0.0,0,0.0,0,0.0,0,0.0
521,1627782,Wayne Selden,1610612763,MEM,35,10,25,691.0,1017,0,0,0,0.0,0,0,0.0,0,0.0,0,0.0,0,0.0,0,0.0,0,0.0
522,1628411,Wes Iwundu,1610612753,ORL,62,18,44,1020.0,1134,2,0,1,0.0,0,0,0.0,0,0.0,1,0.5,0,0.0,0,0.0,0,0.0
523,202325,Wesley Johnson,1610612746,LAC,74,38,36,1486.0,1541,4,1,1,1.0,0,0,0.0,2,0.5,2,0.5,0,0.0,1,0.25,0,0.0
524,202083,Wesley Matthews,1610612742,DAL,63,20,43,2131.0,2946,156,20,46,0.435,14,18,0.778,54,0.346,69,0.442,18,0.115,6,0.038,9,0.058
525,203115,Will Barton,1610612743,DEN,81,46,35,2683.0,4737,6,0,1,0.0,0,0,0.0,0,0.0,2,0.333,2,0.333,1,0.167,0,0.0
526,1626161,Willie Cauley-Stein,1610612758,SAC,73,23,50,2044.0,4000,282,56,133,0.421,25,40,0.625,138,0.489,63,0.223,35,0.124,19,0.067,20,0.071
527,203186,Willie Reed,1610612765,DET,42,20,22,428.0,524,43,9,20,0.45,0,2,0.0,19,0.442,12,0.279,3,0.07,5,0.116,1,0.023
528,1626195,Willy Hernangomez,1610612766,CHA,48,20,28,494.0,890,69,10,27,0.37,7,14,0.5,28,0.406,20,0.29,4,0.058,6,0.087,7,0.101
529,201163,Wilson Chandler,1610612743,DEN,74,41,33,2346.0,2842,104,19,47,0.404,3,6,0.5,43,0.413,32,0.308,9,0.087,4,0.038,3,0.029
530,204098,Xavier Munford,1610612749,MIL,6,2,4,21.0,44,0,0,0,0.0,0,0,0.0,0,0.0,0,0.0,0,0.0,0,0.0,0,0.0
531,1628504,Xavier Rathan-Mayes,1610612763,MEM,5,0,5,118.0,274,0,0,0,0.0,0,0,0.0,0,0.0,0,0.0,0,0.0,0,0.0,0,0.0
532,202918,Xavier Silas,1610612738,BOS,2,1,1,8.0,9,0,0,0,0.0,0,0,0.0,0,0.0,0,0.0,0,0.0,0,0.0,0,0.0
533,1627812,Yogi Ferrell,1610612742,DAL,82,24,58,2282.0,3748,0,0,0,0.0,0,0,0.0,0,0.0,0,0.0,0,0.0,0,0.0,0,0.0
534,1628380,Zach Collins,1610612757,POR,66,41,25,1045.0,1256,93,14,42,0.333,2,6,0.333,30,0.323,23,0.247,11,0.118,8,0.086,4,0.043
535,203897,Zach LaVine,1610612741,CHI,24,9,15,656.0,1107,4,1,2,0.5,0,0,0.0,2,0.5,2,0.5,0,0.0,0,0.0,0,0.0
536,2216,Zach Randolph,1610612758,SAC,59,18,41,1508.0,3027,501,118,248,0.476,24,36,0.667,265,0.529,136,0.271,48,0.096,33,0.066,19,0.038
537,2585,Zaza Pachulia,1610612744,GSW,68,46,22,951.0,1758,83,7,18,0.389,6,8,0.75,21,0.253,38,0.458,14,0.169,7,0.084,4,0.048
538,1627753,Zhou Qi,1610612745,HOU,18,14,4,124.0,148,3,0,1,0.0,0,0,0.0,0,0.0,0,0.0,0,0.0,1,0.333,0,0.0
